t_s,thrust_N,current_A,temp_C,injected_anomaly
0,0.04024377366380354,1.7704617450743703,45.30955899250688,False
60,0.039168012715007604,1.7973221233743752,45.03912814528825,False
120,0.04060036095664517,1.8727554550471321,44.909347849645584,False
180,0.04075245177311297,1.8972534924371918,45.17574192396386,False
240,0.038439171849076935,1.8241996758098422,44.788339744141545,False
300,0.03895825639451014,1.779663884956732,45.13728040401955,False
360,0.04010227232253383,1.93460789879848,45.115488389232226,False
420,0.03974700592612514,1.776912058008206,45.31707559145393,False
480,0.03998655907399657,1.7691586606245742,44.70826875649074,False
540,0.039317564857941134,1.7041530755927488,45.37513506607038,False
600,0.040703518379890266,1.8753889447392162,44.56914079756042,False
660,0.040622233548343156,1.8522852619880499,44.73824287262862,False
720,0.040052824558048976,1.9305614989502882,44.76229332326994,False
780,0.040901792965574425,1.7249657389802213,44.49295962105953,False
840,0.04037400747380164,1.8787412236038719,45.53904630334278,False
900,0.03931256602969341,1.803787317991771,44.54891857795861,False
960,0.040295000627266,1.8435294117072074,44.686216301753745,False
1020,0.0392328939193368,1.7110200343803585,45.665607980103964,False
1080,0.04070276024104582,1.8792764184239261,44.75484242833739,False
1140,0.039960059271211,1.842471904571919,44.94829209109873,False
1200,0.03985211010916379,1.7978988581215443,44.53857858761308,False
1260,0.039455256364476846,1.8348360851337007,45.46329834628626,False
1320,0.040978033070939224,1.7586632537437186,45.47242051897402,False
1380,0.03987637641434496,1.7687102353785882,45.42075500334377,False
1440,0.03965733774226952,1.7749739908642286,45.32227661978259,False
1500,0.03971829315960942,1.699952695468725,45.09253591559892,False
1560,0.04042584734844268,1.846534958686982,44.79578268102376,False
1620,0.04029235525149126,1.8643460551658586,44.652716015563314,False
1680,0.04033018608927679,1.7621274159127527,45.70738308668072,False
1740,0.04034465680240631,1.8188029628610203,45.44706211356675,False
1800,0.04171331808069637,1.7856608143700212,44.720237518506806,False
1860,0.03967486798689231,1.8177267939523758,45.08903517062216,False
1920,0.039590205816742774,1.7661108289746044,44.92129139442165,False
1980,0.0393489818174017,1.7522950415712677,44.50947324246485,False
2040,0.0404927835380604,1.8568120438452822,45.16463393803194,False
2100,0.04090317783417671,1.7965509884032775,44.870291572005264,False
2160,0.0399088420338761,1.9091938833460878,44.60399922538058,False
2220,0.039327874818429975,1.8025007380988836,44.34293093586112,False
2280,0.03934041502744701,1.7499917858210734,44.30282511723273,False
2340,0.04052047423025976,1.8662548073275407,44.901243457891816,False
2400,0.040594603336962756,1.834063208863885,45.04663869093024,False
2460,0.04043452341464416,1.839251134639607,44.65376542546511,False
2520,0.03946759223416905,1.8642924366588676,45.419015198778446,False
2580,0.04018572905845338,1.7647490001323272,45.06310186846192,False
2640,0.040093348647312586,1.7931283213147946,45.386547449056295,False
2700,0.04017495087738321,1.7907417090996591,45.008879053066686,False
2760,0.04069714302235855,1.7302996870065566,44.70900528496055,False
2820,0.040178876439019746,1.7857661318914548,45.16185254253698,False
2880,0.040543130850457514,1.8721644907253485,44.47568615536208,False
2940,0.04005406325559111,1.8128162576048679,45.37897232609313,False
3000,0.040231295518951986,1.7273126882963707,44.6429081169218,False
3060,0.040505030580670835,1.7159846717700935,45.57282863784866,False
3120,0.03883427534411547,1.8898979071724067,44.94671415586455,False
3180,0.03974426302691416,1.795122773446223,45.64943844154403,False
3240,0.03962370187656576,1.7650398488921126,44.55908974349848,False
3300,0.039488897721405326,1.785204444695562,44.7837461418318,False
3360,0.039779886199018656,1.7202253812668642,45.31532812002406,False
3420,0.041195953048987516,1.8768471380736276,45.71233884771672,False
3480,0.039307335107445406,1.7787751413703545,45.96262440956438,False
3540,0.040774622683673184,1.873839682497875,45.152232691650916,False
3600,0.03865370418270736,1.8027891925801551,46.05265207960743,False
3660,0.03973209197601138,1.8771947266266957,44.9911766437049,False
3720,0.040130202452084006,1.8138615029483267,45.68762238420267,False
3780,0.04046897786508742,1.84607456379493,44.66937772894509,False
3840,0.040568981263834285,1.8388310244887702,45.352798135259945,False
3900,0.04063467778815994,1.8336577175776065,43.97408101580366,False
3960,0.03972101994220125,1.8187884617678665,44.58636168480889,False
4020,0.039630118565868344,1.7874260613297586,45.3827252440794,False
4080,0.04068638070500572,1.9034334733449345,44.495397073342325,False
4140,0.03984695654009471,1.7510254028048213,45.36732095924074,False
4200,0.038979450941329666,1.8002326126865307,45.609304868655904,False
4260,0.03909337022879722,1.8008038372612103,44.90764536629415,False
4320,0.039264438171198714,1.8217318006805503,44.67605863921976,False
4380,0.040397728595243015,1.776808477121697,44.92567146353306,False
4440,0.04011394058885645,1.8169963005018377,44.6820882662719,False
4500,0.04055238828325421,1.7908825003990398,45.1166173012596,False
4560,0.039658197882930776,1.7145745640583534,45.22049904711516,False
4620,0.04012683175286137,1.8005158234578698,45.01867832752629,False
4680,0.04050047231517387,1.7405694720163718,46.01109266357167,False
4740,0.03975252276822381,1.7063431688277595,44.81644078803834,False
4800,0.04036542019004593,1.807391159317227,45.87408894191305,False
4860,0.03947045924714668,1.8263457004690566,44.65998238853291,False
4920,0.03970955692274794,1.8284416942736472,45.219220446063304,False
4980,0.03969460968480134,1.8306272181790635,45.776614019770136,False
5040,0.03904332828352877,1.695640192869207,45.75296954602632,False
5100,0.040389577984628465,1.7265050858929967,44.979391675453115,False
5160,0.03962447812783782,1.9065701575879384,45.46928513874247,False
5220,0.04000999529498215,1.7434507269558401,45.404569474942484,False
5280,0.04038459732712473,1.8329854156813812,44.92623999821756,False
5340,0.04035722494082396,1.7629053684300444,45.50641421049154,False
5400,0.04053230808717823,1.8043023279204484,46.131914982347254,False
5460,0.03992121161239246,1.7658042730772259,45.438748883255954,False
5520,0.03966136135036468,1.8303232223494608,45.48830639466354,False
5580,0.03993622543127488,1.8073858023351017,45.54343534863213,False
5640,0.03865013245283358,1.7757923522232115,44.47909921025777,False
5700,0.03884231002206153,1.7432907055372417,45.44192950494205,False
5760,0.03894184031011648,1.8144598066645956,44.70566703532321,False
5820,0.03920220253791881,1.7345131848517001,44.92133300679714,False
5880,0.04031981938137875,1.8230839762745252,46.29947702214386,False
5940,0.03927561675571195,1.9418301850879927,45.09410498112377,False
6000,0.03969746995676849,1.8729091827681488,44.85287838820963,False
6060,0.04103938263822885,1.838790785892285,45.801486384211,False
6120,0.03971498882315086,1.7953772059219781,44.75358624774269,False
6180,0.04059001245477367,1.6953073581418097,45.005944831472604,False
6240,0.0392531058559921,1.72859653462139,45.8564101419641,False
6300,0.0398356499537059,1.8692708142295467,45.25549749502856,False
6360,0.03923998235607153,1.757353171673262,44.455544844214884,False
6420,0.039728773539279554,1.7622403866991416,45.51056782834302,False
6480,0.04067224650996592,1.791054874313063,45.04256973456203,False
6540,0.03861814366144612,1.742649502022286,46.01295807325397,False
6600,0.04034753891483669,1.7337544883342118,44.94216851057536,False
6660,0.04019018848186582,1.7972744000698033,45.773104625658945,False
6720,0.039524680035442565,1.7518574094477102,46.13757030938241,False
6780,0.038843153716489234,1.7599849966919396,44.826479335697336,False
6840,0.0400577036061711,1.7578156845880617,45.157574091627595,False
6900,0.03957640583274896,1.8282074515470614,45.45072289348248,False
6960,0.04018614096908377,1.7874652127132507,44.829967034536736,False
7020,0.04001748171641876,1.790357113733732,45.39601703857131,False
7080,0.041281423113056735,1.8322350784546797,45.150639075867964,False
7140,0.03980851549802158,1.7923298611554213,45.14279508822784,False
7200,0.039181202005902506,1.7849742965033126,45.29202772478215,False
7260,0.04014342050796505,1.8254043192007892,45.30542054062094,False
7320,0.04017599734717741,1.836082683552112,45.35395822177325,False
7380,0.04108735006019235,1.7920580310265355,44.9748343189104,False
7440,0.04066808899673166,1.8043528198835082,44.998891283867486,False
7500,0.04028549684731961,1.7577833275944004,45.21941300603352,False
7560,0.04117064231297565,1.7535231156691156,45.2585576342316,False
7620,0.03904898955654172,1.8415339651062077,45.06374143927976,False
7680,0.0394881987738002,1.8240268713774097,45.44736558469964,False
7740,0.03925873924687558,1.8245861156744951,44.380244543722604,False
7800,0.039688152157475384,1.8151661348311783,44.92462194300929,False
7860,0.038898651081954956,1.8024949768940075,45.15212081376591,False
7920,0.04050812075745153,1.8376062421044297,44.866256787755596,False
7980,0.03982222184232098,1.8504958730952303,46.11114304307892,False
8040,0.03882335496439787,1.849206312280295,45.30820461344051,False
8100,0.039187536735033966,1.7945579925389168,45.38938818359456,False
8160,0.04025081107796016,1.8748976074150774,45.06161764490244,False
8220,0.040670501254315504,1.8123368768135455,45.29757319310226,False
8280,0.04159738471335343,1.834148314398553,44.70006557554094,False
8340,0.042331089972805866,1.8152327461050835,45.225013444048344,False
8400,0.040331527546620796,1.8133383622041455,44.84364740220156,False
8460,0.03920836950397451,1.7602693925264827,45.175679478524934,False
8520,0.038294362975414956,1.8378729452706206,44.03665264215533,False
8580,0.040214169169875066,1.9536458973250126,44.75483897548838,False
8640,0.03934964712375174,1.7797610659613357,46.05303343637088,False
8700,0.03966771419185625,1.8038337146329473,45.73849876307106,False
8760,0.039510322560752154,1.7759049157252478,45.985049210878465,False
8820,0.03988736729086689,1.7736469253156555,46.02161983215987,False
8880,0.04085278418463011,1.8834002718184084,45.66648256381022,False
8940,0.04012563885395628,1.763659565042717,45.10578416344198,False
9000,0.03987309213036905,1.7743996544382166,44.8158226874023,False
9060,0.03917147699773935,1.7142753875185097,45.91005011766353,False
9120,0.03866025364423652,1.7590889668747187,45.371191456535946,False
9180,0.03961095367274134,1.7077464057805192,46.58814853193677,False
9240,0.039956973959345346,1.8341174537574443,45.16081779014401,False
9300,0.041414343930863906,1.9511836499792148,46.33204435994319,False
9360,0.04010421961717831,1.780199345142872,45.26943019160865,False
9420,0.040786191608818446,1.7099950716185273,46.018080039989435,False
9480,0.039600563521168676,1.8485999818792056,46.200631264379886,False
9540,0.03905204498686638,1.7607460522177716,44.84304008607687,False
9600,0.03922790659021411,1.8701647342498913,45.11424566542536,False
9660,0.0394198191483714,1.784770431419343,44.842484746125095,False
9720,0.04170277578594813,1.76588195278953,44.746231769248816,False
9780,0.03934289065662049,1.790390291989733,45.696967093043966,False
9840,0.040670791362989074,1.8409199450905542,45.267349137060556,False
9900,0.03927765825753038,1.7877192859391946,45.3940761381837,False
9960,0.0407452584102994,1.77317686604914,45.64824219847884,False
10020,0.04030796077288469,1.789263093439141,44.44365886853831,False
10080,0.03987468968187353,1.7313198200369522,46.01796494177786,False
10140,0.039967389979091654,1.821439706523875,45.20226451253294,False
10200,0.03947616984365649,1.703516763932375,45.64524190172539,False
10260,0.040356857761185666,1.7760174414642622,45.691627322624306,False
10320,0.03963601321572738,1.8410068012768601,46.068898837795516,False
10380,0.0390195153889862,1.8163646072783668,45.333301517925655,False
10440,0.038977649940544305,1.8318773109412652,44.32614113669927,False
10500,0.0401380703341777,1.7964875336731843,45.418753327351084,False
10560,0.041263273005128345,1.8631662937732179,45.492772604108666,False
10620,0.040127993290858754,1.849933756625569,44.87751839986138,False
10680,0.0399050893391121,1.8240916142293744,45.470623811051475,False
10740,0.040228660911682035,1.8500874719749314,45.21859892087543,False
10800,0.041044801393365464,1.8405228719377933,44.72996081800088,False
10860,0.040175506001091085,1.776268970279268,45.73930989455035,False
10920,0.03967125821533301,1.727429458768668,45.123934526000376,False
10980,0.04088503096804791,1.8226995547955018,45.20483714848431,False
11040,0.040343005150769294,1.8294888184648972,45.17896698661286,False
11100,0.041228604793596794,1.8588854875214826,46.030225363392056,False
11160,0.040146587549777527,1.7494386511475541,45.394257638176846,False
11220,0.0390204247746236,1.7510527227990331,45.456495283740026,False
11280,0.03890547264060347,1.8248346143806196,45.19885695067748,False
11340,0.041320742345785,1.7961569826019335,45.652838093401705,False
11400,0.041378932576626636,1.698168873029159,46.09829336090315,False
11460,0.03985638462937392,1.8202558408427263,45.74979439982464,False
11520,0.03969345014309121,1.6999691625905964,45.77152712615238,False
11580,0.041169155433793764,1.7489561461988377,45.73343840283069,False
11640,0.03911436345436521,1.872990794134446,44.7424316326365,False
11700,0.03928421838483534,1.8985434669615842,44.996723192846076,False
11760,0.040514661435751234,1.7343545561025142,45.33451856629966,False
11820,0.03968431590171233,1.7822128569797147,45.07630989625617,False
11880,0.039995902506623944,1.8023016162462502,44.90920305952836,False
11940,0.03986924568118039,1.8961862540894048,44.50761335587463,False
12000,0.040270059639039145,1.7733850768174824,44.77266627414642,False
12060,0.04112598548905098,1.774248262756203,45.319897756445755,False
12120,0.040072467925521396,1.8836311801569945,45.41567700611118,False
12180,0.040515151034621485,1.7797613857532142,45.0560929558589,False
12240,0.03835986231917518,1.8389988922841887,45.494312104669376,False
12300,0.03996102527845591,1.720234279883929,45.24016233227714,False
12360,0.0393254157837657,1.7907534318190144,46.00459560082182,False
12420,0.039024949551661095,1.7103817707303741,45.38072557952604,False
12480,0.039297478106457,1.743006575828392,45.81193355664289,False
12540,0.03973270124743935,1.8453168731782223,45.56760465149294,False
12600,0.04073272203388481,1.7973051088813177,44.76719190512714,False
12660,0.03893888582580835,1.7827682900101394,45.42512799128414,False
12720,0.040024505194075535,1.7595675203050305,44.85487468389196,False
12780,0.03961266445333314,1.7880845720449707,45.420855968851406,False
12840,0.039737861524510434,1.8162601110234375,45.10458063374809,False
12900,0.04080220626024368,1.8530774751489352,45.670357213509405,False
12960,0.040430492349603143,1.6582420790587726,44.81042818243747,False
13020,0.0410699184859542,1.7550848965898083,45.49118591821385,False
13080,0.03987639545660008,1.8085911970782063,45.7722724512593,False
13140,0.039443245910663435,1.7946613917380365,45.94209209903577,False
13200,0.039820912946495604,1.8217823170964431,45.10844008984272,False
13260,0.04019399743301698,1.814447175450834,45.501629109292,False
13320,0.04014125868676297,1.783537135398356,45.58705676404776,False
13380,0.03913248954221331,1.7715499274166926,46.270776071766925,False
13440,0.0400723918253023,1.786742919554283,44.758777556024036,False
13500,0.04018258266411112,1.862032086890428,45.046120968267154,False
13560,0.042013979230027136,1.7604715716230914,46.90613314157428,False
13620,0.04150147568902534,1.7966084369502264,45.36958290763182,False
13680,0.039317405319552946,1.8099004795559148,44.56286429906174,False
13740,0.03977009331076066,1.8842589502132208,45.21931578674286,False
13800,0.0388292463985304,1.783783354055239,44.12838390208833,False
13860,0.03952743438882921,1.851775559424592,45.63551052345216,False
13920,0.04025248400287227,1.8665268877763113,45.922172201766756,False
13980,0.04096468289671059,1.796557269690505,45.06367828794684,False
14040,0.03941673292980511,1.7886211751298549,45.28637716930903,False
14100,0.03947668284794576,1.7822311017093964,45.98579586252281,False
14160,0.038282168776209075,1.7861855507509006,44.651090706818884,False
14220,0.03986986726356408,1.846128952471149,44.867642487545716,False
14280,0.03915006847051235,1.8124745387717978,45.41660015719123,False
14340,0.03957644845810714,1.812705644295173,45.15671998371921,False
14400,0.03929851137746593,1.739237930439489,45.38818360811939,False
14460,0.03992458995659796,1.7477555358217374,44.905471551556495,False
14520,0.038593817286914696,1.915746128537957,45.646733108624076,False
14580,0.03882636380368721,1.7903974108344107,45.46718947747689,False
14640,0.04170339768962264,1.7581623122387686,45.81863092158697,False
14700,0.038970061934980774,1.877279354941822,45.646465079114165,False
14760,0.03912257153723629,1.815217661628912,45.65184001952561,False
14820,0.04146953082265705,1.8312203655106842,44.8275709604161,False
14880,0.042324053735392324,1.7925454579347972,45.79925006790717,False
14940,0.03906274669693973,1.7827916531088526,45.38975074558607,False
15000,0.039705400834569575,1.7908423358851464,45.47411444706705,False
15060,0.040273244440752407,1.7253321388038743,46.08377544349083,False
15120,0.041382958115524476,1.7952519198913255,45.20215513144055,False
15180,0.03921051433725741,1.8159857861603015,46.23969472833206,False
15240,0.039803777723246316,1.8999250146275628,46.28856986819268,False
15300,0.0406218700608494,1.8046439495102817,45.94495409159188,False
15360,0.0403478128595733,1.6739544397206436,45.08048112192956,False
15420,0.03969907514301592,1.7949247866296305,44.47987455890337,False
15480,0.03989294162838717,1.9479332231878486,46.114668293250375,False
15540,0.03890008335330401,1.8467837766891921,45.633173021189506,False
15600,0.03980946100482027,1.7562119970343362,45.207111409516806,False
15660,0.039786890007992834,1.83191975177925,46.168720971208906,False
15720,0.04018573591170101,1.7599312750559541,45.15339001329577,False
15780,0.039555738224944785,1.7268943939444696,45.37432147902277,False
15840,0.04037723081803611,1.7811880543853602,45.8510739447003,False
15900,0.040810172654255863,1.8049424277188986,45.03405700113793,False
15960,0.040124343462134775,1.6989036028685967,45.53834761654541,False
16020,0.04028140512671936,1.7379453983109137,46.13988631770919,False
16080,0.04004252427806229,1.8005581204118473,45.70310275196664,False
16140,0.04000006751447313,1.7779586484965966,46.22349020297148,False
16200,0.03942275357316572,1.821319808641889,46.16880786796621,False
16260,0.040253195409338645,1.7344079103253378,45.60810551057759,False
16320,0.03992217072126921,1.8385621424218783,44.438095309591645,False
16380,0.041674534647144476,1.7360770087587496,45.05580950456626,False
16440,0.0412586839219802,1.888707652304632,45.99259236276972,False
16500,0.040308677242045204,1.707349052643571,44.8380292508384,False
16560,0.03938955423224419,1.7410020693992958,45.45203832109114,False
16620,0.039110070822413266,1.8225380233637187,45.7868545766327,False
16680,0.040952914362471095,1.8898685955808725,46.3546292720725,False
16740,0.04021019938011771,1.8170123239502733,45.33456373036811,False
16800,0.04038411472271329,1.830394327689849,45.30255937845732,False
16860,0.038604331210420645,1.8009469926903452,45.60031000415471,False
16920,0.04074195078524655,1.7445744834777797,45.80421902671107,False
16980,0.040363536270571494,1.7735325291950736,45.55386878251154,False
17040,0.03911165545246842,1.7345568751210112,46.15785602505606,False
17100,0.03962278015404004,1.730949661740049,45.23587958850249,False
17160,0.04021097376348522,1.8216944416432663,45.69776162610981,False
17220,0.04004197343868499,1.73934838896725,45.86251716894737,False
17280,0.03976626305135716,1.8172559163630615,45.442024063274495,False
17340,0.039917209385547235,1.7297015713800608,46.06422509091098,False
17400,0.03979841809743449,1.8160046830863048,45.721079047655735,False
17460,0.04012205000968198,1.773611141276,46.04325228801426,False
17520,0.04117719357839453,1.8759572388171348,45.74811113986611,False
17580,0.03794667324725496,1.8174808203612696,45.84149102598887,False
17640,0.03981051978839226,1.8667322762216836,45.33932251622415,False
17700,0.04014120993709796,1.7591950773130396,45.34236219645678,False
17760,0.04023679519174968,1.803031740373185,46.27217594342035,False
17820,0.03970246833494297,1.747021293461721,45.9799625801197,False
17880,0.038594622574017134,1.7776653168918015,45.1529544291519,False
17940,0.04026239638697129,1.78584637197179,45.75709837899408,False
18000,0.04138188017133135,1.7608036560828946,44.482008294302524,False
18060,0.03877291087606709,1.7343628456223326,45.38415589362409,False
18120,0.04069106241095855,1.7236700645227567,46.153869468187324,False
18180,0.039737179821501684,1.6736536017518007,45.61301248992535,False
18240,0.03995094052333692,1.7429572909708133,45.73677127351752,False
18300,0.03915768119143684,1.8338846704202796,44.171853969827964,False
18360,0.0397324350621153,1.7136810792712827,45.486147438423565,False
18420,0.041040035675759166,1.7261213663023216,45.853640013808814,False
18480,0.040466124193590164,1.8967085228465774,45.91937849399795,False
18540,0.04138584928432796,1.7656292133081943,46.170141066369524,False
18600,0.040941929511182154,1.8173364844949011,45.5860639892192,False
18660,0.04035126934314366,1.8346851259110268,45.6105946131974,False
18720,0.041395147620934235,1.8357764110081891,45.029593459208115,False
18780,0.04035119452699064,1.7177950315471648,45.59562105873001,False
18840,0.04066239054143765,1.7875227772854276,45.069323951521284,False
18900,0.039762743237172236,1.712615727446007,44.778406077221035,False
18960,0.04005323665268736,1.9321011643811574,45.16198110647202,False
19020,0.03944206094135978,1.7138767357431577,46.461142899832865,False
19080,0.04079166714767588,1.7434166281810297,45.57374949957781,False
19140,0.03905735710150811,1.743807553838559,45.8211984362497,False
19200,0.04062588027393413,1.7191803342569645,45.45674128354255,False
19260,0.03984747915399588,1.8730400711268536,44.8204435538192,False
19320,0.04093699767477386,1.9308121866585088,46.18600528041357,False
19380,0.04060069519098501,1.7743095475571187,44.63407930242449,False
19440,0.041456516926117445,1.7286971500704018,45.44501168836002,False
19500,0.040584619752910917,1.6792060230687949,45.69733024073439,False
19560,0.038742367795477406,1.7868181291998066,45.84211215727791,False
19620,0.03994643746168144,1.782916267149282,45.36586218770212,False
19680,0.03906239424592415,1.7648300091765523,44.81234590284264,False
19740,0.039585376126106984,1.8119542637147164,45.33300965260597,False
19800,0.04120898274662138,1.8213393497120363,45.36140695936742,False
19860,0.04051002704871816,1.8174464959286467,45.35146886000329,False
19920,0.039440855657137,1.7829292569137016,46.22527455708819,False
19980,0.03918902610684768,1.7405124212029899,45.13567352731839,False
20040,0.04002622567430101,1.8359549872815628,45.89519420801061,False
20100,0.0390267518804951,1.8006757430087628,45.82608274380406,False
20160,0.03946308777808274,1.8479713063410712,46.229391418334494,False
20220,0.040249607577241,1.8426640796715006,45.684827598133765,False
20280,0.040924249628885356,1.7232248482714558,46.14918867200458,False
20340,0.04048700917777955,1.7225520007972894,45.66974277376231,False
20400,0.038166968393121524,1.7592008011880116,45.97527876050533,False
20460,0.04024349338322421,1.742961667952304,45.00884160799288,False
20520,0.04005762685858606,1.8407835959027095,44.44340276787451,False
20580,0.040331112228298154,1.8189707225033476,45.95354488720656,False
20640,0.041292967745320965,1.8593559356644067,45.98259267784682,False
20700,0.03834940937855621,1.8214102881401897,46.00698193580671,False
20760,0.03952711725984712,1.8112670774211619,45.508994166257,False
20820,0.04047272505823468,1.8647854081385853,46.51855120414309,False
20880,0.03873472448043685,1.8253652763456927,45.545980824572965,False
20940,0.041180759238442805,1.803677452025637,45.98858889668122,False
21000,0.040294685290160524,1.879944463832257,46.07769715375065,False
21060,0.040677267188674725,1.8062197676902507,46.64197877552673,False
21120,0.039543245070782565,1.7835656073344324,45.626323540160826,False
21180,0.04065101095197297,1.754757544026007,45.46047155134473,False
21240,0.04085477724479123,1.8379633747884523,45.04022496665522,False
21300,0.04018630241610974,1.8668007292594933,46.56771081659768,False
21360,0.04018752071415896,1.7972682803225948,46.00446242119428,False
21420,0.040216274591425384,1.8706274436841113,46.02251717502073,False
21480,0.0393093237882085,1.693619188273535,47.35656839713911,False
21540,0.03988197705580772,1.7970055177603725,45.962968301473865,False
21600,0.039877981974038114,1.7978348747463604,45.15151488273427,False
21660,0.0403067150914828,1.7607423038900034,45.70695345219136,False
21720,0.04079985939752823,1.9287284960510211,45.31974368966709,False
21780,0.039153171134417276,1.796425597834807,45.611430351203595,False
21840,0.03989999277574434,1.7779825383333607,45.610299401521246,False
21900,0.04118516443812718,1.8014019541254094,45.520311661768595,False
21960,0.03940512941694995,1.6918480581196051,45.11941225902798,False
22020,0.039342199986167746,1.7589671320313747,46.6145339829454,False
22080,0.040161844953464955,1.8530949583500518,45.96993684273201,False
22140,0.040675508152388254,1.7660369508336302,45.71000645756627,False
22200,0.04000914084444853,1.7552407412087854,46.203791044077825,False
22260,0.041063168472349594,1.8707143843717777,46.06273542114822,False
22320,0.04068543518605322,1.8723737376513987,45.96727680449811,False
22380,0.04067345605351205,1.8279174854967017,46.174160128914075,False
22440,0.04044329320105928,1.775423663961912,45.90085811881355,False
22500,0.04186212248027687,1.7870685624837186,46.17123112983359,False
22560,0.039835870648907167,1.7565759020749523,46.214906206180245,False
22620,0.03839718216634679,1.7462822515724532,45.92193907766133,False
22680,0.041283403489213714,1.7436015096313446,45.732612117800436,False
22740,0.03963384045523454,1.7666250620335988,46.61023791967902,False
22800,0.040086304355474424,1.744125066503024,45.608317903468915,False
22860,0.041047640547888425,1.71555992359867,46.045155127972876,False
22920,0.03871819236715286,1.811847744166711,46.0586821875323,False
22980,0.03899868222871509,1.8126681613682456,45.54917871043452,False
23040,0.038718977650304916,1.8918428089551291,45.45227609831415,False
23100,0.03936469096797966,1.763909728108846,45.681490934938545,False
23160,0.040351709284813596,1.8159894318396566,45.61453817318923,False
23220,0.04041935027425022,1.8168864792808392,45.13381097336117,False
23280,0.040221019343462845,1.7862927716992212,45.53935836732453,False
23340,0.03886978729288611,1.8401940137924826,46.00044705530502,False
23400,0.03815191725069388,1.8418623760899386,46.502537009465605,False
23460,0.04004348286831231,1.8176801991406673,46.148990539381685,False
23520,0.03962257917308933,1.7861954559274191,44.574257277013324,False
23580,0.04036750861737329,1.780693374138055,46.19690603798067,False
23640,0.04056156290097702,1.7261412894649588,45.59940794205772,False
23700,0.040110593145646946,1.7564804399546448,46.10725352675302,False
23760,0.04060810646830068,1.766411593709309,45.875875514207394,False
23820,0.04018336909929206,1.7393055248288105,45.78882898517286,False
23880,0.040424051764481175,1.8237558942011338,45.836284588638776,False
23940,0.039436261389704096,1.8646179049252987,45.87841995288852,False
24000,0.03985631086893483,1.750964628654226,46.5640642474721,False
24060,0.040157420877325566,1.8153058375302105,45.884261322288,False
24120,0.040656422780333934,1.7441579984653957,46.43908913682471,False
24180,0.03968500706222034,1.7835342027692853,46.36850365756051,False
24240,0.04041693380458569,1.7627222027244,46.23430315283308,False
24300,0.039787328966467694,1.8325023650247478,45.00970062337998,False
24360,0.039905966266137495,1.7633454386125225,46.46355601592919,False
24420,0.040663615233619256,1.854629662340159,45.67851869518416,False
24480,0.038405551703156675,1.7867310782222412,46.26756263719291,False
24540,0.03896282213754019,1.764921399681879,45.42566223443888,False
24600,0.03881425168204575,1.7323215158333611,45.32162128381103,False
24660,0.03813310710412136,1.813673043555949,46.90458232828182,False
24720,0.03945738844787586,1.8483417937202138,45.44012608085073,False
24780,0.04059954711978219,1.8147593478529913,46.49390058819923,False
24840,0.039772092746893944,1.9208969099863789,45.98228708379518,False
24900,0.04015823206555348,1.8772085224334025,45.71524654830041,False
24960,0.040871373997368635,1.7833935007052812,45.905121789718955,False
25020,0.04106214890581415,1.7828265185744183,45.27921863802197,False
25080,0.03994468965221909,1.8253636228522092,45.92511835088658,False
25140,0.04108286871165552,1.754746964257013,45.392855038146784,False
25200,0.040073701326747285,1.8629795685527544,45.73873295234133,False
25260,0.03933008142093803,1.8195264281795536,46.40133428588668,False
25320,0.03952447971824101,1.8138487811863608,46.06800949658429,False
25380,0.03881557078994799,1.8370954980596241,45.20205856326877,False
25440,0.03928949291701308,1.8930328137019292,46.37111753056953,False
25500,0.03971358664954046,1.8092315890181254,45.944053240561594,False
25560,0.04064286801550288,1.7938958199729453,45.67874014171506,False
25620,0.04137661586493279,1.8814708596594192,46.325400582277766,False
25680,0.03889425478769837,1.8522477224635214,45.870688666238365,False
25740,0.04031426197460793,1.782667088619279,45.37369106917758,False
25800,0.03916756484867397,1.8002800682275872,46.8826562492588,False
25860,0.04037975767077056,1.8105505694606951,45.95233732649208,False
25920,0.03989513067944982,1.819537899008669,45.92251810010003,False
25980,0.038535275339321974,1.726743608049288,45.76288777087941,False
26040,0.04074263759325479,1.7167058311787158,46.557652880877065,False
26100,0.039515999429753014,1.7520809388118674,45.707460411480824,False
26160,0.03957287980930116,1.7479041240773876,45.199639390549606,False
26220,0.03914419807096825,1.765233503245485,45.63502014341098,False
26280,0.03947657337864996,1.8342743746728603,46.63997592898994,False
26340,0.040342312352555934,1.790877825558464,46.39488436389466,False
26400,0.03984860452725088,1.8106053086705503,45.853540111239745,False
26460,0.04026292960182599,1.733887615857718,46.66990516279348,False
26520,0.040289537483143074,1.775071321042269,46.359478360787755,False
26580,0.04105652932442253,1.8317119137342215,45.85444221896307,False
26640,0.0397257710793085,1.8321274327415473,45.90701162763341,False
26700,0.03881851374652342,1.760873013277853,46.15685507556023,False
26760,0.04085377793325759,1.8087297688644959,45.57848238915918,False
26820,0.0397348094623222,1.918737784088046,45.99890805114932,False
26880,0.0408916739556619,1.7990497118201956,46.15314185510486,False
26940,0.040306701690545975,1.762567904908308,45.157631707897515,False
27000,0.03989508997583732,1.7906168309744435,45.908684320321406,False
27060,0.040279020715237035,1.8049775638064491,45.85404604332607,False
27120,0.04156081004810104,1.7918369074427103,46.52183780039265,False
27180,0.041661584423243005,1.798306846163469,45.087784947910535,False
27240,0.04005550490810622,1.7220538729654107,45.82151008936777,False
27300,0.040128152474653664,1.7480179543453587,45.7736154299409,False
27360,0.04086099212597311,1.7919358971981392,46.496757889987556,False
27420,0.03932347117378612,1.7910755296187884,45.99717877774788,False
27480,0.040266456298094604,1.76942577915756,46.91922903966008,False
27540,0.039979309721636914,1.7904412663518725,46.35451806219065,False
27600,0.040251126569166046,1.8032948021923672,45.82052952854626,False
27660,0.039333304955240476,1.8480283266523243,46.147700028324074,False
27720,0.038728346005352826,1.7946425662977934,45.85306592976343,False
27780,0.03834161325120697,1.8215515730861058,46.46202803409694,False
27840,0.03910609270960831,1.7707535837225683,45.36846078660979,False
27900,0.039633059772048534,1.830893169074318,45.6249413093732,False
27960,0.03976544673068099,1.8202894360710673,46.26686391133989,False
28020,0.041549784929943614,1.8467541181717102,46.654126830827806,False
28080,0.04088479469592584,1.8385268649720024,44.942493962799965,False
28140,0.0392303271069267,1.8317917236355818,46.73294352326834,False
28200,0.04027816676196077,1.79468545993248,45.9778700054627,False
28260,0.03967433741091974,1.8132267182604014,45.108229743111686,False
28320,0.03977250892956793,1.8574294821363824,44.551532957539166,False
28380,0.040148260519532304,1.7647879732522491,45.28993349998326,False
28440,0.040495336893580314,1.7660659799503693,46.047003759368266,False
28500,0.039728593212892786,1.8097972954893196,46.0261368227901,False
28560,0.04085108122618749,1.8224251032743346,46.37791571345276,False
28620,0.03908644941908608,1.7554982490397437,45.78880156172119,False
28680,0.04000507124988981,1.7959628215756813,45.51175453168215,False
28740,0.042078138981276665,1.7949240661916457,45.86146126547836,False
28800,0.04017846379410022,1.6803748737574127,46.087039257168165,False
28860,0.04114657160528494,1.788141924580027,46.18785016559358,False
28920,0.040073216142538566,1.7915048370261828,45.68011107288331,False
28980,0.040464621676263836,1.791344181087557,46.52764642709076,False
29040,0.039954573444485844,1.8764593708271726,45.768454345464626,False
29100,0.039863673935068636,1.7343468918805207,45.646523704567755,False
29160,0.039376414082619667,1.755470381154951,45.812416285399635,False
29220,0.04034424108716604,1.658941426890756,46.623261782388646,False
29280,0.03931877024865139,1.7740305000265963,46.02167312247059,False
29340,0.04053246818905074,1.778635248077196,45.74304425180959,False
29400,0.04086822960355673,1.7724612324779503,46.55558453297232,False
29460,0.04029322512578978,1.859814576332123,47.166134582125984,False
29520,0.03977100101315545,1.846473346206196,46.20183128370966,False
29580,0.04036317246344696,1.8042042631104345,46.716140851391465,False
29640,0.03975306155556287,1.7799868951088476,46.61948825064972,False
29700,0.04074843770037212,1.8554142420777706,45.80085905393672,False
29760,0.038534875132627905,1.798933075568864,46.11922567440757,False
29820,0.039731514105505086,1.7558134178984033,45.46686592372102,False
29880,0.0384073504039008,1.7073225714158342,46.00789675979577,False
29940,0.03880395133581824,1.7761690173296332,45.79950236281729,False
30000,0.04109108978385113,1.840750755327321,45.913384223195905,False
30060,0.04071614798557735,1.922933089235327,45.74210934049712,False
30120,0.039424415813372166,1.8033269586942318,45.975738106493075,False
30180,0.03879799723516728,1.7586708021835036,46.387632508126885,False
30240,0.03762837692972668,1.7360118787526524,46.063999864178,False
30300,0.03956520359365389,1.8298055644005025,45.19378887492387,False
30360,0.041936332009797926,1.7047107331712494,45.755144845755886,False
30420,0.04034790741717092,1.829718635475864,45.37073510632957,False
30480,0.03955234217116041,1.8441564267381974,46.25469455000315,False
30540,0.040372064167600245,1.8235590904745747,46.38655277344292,False
30600,0.038751233317604446,1.7881382697153179,46.265397856746475,False
30660,0.03976214130984189,1.830506795291528,45.745651203573274,False
30720,0.04007958197841259,1.8092306720409281,46.26501001919214,False
30780,0.039931119478543164,1.757981312539528,45.90875558114566,False
30840,0.04063264489735206,1.8999222654082515,45.57692963855854,False
30900,0.040275716180988845,1.781009313501032,46.519236977691705,False
30960,0.040534660814486395,1.8418906242242952,46.559515549102684,False
31020,0.03944930217421539,1.6693948287344313,46.62717906718613,False
31080,0.04071825232672844,1.8689294276701702,45.85078668103171,False
31140,0.041303149558099196,1.8793132422113474,46.74687179179804,False
31200,0.03922388038427887,1.8016110245048385,45.91262916419104,False
31260,0.039289843475428354,1.830173635875839,46.4884006050279,False
31320,0.041068627469056186,1.8301598198068085,45.908423267778865,False
31380,0.039846924810643954,1.7652896872394008,46.05411817119289,False
31440,0.041123057113653244,1.8295446044937245,44.95774997877474,False
31500,0.03964597143048625,1.7563339546268821,46.019611954664455,False
31560,0.04116403646101657,1.7671271261231525,46.21834319966899,False
31620,0.04010518865344436,1.8608549297334642,45.97000306199813,False
31680,0.04020658305865816,1.852631515297811,47.05535155912618,False
31740,0.04125177441733593,1.7618557228857472,45.59825413682454,False
31800,0.039710583618044665,1.760386877450944,45.89992621533878,False
31860,0.039247102323260036,1.7651377834672857,45.73151018330139,False
31920,0.03964114863357732,1.8395625365891366,45.90428765320014,False
31980,0.040361867160514514,1.7460008218362386,46.704112328571796,False
32040,0.03874739274225559,1.8192624825079415,46.9296513486685,False
32100,0.0405099767221209,1.8403297277742519,45.84246880044911,False
32160,0.03956898294590581,1.7952347456841726,45.83359098895055,False
32220,0.04091825012858685,1.8545434396307061,45.61876009041876,False
32280,0.038084591756079623,1.7835672508475513,46.85269676237894,False
32340,0.039370747379916665,1.7884517975463288,46.762285926981,False
32400,0.03865082547901272,1.7472287035188798,46.15102247793203,False
32460,0.03933901642690884,1.8549275767714912,45.50819343417655,False
32520,0.04019813272088715,1.758607895863141,45.55514140400543,False
32580,0.039856618699640196,1.8188876781566132,46.29601706632942,False
32640,0.03979729794484159,1.7961489323751996,46.48760095476394,False
32700,0.03987265210289595,1.7431497145919703,45.18208924743368,False
32760,0.04016271059249595,1.7671084302335407,46.05673634907889,False
32820,0.039193171166445516,1.8746751009081997,47.028768903530086,False
32880,0.04056547971271924,1.810889507302262,46.11309600983982,False
32940,0.04053013277630839,1.7455058815661906,46.96889931295384,False
33000,0.04030803035012488,1.8164877275168294,46.55083298643994,False
33060,0.04044522675420101,1.7921098422938946,45.68639977594798,False
33120,0.040237134400646926,1.9865185057211858,46.084433584093304,False
33180,0.041628058642184856,1.8153966874324827,46.16865176590045,False
33240,0.03993032466315799,1.7794462582584163,45.75897275552961,False
33300,0.03975433342533234,1.8766815075605037,45.75252418257446,False
33360,0.039397177935714095,1.7005840469661864,46.993072144442785,False
33420,0.03917418986353773,1.8050932884445794,45.753237192940595,False
33480,0.039004422569919144,1.907699138712778,46.78336519539498,False
33540,0.03928896214941527,1.7937252386445732,46.028134572411695,False
33600,0.039943455694678345,1.7064017435890038,46.23578680105618,False
33660,0.04026743610279817,1.7786204299218278,46.53175832952063,False
33720,0.04004091364684173,1.878543974211788,45.953786438352566,False
33780,0.039387571778056234,1.8203077582013216,46.53924758595574,False
33840,0.04072014765121597,1.754701770086324,45.234310233837846,False
33900,0.04059153013784076,1.7629968884123328,46.479608432222925,False
33960,0.039872281354062386,1.7697761853579101,45.02771933013336,False
34020,0.03947766708426823,1.8195046857389159,46.15079068347352,False
34080,0.04043874233666384,1.8722625911786874,46.693565193885554,False
34140,0.04015037886998889,1.8568308426911553,46.57982100865907,False
34200,0.03884149819246796,1.824624657833893,45.62169777055247,False
34260,0.039945615795212476,1.728091182956896,45.68830046639025,False
34320,0.040209628649659504,1.7282916442443543,45.931026298679264,False
34380,0.039280244170809796,1.8287956091455433,46.37069990442322,False
34440,0.04015187471426995,1.7273445607116238,45.26385503262586,False
34500,0.03883614201179377,1.7878193808622953,46.275439494127006,False
34560,0.04106894888000974,1.8164241240940535,46.43999562335488,False
34620,0.040998359988047545,1.738569924250415,46.14499200042293,False
34680,0.03979798613255763,1.7446898339446215,46.55140072928851,False
34740,0.04029076347027126,1.794917462513338,46.40283197882866,False
34800,0.0380720624273601,1.827197115526299,46.02237242436967,False
34860,0.03907492187178774,1.857322013602343,45.327334528342945,False
34920,0.039764976863878296,1.8327808854776098,46.364365403661665,False
34980,0.03914229358285851,1.8039774561295785,45.82335083466483,False
35040,0.04057151718610453,1.7597054833079193,46.012946859252615,False
35100,0.041597837224598394,1.742171022224396,46.5439099350685,False
35160,0.03905870822445656,1.772412637230226,47.0152441722077,False
35220,0.03933002927673185,1.8221365215889507,46.289777073173084,False
35280,0.040188358694647944,1.8181776801578766,46.5880692075206,False
35340,0.0412888929187997,1.6866052927708435,45.59102677312478,False
35400,0.039022100549968075,1.7575734404735548,46.438257888602315,False
35460,0.04019922889784555,1.8650434077867324,46.28777278366978,False
35520,0.04145703908065049,1.8042776125814235,46.934569197225024,False
35580,0.03867859268145659,1.7234815186924388,46.051955823301114,False
35640,0.03897514463452333,1.9272143438063003,46.20359590713788,False
35700,0.03966111471483133,1.7984371464550029,46.856051603689025,False
35760,0.03958352926971567,1.820754033802924,46.28285712832888,False
35820,0.040650081030202914,1.8215743368264372,45.77668298828613,False
35880,0.04019332777585667,1.78014984482735,47.6091499699784,False
35940,0.0385800303522863,1.7607110211816448,45.796266606068535,False
36000,0.04041232832232065,1.914570449193561,46.30544260136571,False
36060,0.03953796889011548,1.8541731169593585,46.51336637455684,False
36120,0.04101955777355299,1.8443846088598685,46.47606070546316,False
36180,0.039497929970850464,1.8311196163527834,46.24960975334797,False
36240,0.039490707773518215,1.745820860920469,46.25433107449159,False
36300,0.04043290528864363,1.8689866303539748,46.23147498101433,False
36360,0.04061034118586955,1.7544708364673656,45.79320363926618,False
36420,0.040358479491148964,1.8152974871001348,47.42850983017681,False
36480,0.03865152214609215,1.7114729451049133,46.24563441851232,False
36540,0.0404304275519426,1.689793622065034,46.65632502818412,False
36600,0.039172553558660485,1.8171877249432682,46.19276275733534,False
36660,0.04018822088927061,1.756308639571475,46.18493700440197,False
36720,0.038861012451680756,1.6925849511499473,46.13682666364845,False
36780,0.04035705771803445,1.8291929131591422,45.59185525539222,False
36840,0.0393547208765541,1.9144843616367426,46.288697233730026,False
36900,0.03897389227979158,1.8750362539633234,46.16773363103427,False
36960,0.04057105610918592,1.7861048341956538,46.959229367189934,False
37020,0.0401933156173414,1.800477646561635,45.77734670820886,False
37080,0.03950881855888568,1.8479361378663313,46.089352832627256,False
37140,0.041160943079216854,1.860594913071085,45.93093584243121,False
37200,0.039647478062744206,1.7814490711834123,47.10365092721772,False
37260,0.04002568613917675,1.8018455966491271,45.94991116218805,False
37320,0.040215130758142884,1.816233199565285,46.66799496138202,False
37380,0.03950426725269711,1.829909321295057,46.87415543012551,False
37440,0.040376909034719945,1.7928138721313915,46.318242892118384,False
37500,0.03957323812226822,1.7935153967662878,45.705128501759425,False
37560,0.03967068934222703,1.874510945806737,45.71368672725138,False
37620,0.04109011411184267,1.865314117931916,46.82787534343483,False
37680,0.03916753115799006,1.8257801709655488,45.769925956040424,False
37740,0.03806977573525641,1.8928318897812382,46.59846592537389,False
37800,0.04128874959600952,1.7791319288397736,46.46185682915779,False
37860,0.042039462362085604,1.8876405662259865,46.59547817080657,False
37920,0.03967578458764053,1.8292958339509198,46.64493398697757,False
37980,0.038450529567503854,1.9766354105995878,45.94453584524924,False
38040,0.03975161281904325,1.7356059759537463,45.92583680235439,False
38100,0.03977102164012747,1.7627753563802635,46.77329411331553,False
38160,0.0398480609271822,1.8226150827228296,46.103387895386696,False
38220,0.03910928956646252,1.8214506388608656,45.045215609069885,False
38280,0.04046364891398118,1.905307505145451,46.746897158417966,False
38340,0.04041960590022887,1.7639077671018253,45.90661851984521,False
38400,0.03880447550414456,1.8488656000094699,46.66054675723579,False
38460,0.04055935738535591,1.8627730022528277,47.12561939734522,False
38520,0.04164214798555672,1.838050982939915,46.439819355721276,False
38580,0.04013756826594965,1.7481061975360868,46.93155069732563,False
38640,0.039730139870345196,1.8760189754837266,46.51279627616554,False
38700,0.03988639742847398,1.8663835462910323,47.23184175437157,False
38760,0.04049220541357485,1.8323775640686804,45.90930319032602,False
38820,0.038615462715594226,1.8110347751092837,46.438478908899896,False
38880,0.040131512562381844,1.812209832542396,46.781396856032444,False
38940,0.039687628840429756,1.7957482672190737,46.35183982941025,False
39000,0.04147826001036484,1.8346023972496428,47.025384860645175,False
39060,0.039860661812956034,1.8016812820590289,46.235485246967016,False
39120,0.04133431008889562,1.7541796513309573,47.48842024694042,False
39180,0.0391170074417744,1.7433760511793102,47.51706307766567,False
39240,0.040469807333442236,1.7593900423027762,46.599229978046765,False
39300,0.040255520211032986,1.8119951410976705,46.736724224513985,False
39360,0.03930476220170818,1.798544384832499,47.05848900655256,False
39420,0.04014191689170955,1.8116285648375925,45.87128424366013,False
39480,0.04097001506946528,1.82704390921149,45.81111259025848,False
39540,0.03974096663657072,1.7661246700004887,47.09755170887976,False
39600,0.03864642988066419,1.8791456490906489,46.60856614279101,False
39660,0.03998594973881804,1.7855436153394364,46.360548937768186,False
39720,0.03927806152416599,1.7765949428217986,46.48159286660223,False
39780,0.0397261272490689,1.8260488568159525,45.28524013338318,False
39840,0.0399347297842519,1.700828449071746,46.385209366740284,False
39900,0.03863547822718759,1.7573111397149623,46.10619680877574,False
39960,0.038707473328543456,1.852977931129359,46.94398564958346,False
40020,0.04038565346842042,1.7061792158306461,46.98469487637149,False
40080,0.039581825043064255,1.8603490066343904,46.77774925864801,False
40140,0.037948204526543544,1.8816013745833933,46.68936812038619,False
40200,0.04062787522928651,1.7800494117575176,45.74519507603006,False
40260,0.040217895804219396,1.815757889441021,46.7914196447922,False
40320,0.039428900140770815,1.8604307025819555,46.81302673195901,False
40380,0.03894653583115341,1.77479338384565,47.12315374048526,False
40440,0.04066864631705147,1.8468598781084138,47.561891974219556,False
40500,0.040279480498048345,1.7637579650629438,45.65873638562223,False
40560,0.04190608182614726,1.7742094761600085,46.31300796400249,False
40620,0.04033615087897995,1.7568358309264516,46.138342712636344,False
40680,0.04031016251300961,1.8185029487565194,46.59795927981126,False
40740,0.03986645765591315,1.8625303288385398,46.520636269131316,False
40800,0.040653420693760635,1.7900579016656732,46.39912395788579,False
40860,0.04050006816099853,1.7313525453647303,47.032196829530015,False
40920,0.041001380006852155,1.741533831596512,45.96991719764261,False
40980,0.039582941665090174,1.8213083687540093,46.00229322394026,False
41040,0.03965167402164483,1.8995822863232905,46.01297097649111,False
41100,0.03961671746327042,1.8212611499629776,46.347149472730706,False
41160,0.04063264137694319,1.7791075862648325,45.915247812891344,False
41220,0.041198699552237386,1.8413739342099154,46.5074868308512,False
41280,0.03963292760548056,1.7870670736783156,46.451257132338974,False
41340,0.03966018101776553,1.779572598262333,46.142974327058425,False
41400,0.04025126177909584,1.7482432082924557,46.97534466548964,False
41460,0.03980339079998968,1.8760562375893033,46.51094092872174,False
41520,0.040761642922511915,1.6628827724552342,47.07424452928458,False
41580,0.038198578167504764,1.8430843968150805,46.447625576070024,False
41640,0.039338635962466485,1.774957773358933,46.535282711960136,False
41700,0.039374066932830847,1.7778416005016129,46.26821860813852,False
41760,0.03814371519009108,1.891385018430362,46.548316194615204,False
41820,0.03922908924450496,1.7614369210211973,46.91018477235253,False
41880,0.03926787510732326,1.7632762656824659,46.350631657554935,False
41940,0.03983911627638494,1.7929587110983454,46.81773440936098,False
42000,0.04089037271332821,1.8223477588338608,46.15438460197434,False
42060,0.03980395147904744,1.776139787756185,46.94251301966189,False
42120,0.03917534902378308,1.7150116177510621,46.275264477648385,False
42180,0.03995443636702918,1.7532522982323848,46.99328698232244,False
42240,0.040839338897153084,1.8691920282490841,46.60016497132831,False
42300,0.03921923294710808,1.8040379466133176,47.332383221210584,False
42360,0.03927154009286284,1.8243587133200065,45.99710214579151,False
42420,0.04044683916741938,1.785883254812656,45.838277276666254,False
42480,0.03982277110741536,1.7643871244066436,46.27048669473797,False
42540,0.04051798775256758,1.8905887502932723,45.88851949811217,False
42600,0.03998908256656376,1.7898376397192417,45.891687179318744,False
42660,0.04056133091847165,1.7760580265055352,46.8960596611664,False
42720,0.03917193750876749,1.8591916877831884,46.58542453863369,False
42780,0.039990332279369385,1.7609925406211613,46.34990310139146,False
42840,0.039831447988509475,1.7678847234362043,46.39849194549444,False
42900,0.0390272872607167,1.8005533209369124,46.295584066387555,False
42960,0.03874921764170505,1.8000145856207617,47.421617136863816,False
43020,0.04054859922821973,1.8140190127867737,46.23090935353634,False
43080,0.03971923809422562,1.9129501308273564,45.93982491271978,False
43140,0.03918217577468214,1.818157405303028,47.00114682490816,False
43200,0.03992305685046133,1.671585086011457,46.49747335889465,False
43260,0.04090241508587944,1.8176201429453043,47.626967669381074,False
43320,0.03817540972370246,1.8020455197024383,46.34670765997863,False
43380,0.03880268904807734,1.8023463013149787,47.035032223657666,False
43440,0.03926169084648379,1.8132811547073933,47.15536845348248,False
43500,0.041168943093376265,1.7984513724655609,46.3558315264854,False
43560,0.040226069586335435,1.797158946975009,46.247268713035446,False
43620,0.04061385379236898,1.8331043873276225,46.99164201685899,False
43680,0.039087871264699016,1.770727636951497,46.91063436475407,False
43740,0.03910437129978358,1.7488249378754845,45.9201130098452,False
43800,0.04035825097337817,1.9632841984416092,46.06342989645188,False
43860,0.040046619464748356,1.7613436980358135,45.3616623665338,False
43920,0.0404389910550913,1.8054077172728442,46.929800450400776,False
43980,0.03984986320725724,1.7192343464527302,46.503423081247064,False
44040,0.0402225149811637,1.8062892944127769,46.55549112173087,False
44100,0.04012649526792409,1.749605820262776,45.79307393777115,False
44160,0.04062221391126794,1.7761064610860995,46.09197446448098,False
44220,0.04064560662555558,1.8564334919516408,46.40427583914542,False
44280,0.03870410240448659,1.825488516692416,46.30932214975887,False
44340,0.03820218515572732,1.8306941143270403,46.70663264199516,False
44400,0.04080139631812121,1.7043549387268395,46.94167832195582,False
44460,0.04095018007460955,1.8991923391707668,47.78698019768608,False
44520,0.03918350158438933,1.7356384092091388,46.644395052431584,False
44580,0.0385121316747635,1.8825422839718688,47.214334553399084,False
44640,0.04007922785680576,1.8551633687630003,46.2438764877643,False
44700,0.040744670581080424,1.8311759680563728,45.82361937317007,False
44760,0.041438075617947455,1.7538308218309475,46.48717136170625,False
44820,0.040413038057681164,1.8081858516202542,45.866690980527764,False
44880,0.03970262664273144,1.7745702438251776,46.67511807745301,False
44940,0.03928549550273211,1.8015681368612857,46.279784086017685,False
45000,0.04000916103333652,1.78650689800938,45.6951051092983,False
45060,0.0397605882368918,1.68991503264509,47.542483030009244,False
45120,0.039187945675416946,1.8605763441531677,46.407919254930036,False
45180,0.04163900452069063,1.7956202135463346,45.86012011441419,False
45240,0.041428134721657704,1.7738207784268794,47.1302453155435,False
45300,0.04090883894684434,1.7697423294271926,46.31908189342378,False
45360,0.0392633196817527,1.8193568171238055,47.23070174594232,False
45420,0.040684015459437825,1.7517371577320986,46.32115121616153,False
45480,0.040511701127598325,1.6782205198424016,46.419629192772724,False
45540,0.04035403649936324,1.821985009373247,46.86472354704622,False
45600,0.04099973221363502,1.8280315618896683,46.991147037063314,False
45660,0.040508296914289026,1.7892198814674078,47.08100886978513,False
45720,0.04059201138904347,1.7380132447397396,46.65412608615373,False
45780,0.04050952502669777,1.8048025192080215,46.965534670699256,False
45840,0.04027263312640168,1.7209152521110662,47.07627026778724,False
45900,0.03857311109622866,1.7445295477788665,46.80597018801252,False
45960,0.04006689686192845,1.7594623114287753,46.63658621650052,False
46020,0.0395550464329207,1.845572709828144,45.987497453420666,False
46080,0.038976127233887985,1.7804190086764065,47.011961660329796,False
46140,0.04134545329544066,1.7758152137640713,46.73569108591394,False
46200,0.04138319627270856,1.9055533958322073,46.51002596457158,False
46260,0.04108737648023649,1.8190329748481906,47.35794672694634,False
46320,0.0402041707334847,1.8183057035656407,46.00737638309741,False
46380,0.041080500096762125,1.7800361597587262,47.54554101164008,False
46440,0.04000964254448146,1.767795929947614,46.71461586904397,False
46500,0.040162237821518225,1.681934052239074,46.88674125201622,False
46560,0.039125222903630415,1.8523119887238721,46.53268975990321,False
46620,0.040317593043599075,1.8242087241108444,45.89890501531024,False
46680,0.040048308742739534,1.7903250363664758,46.664866176742585,False
46740,0.038957878306532426,1.7925897581008423,46.904273233825435,False
46800,0.03995904231054672,1.839751790162097,47.07724315798391,False
46860,0.039936216348914554,1.716045656053688,46.64234348996672,False
46920,0.041438048933315715,1.7681464080960945,45.647319822987534,False
46980,0.04071537066281073,1.7386396454038033,45.974988725702,False
47040,0.040009156351273174,1.8956615012542843,47.77405886427853,False
47100,0.040199029847840864,1.8472853987200784,46.20401071491439,False
47160,0.04003536990248336,1.6810545973786903,47.46603309032362,False
47220,0.039837668812163565,1.7182568721614413,46.28769464689878,False
47280,0.03913405824208937,1.7928533336386958,46.66573971514722,False
47340,0.03987915849791446,1.7744882285480892,47.071801454214665,False
47400,0.03940312139467799,1.7284833607638481,46.35132975552785,False
47460,0.03899974756886149,1.9050171608331266,47.55976420110137,False
47520,0.04040897745163803,1.8168771553550593,46.80375046665963,False
47580,0.04031301172794659,1.825640081434607,46.998541365178816,False
47640,0.03857063399090554,1.7626311927414604,46.63654209242299,False
47700,0.0399018522900039,1.8390028039476123,47.101935394344665,False
47760,0.04079656110871994,1.7794566309069715,47.56420127516462,False
47820,0.04084737899111706,1.784699468619795,46.711391590831646,False
47880,0.040820669474308194,1.832994105830564,47.64412060942144,False
47940,0.04003113056552117,1.7120341314867438,46.47569596426083,False
48000,0.03932396373762468,1.886239504431953,47.16577154252981,False
48060,0.03913304093811355,1.8098490175950894,47.03051034537905,False
48120,0.040275683923800286,1.8691709872741429,46.2538917953199,False
48180,0.04030342402749213,1.7419273331425837,46.897317338383324,False
48240,0.041029864889284055,1.7501490833024775,46.79632510939341,False
48300,0.04087998372027367,1.7372573880336102,46.36827570673337,False
48360,0.039894217074775064,1.8135160743239014,46.97610266637242,False
48420,0.039004635296911304,1.8035630983035853,46.87247587673319,False
48480,0.03974471472239128,1.7749217617615163,46.76526728442889,False
48540,0.04017378495584842,1.745240263584195,46.769501677956725,False
48600,0.039838333403688475,1.7316038014345345,46.761014937427824,False
48660,0.03953768471353788,1.7973818693745847,46.624399910670036,False
48720,0.04020230785197592,1.7748583139022156,46.88039642320425,False
48780,0.03959683380687151,1.7629772224126539,46.490751923918445,False
48840,0.0394975471330197,1.883542832251107,48.1433434302389,False
48900,0.040249162267442753,1.7955544133775925,46.11250171617481,False
48960,0.03967840593589664,1.868582318432054,46.52702995469381,False
49020,0.040195283511182685,1.7712043821351344,46.56875659542614,False
49080,0.0402185632182817,1.8132179193251274,47.84410400928044,False
49140,0.039088456799126745,1.7970042951221579,46.16601963153299,False
49200,0.03961500710090767,1.7083283952860215,47.04127775991836,False
49260,0.041150221551933173,1.8771302685382514,46.95474329785215,False
49320,0.03907033638981257,1.7927017052202496,46.99957707206971,False
49380,0.03830667644082358,1.84030658386018,47.45317715544148,False
49440,0.03851052387740599,1.7593904489870758,47.44514990841312,False
49500,0.04002328795726134,1.7910984033946928,46.613986469683084,False
49560,0.04002473382242616,1.7531899725641389,46.9387032620937,False
49620,0.0399059113156599,1.8667439180692234,45.9118731756742,False
49680,0.0409713518631428,1.8168161047623366,46.89570035041481,False
49740,0.03786173245351765,1.819820890440768,46.45138878664145,False
49800,0.04031674709954466,1.873341943943669,46.75742194198072,False
49860,0.04124915056144286,1.8624424300325473,46.010156876956195,False
49920,0.03909777538808663,1.8413284969513595,47.05750860712765,False
49980,0.03969615479056809,1.7232267232599772,46.00901777038388,False
50040,0.0393976864662171,1.762433327546099,46.93367407597105,False
50100,0.03928452316313798,1.745790040655387,46.24850863046754,False
50160,0.03973899039598157,1.8392868194557932,46.43917056381444,False
50220,0.041141988226947604,1.8092152048545027,47.443586787058535,False
50280,0.041469909340390014,1.7249123285839478,47.16240936314633,False
50340,0.03973124861996788,1.7898078124973937,47.44528161342836,False
50400,0.041524048171251576,1.719317933871186,47.652773265247305,False
50460,0.0400284611815877,1.797129549644233,46.48871999983034,False
50520,0.04140295282136087,1.710609884784692,47.626854839024226,False
50580,0.03992536108027721,1.8285566846427692,46.146845834117904,False
50640,0.040104846260836914,1.82040998180584,47.25487848388338,False
50700,0.04029237957811427,1.9030292186407316,46.637389113714505,False
50760,0.04254308294349403,1.8457851576328566,46.42113755409841,False
50820,0.04068102845987583,1.777162630185585,47.195752213473845,False
50880,0.03943418837603883,1.8441757850368223,47.3632226968098,False
50940,0.040775198296220685,1.7245261504289604,47.350610781952035,False
51000,0.03971053397033253,1.7480264794012215,47.00263618747972,False
51060,0.039608199853679034,1.817989696732056,46.963414548100516,False
51120,0.04072688108791369,1.683454518211612,47.163098844689415,False
51180,0.040024868470216926,1.7979933176135703,47.05377724400163,False
51240,0.040222860731609446,1.7449057822256053,47.174802780439585,False
51300,0.04001118817749223,1.8054705809782763,47.008354245605524,False
51360,0.040269266501284345,1.7418022366654478,47.32997608170692,False
51420,0.04033997271794892,1.8229093994225802,46.09720992058209,False
51480,0.038450426453835666,1.801043680878039,46.84740674071767,False
51540,0.040533258134887624,1.875619759511592,46.22334988574165,False
51600,0.03921438446413576,1.8003636648414876,47.05585379587045,False
51660,0.03884616069155247,1.758493288532081,47.740697529398425,False
51720,0.039953271004913055,1.7866681637853268,46.68491970490165,False
51780,0.04006718480265156,1.7274112345610966,46.987817765427316,False
51840,0.039445195068342175,1.821931411754094,47.30466476214309,False
51900,0.04066482548613438,1.8318519133010247,45.89478959320258,False
51960,0.038926259866903276,1.9333365859814122,46.669825472417315,False
52020,0.03967444500098195,1.7664208565073622,47.115368197529406,False
52080,0.0395321006920536,1.7855390930215402,45.486842659467904,False
52140,0.03996273018372853,1.7689090396803364,46.44916543016263,False
52200,0.040223091427717794,1.8114541398610862,47.490228317794326,False
52260,0.039193685640301165,1.8206112888618993,47.44352743573261,False
52320,0.04057942614196498,1.7971177584008604,47.13141775359586,False
52380,0.04005040189466776,1.8586615995111437,47.387587114285964,False
52440,0.038486442997350476,1.7666831067972422,47.05627006592868,False
52500,0.038433126847682374,1.8532533985860984,47.22864505684267,False
52560,0.039990144565656555,1.8290788840966186,46.79535040310478,False
52620,0.03982322614577092,1.799350384325457,47.0133132533897,False
52680,0.03991726390914029,1.782993421399114,46.641451373124305,False
52740,0.03997761403477583,1.931040058971494,47.59160789282694,False
52800,0.04018044787160815,1.7558815328599278,47.722875579890456,False
52860,0.04075811968787864,1.8160883915562944,47.654281929891454,False
52920,0.039111116079265956,1.759488170206925,46.76250080310756,False
52980,0.03906242272567936,1.8964235204255506,46.49189781866751,False
53040,0.0391253409136901,1.8478886217551571,47.609501323128704,False
53100,0.040231133333734966,1.7633691065425783,47.245197748452895,False
53160,0.04099595790291716,1.8276801296452865,47.13976597232258,False
53220,0.03965492844940839,1.8139155689489341,46.66088741349175,False
53280,0.03799864012467228,1.7721022628533643,47.19276501668628,False
53340,0.0386368057099117,1.8409408677303214,46.439523734940494,False
53400,0.039333570621763195,1.8210224911196382,47.301423597214544,False
53460,0.039553816890003826,1.8116477305498415,47.6760654233817,False
53520,0.03967328909819622,1.7977363355929143,47.804374499936145,False
53580,0.040030864898384734,1.8232769426003812,47.34534340944064,False
53640,0.03975060293534204,1.812386933720593,46.30230026197874,False
53700,0.04083947168843473,1.803191039983351,47.09420575666588,False
53760,0.039459186155454906,1.7653851405366716,48.067611217625284,False
53820,0.039310145632419566,1.8914633770011746,46.56569420477886,False
53880,0.04038310043081637,1.7432773230591785,46.97263886794846,False
53940,0.03877148634405911,1.8230923558195062,47.71122148470762,False
54000,0.040311753364256006,1.7827069999157226,47.315255924247495,False
54060,0.040082042546981014,1.8950155525502623,48.248996779856824,False
54120,0.03988204600806547,1.7512119429899127,46.64471358040354,False
54180,0.04127062088571941,1.760295783864942,46.51850003355099,False
54240,0.039502234043764226,1.7476298245838615,47.62767029874256,False
54300,0.04164823853641926,1.817467112751333,46.419897921092776,False
54360,0.03981965484061752,1.7258552643832934,46.921682895223334,False
54420,0.03897838684402382,1.7741594612830807,46.98947327160589,False
54480,0.04005593566479586,1.6837722455658686,47.5425209351322,False
54540,0.03913900383974499,1.812982753122917,47.333889836855434,False
54600,0.0393985953217492,1.7729883976271619,47.25751796433481,False
54660,0.04031762664001239,1.71964493582768,46.829999722699114,False
54720,0.0404444656709201,1.8586229077605991,47.64094682559448,False
54780,0.039502265839796595,1.7293859874872133,49.048586491820714,False
54840,0.04078992411603712,1.8430349592615236,47.3835451743221,False
54900,0.040926006206416905,1.7621437955046586,47.08996988303763,False
54960,0.041149041405250636,1.886484854406353,46.3934319481717,False
55020,0.040423530725700575,1.840475729102012,46.72585236341278,False
55080,0.04109074296966856,1.7455654149728026,46.93996762550126,False
55140,0.03849536125762076,1.7504775421806436,46.78175227674492,False
55200,0.03974567476109723,1.8326983610821128,47.043243134018624,False
55260,0.03930639579494126,1.785831580941651,47.94251974408927,False
55320,0.040095380688901915,1.7908555046208463,47.6793248187738,False
55380,0.03954284062464261,1.8687008985356934,46.97855465625862,False
55440,0.039867073726440216,1.7595708008380224,46.45606069656339,False
55500,0.04150573990416324,1.8049298636974747,47.73111414475109,False
55560,0.0398642241628637,1.8515499008572245,47.040132840972774,False
55620,0.040331033853752175,1.8436923443728224,46.203639419305844,False
55680,0.039814184536060615,1.7913809159538838,47.42533434575711,False
55740,0.040060570630365465,1.7843990824339564,47.58419228303089,False
55800,0.040004813344348855,1.7061039650238699,45.86062439285039,False
55860,0.040358659252778525,1.7429627703960795,46.663530928654836,False
55920,0.040932246028437744,1.8171913982350356,47.02281089847101,False
55980,0.041317915198082665,1.7925543617971194,47.447523014182735,False
56040,0.04024769606552733,1.8040460622425762,46.82462392061991,False
56100,0.040471637508828484,1.8561196949202392,46.66865591634859,False
56160,0.03907930839265155,1.7358845521106372,47.450541146579276,False
56220,0.0399296986060675,1.7872462636794368,46.855024989485614,False
56280,0.04075223157190687,1.8101903920242057,47.362443155820614,False
56340,0.040692774910733726,1.7619753633709763,46.537887657462534,False
56400,0.04016928778623604,1.8772997641520806,46.419708629735204,False
56460,0.04070911516765436,1.84906368728711,47.475739372542165,False
56520,0.04039261336719505,1.8156671996627929,47.22659440331915,False
56580,0.04096024500660746,1.8968885160837436,47.563791969182205,False
56640,0.04023148732556569,1.7190596549010524,46.838497256506955,False
56700,0.03971544134754317,1.7995827808202933,46.70947076013137,False
56760,0.04026867300554642,1.8197821963224394,47.789612509545265,False
56820,0.03765552449931778,1.7506140274731283,46.35000333818114,False
56880,0.04030630858910804,1.8162385852581573,47.73944272917225,False
56940,0.03708126973982817,1.7402445453354547,47.7761943827267,False
57000,0.038621229274075665,1.8372900951868096,47.54821644052211,False
57060,0.04036141488075279,1.857123077478961,46.77649757928742,False
57120,0.040382023469813434,1.8147060036609297,46.714369073833524,False
57180,0.03907005697588806,1.699948917986493,47.01983276010068,False
57240,0.03943031836649685,1.7477931498570343,46.479570462587645,False
57300,0.041096432790891306,1.8304943401735108,46.64847295603011,False
57360,0.03961277589474186,1.8011447267496679,47.453916755565004,False
57420,0.04179433624992239,1.6545238586446056,47.458453821326124,False
57480,0.03999846411745892,1.867112840728885,46.61122150535014,False
57540,0.04032642894150502,1.807379451337707,47.47629954067122,False
57600,0.04129349951879889,1.7557699681439976,47.36761988029465,False
57660,0.040104821692954734,1.8537276022686,47.89764100911687,False
57720,0.03919812481544736,1.7634128393030275,47.42949575716565,False
57780,0.039912218038644566,1.7628235856493724,47.67644771750264,False
57840,0.039971511411047926,1.819351043154758,47.38792564050412,False
57900,0.03890820667823875,1.896176076799084,47.64158105429118,False
57960,0.03979533434292734,1.8876737076105359,46.510287575562266,False
58020,0.03940624632480205,1.819424420940822,47.09520357969427,False
58080,0.04073948620574995,1.8249688255779173,47.138814078539525,False
58140,0.04002768949934821,1.8427409423325807,47.03866014358921,False
58200,0.03977376340068194,1.7321228815300551,47.38470808661879,False
58260,0.03991505445550194,1.8347840102062072,47.48218425311186,False
58320,0.04017849761472493,1.7603600327202495,47.363352618803134,False
58380,0.040493451359751825,1.8171978156070154,47.080981794060456,False
58440,0.039200230217064494,1.7877167481092038,46.80381834915213,False
58500,0.039166729893902984,1.8270652496641677,47.72250608055638,False
58560,0.04088374337232203,1.806377587110349,47.35100910618875,False
58620,0.039670130502236216,1.63405636537565,46.66906542308569,False
58680,0.0388665263259225,1.80966015243208,47.08375823586415,False
58740,0.040355050167506484,1.8346762594241601,46.31118182223885,False
58800,0.04037069584482615,1.8240801308102765,47.20274662266982,False
58860,0.038775427794194635,1.7944603589047368,47.08810099860037,False
58920,0.040183585372370885,1.8886767313642419,46.90228714912556,False
58980,0.0405884664739427,1.8168141489725698,47.98405037360856,False
59040,0.04029950916136501,1.8236343582104277,46.615902873339316,False
59100,0.04050558518700912,1.8564025622787308,47.5494060633551,False
59160,0.0388765847215274,1.8195800219836165,48.29179332238344,False
59220,0.04026483212399696,1.751507041315633,47.73930284817941,False
59280,0.03975790419242364,1.6683297796559005,47.187129159675756,False
59340,0.03961376787302028,1.7742354712910235,46.63809388541654,False
59400,0.04069644448753578,1.8410910583975804,46.526326771239546,False
59460,0.041183419608539384,1.7809327981034386,47.00381166645658,False
59520,0.04143549604368029,1.8432636321032134,46.86831680138196,False
59580,0.04105184629720472,1.8080313214996948,46.85427336826341,False
59640,0.039912212654695856,1.869555567794158,47.05311974941041,False
59700,0.04028217613042107,1.7840582978154844,47.167382585106765,False
59760,0.04061345829742739,1.8252512006346553,47.46334175977582,False
59820,0.04009694235943957,1.8273177934849094,46.60406733062553,False
59880,0.040104611350329236,1.8810865011220845,46.884073196693784,False
59940,0.040659002505500946,1.707841585457949,47.14758870775264,False
60000,0.03995257388317926,1.7752459531741296,47.13191180685581,False
60060,0.03941657045090107,1.8458198696909793,48.150095911677724,False
60120,0.039668421547331315,1.883478409908047,47.35023700873651,False
60180,0.040507128302186994,1.8129638616826724,46.429548460798436,False
60240,0.040002394632959966,1.7841939751212397,47.447663701975095,False
60300,0.04027216798149467,1.8408843919084201,47.51363453695728,False
60360,0.04053606339376175,1.846909944462511,47.180468315866484,False
60420,0.039700126829681916,1.7805782693519654,46.63856364718782,False
60480,0.040604998530903845,1.8178365948575876,48.126518986452716,False
60540,0.04030307408276672,1.8637484721702464,46.71477933640893,False
60600,0.039012149530470816,1.9020847856368204,47.582337050811084,False
60660,0.041153843832949,1.8401006677987057,47.354205866538656,False
60720,0.03959940420499447,1.802383500419942,47.55681553092514,False
60780,0.03867592372545185,1.797079940493953,48.11206887289749,False
60840,0.03916396503233096,1.8300994140884557,47.54168900128791,False
60900,0.039183163871457344,1.7937536665061098,46.983767106099194,False
60960,0.04004173865492603,1.810240586947209,47.818325011588506,False
61020,0.039780919595563013,1.7428746817153329,46.95200880340603,False
61080,0.039730534425887525,1.8700410886105225,47.351567188529295,False
61140,0.040495761572385984,1.7384300247339715,46.62547603322733,False
61200,0.040271900288954166,1.7766659649355374,46.75760687797042,False
61260,0.04025283829651543,1.805270036085998,47.302170481260454,False
61320,0.040327862765862955,1.9075132915139865,47.46275015473637,False
61380,0.04049290773440179,1.7771751188179743,46.42974114350398,False
61440,0.03831363732657805,1.7640351460461385,47.5318097932534,False
61500,0.03970844939818843,1.7702558864639752,46.87568127535748,False
61560,0.03825583194840842,1.889580447051011,47.92746942589579,False
61620,0.04002884794143824,1.6481332623506748,47.113872858051515,False
61680,0.03999629362222053,1.7458521473439763,46.730273592092345,False
61740,0.04083642581983175,1.9474895902946159,47.33221666025053,False
61800,0.040950107514176895,1.8319076319685483,46.838426535135106,False
61860,0.0401622200386019,1.7402768127356822,47.9332462607946,False
61920,0.03959971113808248,1.7977364289625624,47.30126844824816,False
61980,0.04038812889003659,1.8036425465676647,47.22739468733853,False
62040,0.03957766589014055,1.8456907632789028,47.60136316275425,False
62100,0.03999888587884532,1.8993331081524185,46.80521858809216,False
62160,0.04078890905356861,1.8209817907890777,46.66534513443162,False
62220,0.039553782923208464,1.7708514316373,47.51632740622026,False
62280,0.040644542911394,1.8425025598733031,46.764545916898605,False
62340,0.040541921094953845,1.7622943543694056,46.76660584843185,False
62400,0.039236166546295345,1.7441997752165925,47.73721859532059,False
62460,0.04077911530257392,1.704964920914352,47.583602289105684,False
62520,0.040558853076297204,1.7154830666969785,46.69638511729083,False
62580,0.040081540709898125,1.7515919615692894,47.01596152145018,False
62640,0.039390141233577876,1.736399352544153,46.87589341935125,False
62700,0.03931263518513955,1.8169147724782349,48.21814850074827,False
62760,0.03956986993847758,1.7352323014055022,47.78522371991685,False
62820,0.04043407557063357,1.630242019690664,47.12402573753248,False
62880,0.03923549986607888,1.7436287641721688,47.62477515961043,False
62940,0.0403500097988959,1.7745195790230435,46.66081437637684,False
63000,0.039006595576897285,1.767305727654914,47.00481404815107,False
63060,0.03983674513244892,1.882054332682696,47.39579841112033,False
63120,0.04008771820365921,1.766868701798386,47.57171180712591,False
63180,0.04195610411604713,1.8475698670127567,47.299096524199804,False
63240,0.038898147475583705,1.7989749396172334,47.4740624967172,False
63300,0.04117761165319211,1.7977155448136797,47.39145362574022,False
63360,0.04011987393118983,1.754889464402206,47.272726349156066,False
63420,0.04032893753441277,1.7968257368146385,47.208671908475345,False
63480,0.040094678330710565,1.7586848091475396,47.14584192263546,False
63540,0.040355781454556185,1.809181312969747,47.477172767692224,False
63600,0.039877051916510385,1.7872425198383208,47.56884146238122,False
63660,0.041163240145165966,1.7489900916076537,47.46484290584448,False
63720,0.03963482308462022,1.8535622943438321,46.7785944515881,False
63780,0.0409057876577434,1.823049385921157,46.8706587054206,False
63840,0.03948450630382958,1.7758046123563187,47.571793188369796,False
63900,0.03995179852287897,1.8078566245399068,48.11041859013477,False
63960,0.03914242995816782,1.795473583838894,47.45301932498228,False
64020,0.04036401897627802,1.7531500893877832,47.17320704236796,False
64080,0.04115610076554123,1.803806796367143,47.49344113073142,False
64140,0.039938115056143315,1.7664653652404019,46.81508984615688,False
64200,0.039842491441036874,1.7489735728765148,48.0402017900854,False
64260,0.03910830642954566,1.7123705641656077,47.48125693847475,False
64320,0.03981656587715816,1.780635202908914,47.05546091401903,False
64380,0.03872576459222278,1.830616415617521,47.30902144198143,False
64440,0.03926969761062494,1.7624883949175416,47.13113071339963,False
64500,0.04018142883688731,1.9361182693765304,48.05271347224342,False
64560,0.04105521055819312,1.8478270252972475,47.297988093515045,False
64620,0.0422473686889836,1.8704338271636658,47.479020665699935,False
64680,0.03953073193194328,1.842943122651983,47.69043067537135,False
64740,0.04114824012531635,1.900054708646683,47.035413799567,False
64800,0.04019500198432132,1.7575018928924828,47.504881488920425,False
64860,0.0398790018826029,1.6617201811744344,47.547474194953516,False
64920,0.04034607556138092,1.7759092171489443,46.63544665414967,False
64980,0.040049533186943966,1.8301438030795671,47.54106396345235,False
65040,0.04008831658048977,1.8081819164743909,47.39406434099555,False
65100,0.03967333346973866,1.8148755209922605,47.48415817392868,False
65160,0.03888151227216092,1.8713291401441732,47.43921953901953,False
65220,0.038765099837982334,1.820631109020975,47.553219273152855,False
65280,0.040522595906624985,1.8431412980899151,48.09453560391947,False
65340,0.03977863992793143,1.7492636119399512,46.83833993944239,False
65400,0.039523128880275066,1.740848740782334,47.25924713213831,False
65460,0.04000680450137852,1.8871621518433224,47.7658622687735,False
65520,0.040635945802332506,1.8054486828979417,47.67524554255961,False
65580,0.04014429115442112,1.7663456240939088,47.66671503977026,False
65640,0.03947515605068723,1.7664446973484558,48.81603052533945,False
65700,0.04098103436451916,1.7649473514315341,47.74853933396471,False
65760,0.041263348402385304,1.7617162128635246,48.00917012443743,False
65820,0.04039564532425828,1.7307100186594024,47.292394851287234,False
65880,0.04077893080907527,1.7189772982800926,46.95170434816841,False
65940,0.04099356799745105,1.7894697636066614,47.293231474903806,False
66000,0.04090407945312361,1.7679820030026985,47.80859992959589,False
66060,0.0404912793416901,1.859786601413938,47.65826342574235,False
66120,0.04047867763765991,1.8158261392764135,47.658704838030765,False
66180,0.040415728458677205,1.8143271547242112,47.352136613736334,False
66240,0.03912212986036236,1.7598714979920598,47.27463715213197,False
66300,0.04056057852548767,1.7934644655478813,47.373839493795394,False
66360,0.03891534882309876,1.8194940595960978,47.8282354954282,False
66420,0.039364320435899956,1.8386745699444844,47.88859113883438,False
66480,0.04104285205424647,1.7949298413680084,46.96733625431712,False
66540,0.040672176130155356,1.8582726840835073,47.853858013272024,False
66600,0.041189918631748694,1.800431422681029,47.14955577258175,False
66660,0.03978266049305017,1.8428137443999548,47.711606868283965,False
66720,0.039078200926978585,1.773547980736186,47.38339282553576,False
66780,0.03980765024234373,1.7021202282052934,48.264499625790066,False
66840,0.04008162503779246,1.8144913853530003,47.27479769108356,False
66900,0.04006319097307201,1.8391674994099179,47.5753705804251,False
66960,0.040906944383005364,1.8310687559176089,47.791590893160986,False
67020,0.03971098365999724,1.8227980797176218,47.0535445437234,False
67080,0.04028162757744234,1.7811763038384307,47.45632509547493,False
67140,0.03920909828045232,1.7564357024219381,47.3616908352804,False
67200,0.04036025382243505,1.8297933265283641,47.24030619029256,False
67260,0.04000248684014851,1.823028160474707,47.27958108565748,False
67320,0.039400149329372386,1.7697114490944335,48.057679539871074,False
67380,0.03981133651026012,1.8599089062163712,47.20462652782607,False
67440,0.03985265940278782,1.7523252622144296,47.78933549094562,False
67500,0.039783875896530325,1.768489737545284,47.665658705028946,False
67560,0.04141707299381415,1.88836696146645,46.81210080052936,False
67620,0.0399212431981537,1.8469034246376312,47.772405232033734,False
67680,0.03980488311185813,1.7806674974818848,46.808293562345234,False
67740,0.038322039233911885,1.8155185583207518,47.83132573571022,False
67800,0.03928463411841642,1.8083587812042874,47.26591365446579,False
67860,0.03978954126043492,1.6517368512912216,47.52592275706301,False
67920,0.039451317859058685,1.7510504067284374,46.87682881002518,False
67980,0.04110536607470224,1.7972542826760989,47.58738960104432,False
68040,0.03986804977968303,1.7807429802657975,47.991903302630796,False
68100,0.0410307553994546,1.8133435385008427,47.12717503403774,False
68160,0.0400493637072403,1.8609920448991877,47.229303859380614,False
68220,0.04002978226913726,1.782637067628688,47.76242756863993,False
68280,0.03992896284183,1.7428866410093653,47.77715587308323,False
68340,0.04000303700129717,1.8175419895595966,46.32248671645907,False
68400,0.041375036002439886,1.7823623399873387,48.54950920195827,False
68460,0.038144311418599024,1.7915725709556174,47.808312416244625,False
68520,0.03839876340444906,1.7842442191657337,47.8947246601005,False
68580,0.03956546333515511,1.9210592412005933,47.476724759946585,False
68640,0.040011622305550054,1.679001969906111,46.623047883405036,False
68700,0.04055208353981121,1.7790299692308371,47.890315322709846,False
68760,0.04037846975842198,1.7998007926149868,47.272589932372846,False
68820,0.039692603269695544,1.75781830541673,47.829379447983534,False
68880,0.04081523495459341,1.8485905949349273,47.45024272016406,False
68940,0.04082415632252218,1.8439159146508606,47.680892599257184,False
69000,0.040147246265017256,1.797421250601619,47.17660437339794,False
69060,0.04077012605798947,1.7853836172114406,47.9985266898456,False
69120,0.040218116210745704,1.7939543309514911,46.97437235318086,False
69180,0.03955081357857369,1.7943415207030182,48.69357623998286,False
69240,0.040558253471200005,1.795767856481209,48.691995499210336,False
69300,0.04008849049806294,1.7898480485180928,48.39160062885366,False
69360,0.04000107187740359,1.8136322629879893,48.215219983411224,False
69420,0.04117836285775166,1.8406734515007048,47.537435965810715,False
69480,0.03803930229716793,1.733565952029677,48.16521315220471,False
69540,0.038865852663872345,1.74326414944141,47.53608120459661,False
69600,0.039050343658900505,1.7055800264078897,46.80964033701559,False
69660,0.03970939148194496,1.8467854596193105,48.34022946955715,False
69720,0.039796313464187175,1.813517457832285,48.15527064840663,False
69780,0.038794139481781564,1.8272844458603696,47.577418517521224,False
69840,0.03921187357415134,1.7228070951283727,46.98272559708693,False
69900,0.03931132665718114,1.8963871986355274,47.30444704186659,False
69960,0.04196593927366071,1.7671220509601506,46.68920424211589,False
70020,0.04144139355819772,1.8090831135840078,48.074547115272196,False
70080,0.03967060046585228,1.8461367716766321,46.80258185993469,False
70140,0.039709133367754564,1.7467030931870122,47.74988143284368,False
70200,0.039080636802249366,1.770498484640316,47.18684897828407,False
70260,0.03847349566941979,1.8096752758284473,46.89757358407774,False
70320,0.039906495850873185,1.9543035460750942,47.732332507620335,False
70380,0.03920171841340478,1.8162607361140093,47.448484922728596,False
70440,0.03993211957467039,1.8867435021340588,48.03670882250087,False
70500,0.03871983532076522,1.8651063498403657,46.9860412898274,False
70560,0.039390420433351794,1.819872541970704,47.243416255858406,False
70620,0.04011890167624227,1.7465834283319435,46.43048212875344,False
70680,0.040292967678227154,1.8572266949841847,46.53435954623849,False
70740,0.04033397756699361,1.7191020415510054,48.527858746795275,False
70800,0.03894360881267437,1.886447256678563,48.67279131825943,False
70860,0.04068374858410845,1.8108002866437858,47.67958495322513,False
70920,0.03935983064271852,1.6568879284458986,47.22353712206347,False
70980,0.04050628633168585,1.7816126708682807,47.488456696675236,False
71040,0.03999148905870545,1.8353131823298388,48.076697915067044,False
71100,0.038898890000737645,1.7872007108558527,47.3849459583164,False
71160,0.039747041836335054,1.838610313793653,47.76318705615184,False
71220,0.04029229099365102,1.754098694943536,47.64022175179394,False
71280,0.04049037230437968,1.7294769518694693,47.36442309639669,False
71340,0.03988720968204447,1.7961419482354293,47.387962712845756,False
71400,0.04122542311248084,1.8017045460336554,47.79994917608801,False
71460,0.04080600861678925,1.7811872450426347,47.16707432645511,False
71520,0.0397946767068802,1.8662737219186785,47.883612721864154,False
71580,0.040600097449709556,1.754088801742491,47.424188223631376,False
71640,0.04154703478815055,1.816910942795947,47.725891010183645,False
71700,0.04156838768062642,1.8036703784428358,48.35641829534738,False
71760,0.039017600095342005,1.7159373385846515,47.582570644053185,False
71820,0.03925877351107428,1.7287723700819004,48.12879849116623,False
71880,0.041187935029387085,1.8006431948774262,46.77510954753188,False
71940,0.039153375159329894,1.906984799929096,47.438174123057074,False
72000,0.038941967093366656,1.8312805698425358,47.68942959481897,False
72060,0.039611044695440766,1.7068157194421898,48.639480278287735,False
72120,0.04033618136757967,1.6320336444835557,46.70006855145812,False
72180,0.039918082634711125,1.8395848940222366,47.634169316545254,False
72240,0.03947954910367553,1.7948044719218772,48.41284832735334,False
72300,0.03946063003062039,1.86162836235356,47.29422335366534,False
72360,0.03943013034846984,1.752441232281582,47.58254380548951,False
72420,0.039296392297072845,1.8189114748843604,47.85706235763368,False
72480,0.04182530630182085,1.8456933670035047,47.785676796370865,False
72540,0.04023800885694844,1.77583696353685,48.478537411640254,False
72600,0.040709407243523794,1.7769913792075225,47.92211873335323,False
72660,0.03960873802550486,1.8013641928793132,48.36399793047728,False
72720,0.03985123465825116,1.8293045227142577,47.52233695846879,False
72780,0.039429156814903714,1.7992259637563568,47.334308085902165,False
72840,0.03787863333206464,1.8525958022390123,47.593938849421065,False
72900,0.03889759257852171,1.7750554997795804,47.12947855365064,False
72960,0.038551505056015685,1.7282666589049922,47.95301560284307,False
73020,0.03820017297763872,1.9067566698781118,47.520550352763955,False
73080,0.039043712820561516,1.767349778226708,47.379824613556416,False
73140,0.04105996454350531,1.7693041274792416,47.967277922759216,False
73200,0.039964451065836515,1.7964466206621021,47.14832048336514,False
73260,0.04103245100985694,1.803627779921315,48.10765913368375,False
73320,0.040328786061520704,1.7791190833056327,47.485468986913745,False
73380,0.04062604706057213,1.7990585695647536,48.30641555761008,False
73440,0.03927928240375634,1.7978528395028786,47.53272820085177,False
73500,0.04041916076335414,1.8094402436591237,48.047281477649086,False
73560,0.04058297138725948,1.672695677214685,47.82333748566015,False
73620,0.03953868216621305,1.9015673205784238,48.1077368900345,False
73680,0.04044763229649293,1.792046431069134,47.792989053654644,False
73740,0.040452950206859864,1.8313536214501374,46.90854655581277,False
73800,0.039560357903095936,1.7255825275571628,48.24687168600903,False
73860,0.0391017852541832,1.7745659858925404,47.700863109562576,False
73920,0.039052697334481384,1.7636949432186977,48.14169226387251,False
73980,0.04006920443353717,1.8793650832834614,48.09428711803309,False
74040,0.04026160789503145,1.7683660652308624,47.36474529349656,False
74100,0.03936597933563367,1.840936319294765,47.29622548581815,False
74160,0.04002126827306088,1.7648772955556475,48.08353039353386,False
74220,0.04045642962891079,1.775558577258687,47.60645798250768,False
74280,0.04049455257173224,1.786740291079163,48.22852679134974,False
74340,0.04124150409609799,1.8693276368487823,47.67344133458855,False
74400,0.041021584665758434,1.6979479564123736,48.27647634914778,False
74460,0.039198966853794766,1.7289541680151808,47.97865335693175,False
74520,0.04134686896763042,1.69484552105275,47.91321826608784,False
74580,0.03957521879635543,1.7412748855328817,47.5844548242642,False
74640,0.040835898249963545,1.7561735972356263,47.88990388506866,False
74700,0.04005438930084087,1.712818012279119,48.372346089917826,False
74760,0.03967028049723443,1.760356021682808,47.751041657513376,False
74820,0.03855384251218005,1.6912054180295957,48.045966263090534,False
74880,0.03986274839182692,1.7450286089165452,47.80578873377703,False
74940,0.03875249341175551,1.8648227015951508,47.84714037142845,False
75000,0.04077383938867422,1.8217937557951795,48.648773382928454,False
75060,0.0412134341257114,1.8101232542973165,48.39016267438265,False
75120,0.03936247120856265,1.745849957960928,47.8312292208643,False
75180,0.040241576594015414,1.717051412211585,47.90098401163803,False
75240,0.03941968678239362,1.738485571921149,47.445051370298096,False
75300,0.039497212215890566,1.7976666693476153,47.711730503344675,False
75360,0.0406195957630923,3.46688154610524,47.95514482465502,True
75420,0.03996916939052527,3.4687278405253075,48.227982380068845,True
75480,0.04139171843354481,3.4540530675741,48.179515688143304,True
75540,0.039614214017037665,3.380171929340331,47.25250536613916,True
75600,0.040799469065979595,3.4213256909498155,48.2978559138343,True
75660,0.040077930730366224,1.7826475033779887,47.76720736320978,False
75720,0.040636622407795385,1.7891357527712834,47.32032817946335,False
75780,0.03964227387413604,1.91000490643583,48.484245880421646,False
75840,0.03996035292995873,1.7048519872018049,48.54992266447823,False
75900,0.039907600896560855,1.787327451940198,47.95238631168315,False
75960,0.039331154308123374,1.8654344409885926,48.177139275869,False
76020,0.0405296652276654,1.720841859268189,48.20869673369217,False
76080,0.04052019920446269,1.7652376390356226,48.52508786012965,False
76140,0.04047484375592445,1.7714319211313474,48.19346570084295,False
76200,0.04122957252313412,1.787942355009085,47.167816953811375,False
76260,0.04115947584098904,1.7138183133812643,48.83879462141979,False
76320,0.039700044248120694,1.8321454472582541,48.368948846077814,False
76380,0.04029844185474735,1.8359795132557097,47.583587953104974,False
76440,0.03950111944859343,1.8274522675509692,47.32576717396623,False
76500,0.040018684252891644,1.7529998215882816,48.095216079750536,False
76560,0.03952020044070491,1.804671582702514,47.705908999768276,False
76620,0.041296056247308845,1.7514302270632693,48.012266350355105,False
76680,0.040290958520274374,1.7820397803183383,48.22120174839833,False
76740,0.03982557669751646,1.9162872680672274,47.56850703816436,False
76800,0.0409548948574851,1.8051675503901978,47.29590364022417,False
76860,0.038263507672163674,1.7358735648966928,48.04909652490589,False
76920,0.03838871792410777,1.8097381083958515,47.591723017734985,False
76980,0.04063667092417582,1.7270030199925812,47.933694492643234,False
77040,0.0400483747584939,1.7352534388041894,47.19121303569948,False
77100,0.040200357040208606,1.7437793506587653,47.73901454634685,False
77160,0.03893888311734516,1.7760072895814332,48.22481150850774,False
77220,0.03998141303131971,1.850596325761817,48.172531471214704,False
77280,0.04160280752832107,1.8312335026929094,47.47761588635824,False
77340,0.04065935969583669,1.8282417477253559,47.289892341539414,False
77400,0.04013576523611425,1.7406580734581107,47.8841360254779,False
77460,0.039648756871916054,1.770769024806475,48.15900023351528,False
77520,0.03968434171850448,1.8146880597716921,48.083301059505416,False
77580,0.038296641688639985,1.7660707207890258,47.62686322163206,False
77640,0.04020611233673693,1.7849682122237407,48.034085019459575,False
77700,0.04067638648678548,1.8238333693966173,48.63858018825784,False
77760,0.03873950453826351,1.7811662752151298,47.992204450677924,False
77820,0.03947086648615455,1.8122072178115094,47.075287793517674,False
77880,0.03907402829421326,1.8860073366250567,47.995691584880866,False
77940,0.03922771904415299,1.7907196248547022,48.91829955584042,False
78000,0.04004278530145752,1.8636842417248372,47.25485531807988,False
78060,0.03833247827600922,1.8302059836345974,47.91564270995576,False
78120,0.04049141635068565,1.7207689323517146,47.78984231692875,False
78180,0.040603084055946946,1.7404846004197698,47.953181167485916,False
78240,0.03979911792957047,1.7549858223142256,48.004595418828835,False
78300,0.038015433192012366,1.7538389144856297,48.47968498968698,False
78360,0.03920286509919809,1.7951243537102322,47.95432029425949,False
78420,0.040986321547282156,1.8331907785964185,48.55278808406868,False
78480,0.037777604575417144,1.867778554502055,47.857560130472976,False
78540,0.039721981270245184,1.8166414547911545,47.74354922728247,False
78600,0.039055999377226196,1.7759333039731267,47.58625577715405,False
78660,0.04064365624126787,1.6875589728439868,47.01453340851684,False
78720,0.039459908838285235,1.8038118370725362,48.06319728344341,False
78780,0.04032316321658849,1.8013915904595297,48.954536376119975,False
78840,0.040452368335335276,1.8098781526911039,48.15888362493056,False
78900,0.04146898067178402,1.91373697607598,48.27536921777203,False
78960,0.0398376464450597,1.866992213494426,47.72770953258753,False
79020,0.04030083549569809,1.8423932895854993,47.81428815386149,False
79080,0.03881195561669805,1.7480478349761337,48.43100524806853,False
79140,0.040952330850634995,1.7722982835433758,48.94526097845037,False
79200,0.03939159292154291,1.794878391225861,48.687117780607444,False
79260,0.0395513966687298,1.7581280153034409,48.34799578197661,False
79320,0.03998220176412063,1.8270250843491964,47.96517841121142,False
79380,0.03874969252372812,1.819273077857648,48.054692233053395,False
79440,0.04018301602314315,1.7412313791750467,47.575308770609176,False
79500,0.04077397301834001,1.8646281022911908,47.23020832407554,False
79560,0.04023434705879783,1.8055247580256786,47.39312256025047,False
79620,0.03872888194865702,1.7066301580759184,47.98365141079497,False
79680,0.039900952564536275,1.7972274856493717,47.81498491722424,False
79740,0.04059362312238359,1.815185148619837,47.228489849981294,False
79800,0.038497608987227275,1.85253078751753,47.94677866721984,False
79860,0.03914018718894583,1.7817762742311627,47.8084548489153,False
79920,0.040701234883265214,1.8447086664421493,47.38347523790979,False
79980,0.04021607634735783,1.8101056672855917,47.78703981464537,False
80040,0.040329577265701404,1.7289870511119707,47.813882474000806,False
80100,0.04148759584609865,1.7235809942319442,47.66827005880031,False
80160,0.04037484222280496,1.860618232988065,48.44215336555408,False
80220,0.04052631040834655,1.8645831456326156,47.029597156523025,False
80280,0.04216859642177466,1.817437098441855,46.990378096617754,False
80340,0.03982895635352761,1.8807681629437216,47.98715013860136,False
80400,0.03936169378910521,1.8570569318482468,48.03580049547653,False
80460,0.040342237118597704,1.8369159513919049,48.192074123193436,False
80520,0.040351192823511114,1.7507891796083817,47.72270945544796,False
80580,0.03957862768644303,1.8934971525557467,47.53546396144492,False
80640,0.03917408238435612,1.8289602773392468,47.99299745204717,False
80700,0.041847875537672066,1.7791647061709726,47.77809610512422,False
80760,0.04026147477631042,1.763913419713514,48.77665052952963,False
80820,0.03941417169487834,1.8138663242017483,47.84123085664276,False
80880,0.04073274424182368,1.7097628094187234,47.97898156015038,False
80940,0.03991268387875093,1.8377823568690546,49.24551286021146,False
81000,0.039797694842945736,1.7485071760065225,47.912653331450706,False
81060,0.040449818297531595,1.8200128378765115,48.290341531819166,False
81120,0.038966494185414646,1.7718325017826595,48.33764747031636,False
81180,0.04028210176313374,1.785721389512866,48.382423229885866,False
81240,0.0415303638461854,1.7591268668706865,48.16369569513595,False
81300,0.04037294212975785,1.7912936107162367,48.11810211403915,False
81360,0.03969903031697323,1.902026495484937,48.07357851615602,False
81420,0.039594315775657404,1.8747932198606265,47.73764407452414,False
81480,0.03967172802132391,1.8191418635697547,48.19063008146423,False
81540,0.03979682985756178,1.7986341096594927,49.04442325316045,False
81600,0.039697754773793385,1.8455868642974158,48.637670943333504,False
81660,0.040733049152859656,1.861018401281808,48.18651865436761,False
81720,0.03861343271743281,1.7551898073607934,48.46470419671186,False
81780,0.04068960004032971,1.7958183011478612,47.6044309976971,False
81840,0.03969625077988595,1.7016142556033238,47.91099252936614,False
81900,0.0403015582285563,1.8606475139540883,48.51740318296159,False
81960,0.03909840967183931,1.9115113099158463,48.78929151200223,False
82020,0.04106290485347955,1.8043244617296466,47.66250448362901,False
82080,0.0409965079681375,1.6852494532552371,47.80837306936869,False
82140,0.04076767242060006,1.8328800878951597,49.1430847754231,False
82200,0.03878819617936517,1.7511791850279497,48.10275715777189,False
82260,0.04066329685685284,1.7641791301501193,48.96853717364116,False
82320,0.04032388407010857,1.8338351250487142,48.162514500332435,False
82380,0.038715783002293946,1.813745922777687,48.184405637260824,False
82440,0.03998056209298335,1.7736421261317155,47.910799706671725,False
82500,0.04029162759122661,1.7649212958395102,48.53705237566035,False
82560,0.04044486021905852,1.806795146981925,48.746893234460806,False
82620,0.040141809093559085,1.7778888601643321,47.55273299864194,False
82680,0.0402329851334779,1.7401011947854377,47.89623849200573,False
82740,0.04117888911380248,1.7820415882001686,48.53223268470662,False
82800,0.04098082712792855,1.81833800165578,48.01214875803092,False
82860,0.03770635603697381,1.7903824127917398,47.83245999706004,False
82920,0.03974604915612986,1.723670535694598,48.58615346266491,False
82980,0.03986827917796484,1.8534094895542792,48.635338642490034,False
83040,0.03859832114181842,1.65210418240506,47.86102064920127,False
83100,0.04007534644658585,1.7758962816284645,48.194254612934884,False
83160,0.04099900621792841,1.7665092834540885,47.48606360539236,False
83220,0.03913074571232753,1.8080016594050565,47.6447902025087,False
83280,0.040269120750951896,1.8303297376213477,48.1568429282183,False
83340,0.03926734121816285,1.860845299646096,48.112693360345105,False
83400,0.03946247038105626,1.7615301368389833,47.61578157509343,False
83460,0.041181914907336026,1.831675446216008,47.74346231299953,False
83520,0.03956595374391054,1.810574192945599,47.571156744788105,False
83580,0.040369769991208504,1.707576873740106,48.33343851262606,False
83640,0.03850302550715121,1.902629173793442,47.12431864022707,False
83700,0.041489854049115905,1.7223061431290292,47.60457927819649,False
83760,0.0404821219570452,1.8226528527047245,47.181126773463994,False
83820,0.03985400012587979,1.8210578369866783,48.32433750371272,False
83880,0.04046043720799992,1.8148843862457702,47.21569008115994,False
83940,0.03887214445684175,1.7732928483632733,48.13515110985863,False
84000,0.040946024593402124,1.8446716431615873,48.94127817286814,False
84060,0.039740812179602854,1.715740156407073,48.96046281003345,False
84120,0.039836744387961254,1.7964452454116082,47.223021689212146,False
84180,0.039606675508027614,1.7695507674661672,48.27740992902061,False
84240,0.03953547887780353,1.7634259111283803,47.63594913441847,False
84300,0.040555736489302725,1.8231523805224916,47.53609641915713,False
84360,0.04020472548008338,1.858183841306863,48.078159114220796,False
84420,0.040521398513122434,1.7814641888608094,48.75126932428596,False
84480,0.03999296424841154,1.842156778855992,48.43918283733314,False
84540,0.04041055984886174,1.8026859959340085,47.78401259038509,False
84600,0.03966492100485997,1.7517924607011475,48.4963297077351,False
84660,0.04178378547312764,1.7860705869649827,47.024188197492826,False
84720,0.0387456556668556,1.783827761897253,47.77179911862061,False
84780,0.04100874985885039,1.7623803647247058,47.73855589989017,False
84840,0.04109432596057678,1.8231380781474151,48.19189167251384,False
84900,0.03931827295522752,1.812670894136057,48.053546999217936,False
84960,0.04178341888844478,1.7141049162934514,48.086455088641564,False
85020,0.040796392226356254,1.7108175962570746,48.072060524802,False
85080,0.04077691120545833,1.8229329604731108,48.17285356475318,False
85140,0.0400224177496207,1.755974532845095,48.43394508214132,False
85200,0.03982621907342506,1.8163102223754175,48.24077476611697,False
85260,0.039832472938368314,1.8421703052178962,48.02616299916706,False
85320,0.04031242447705562,1.7313685467800999,48.3714427017753,False
85380,0.041120949020027116,1.7237769882528862,48.58585998810286,False
85440,0.040145051374289135,1.890419310849346,47.897014925318736,False
85500,0.03927084510149017,1.818984822279973,48.147556159747275,False
85560,0.04065954164990798,1.7773610045396435,48.760440461010475,False
85620,0.04073692059711583,1.7495672155571018,47.63033649525707,False
85680,0.04052372762275823,1.772436194159007,49.08629758642229,False
85740,0.040596399125219985,1.7357090938498814,47.516598655328096,False
85800,0.039783257495873754,1.847704257400892,48.01572349149909,False
85860,0.03925680866629554,1.7580554377052586,47.715540453067014,False
85920,0.039305445255487376,1.8590508677636786,49.28682860434327,False
85980,0.03869162940123371,1.7783660383324194,47.943419745888576,False
86040,0.04018955888923676,1.7436590900846651,47.94690383645145,False
86100,0.03993324097341873,1.7769797142472548,48.01417969914933,False
86160,0.03964800983637624,1.6582949940149234,48.24958512746983,False
86220,0.037635504940523944,1.7934784968596036,48.03979248847417,False
86280,0.03900214602424466,1.7908135636789715,48.139799630018786,False
86340,0.040896672521122536,1.8445361083135903,46.44386771022169,False
86400,0.03946829919994949,1.6981395338888976,48.23928225913804,False
86460,0.04028847334212547,1.8627407834866316,48.221835306284014,False
86520,0.0388874516560198,1.8443123619298736,48.734446048650454,False
86580,0.04115096438588738,1.8676103524397278,48.871921778487526,False
86640,0.03988477787195626,1.7971530456957767,48.12576692805549,False
86700,0.040232032317186826,1.8547504290415489,48.62996515399194,False
86760,0.04186062383350535,1.7205528221150272,47.67329587733612,False
86820,0.04121315208047152,1.8385045685210448,48.609981093310154,False
86880,0.03975474750297035,1.758357210846603,47.94230167679837,False
86940,0.03952542385210371,1.7108243010491615,47.63842049670421,False
87000,0.03973956399078438,1.7392964120191245,48.14020454607077,False
87060,0.04040791859878123,1.8002986814859807,48.93546476317526,False
87120,0.0399158206925993,1.7554878427562495,48.32796096234536,False
87180,0.03968380468399722,1.8203079707115732,48.987931922222685,False
87240,0.04117374500056723,1.7023551720297831,47.86755114587917,False
87300,0.03990863208657773,1.6851367326447435,48.76807270946463,False
87360,0.041839671274429856,1.8741089214437532,47.92029679297573,False
87420,0.04007259405100174,1.8488052069876775,48.36127080174237,False
87480,0.04142825471537978,1.7433379708606545,48.359177534731046,False
87540,0.040285855538168505,1.799838019252591,48.583811641766985,False
87600,0.04077036845859956,1.8550533812508716,48.38066573916414,False
87660,0.039420311158785824,1.8226368328476927,47.88793281470113,False
87720,0.03931699262193007,1.8080040471939078,48.69990821406189,False
87780,0.04036776476401199,1.8591383203908802,49.12781268958187,False
87840,0.040790842593972254,1.7605415263391342,47.97231233569468,False
87900,0.04003220520160037,1.80168363622789,47.34882766300379,False
87960,0.03897088533193304,1.799036173532211,48.51833313980677,False
88020,0.03891179330696854,1.7852708494257636,48.105312813007366,False
88080,0.03885829087825101,1.7789505023832795,48.20758123645937,False
88140,0.03858590230964849,1.8039348848427386,48.553451196706085,False
88200,0.04008758828755767,1.8018580047832184,48.04939575833135,False
88260,0.04090003513736642,1.7433849073031356,48.14539564197588,False
88320,0.03998926737046015,1.8432969791346243,48.23199152358299,False
88380,0.03819166819412972,1.747275198780622,49.01915790544736,False
88440,0.039847391631732364,1.7882153939944527,48.30154539291521,False
88500,0.039869760802693915,1.7840548544731172,47.6709034548545,False
88560,0.04167679900018035,1.8193375950835977,47.693030659094994,False
88620,0.03883428966966435,1.685568387228264,48.36281451489892,False
88680,0.039687457917920645,1.8481091300061907,47.730715208127194,False
88740,0.04136468214443565,1.763442521228943,47.51650711941417,False
88800,0.04035998267307724,1.865878017917961,48.61765651274683,False
88860,0.04045065045881314,1.7741790940761277,48.64436737311771,False
88920,0.040091667549619105,1.7973624463703635,48.12027955914003,False
88980,0.04026395483092581,1.903344446163695,48.45340712606638,False
89040,0.04062208762422283,1.785023736725142,48.40286795699184,False
89100,0.039352410944885785,1.8668978937723668,48.6122464822822,False
89160,0.04070244686312656,1.8021084346204863,48.615641395671126,False
89220,0.03890159758649157,1.8224326168358485,47.01260180434118,False
89280,0.04026269437826523,1.8037777638282142,48.19747627326716,False
89340,0.04014299277062906,1.8457839878202067,48.578907501001,False
89400,0.03950696552944631,1.7629812929059352,48.11695676579599,False
89460,0.03998185177973948,1.746861379756964,48.34251603534898,False
89520,0.039501967877867555,1.7655168857196408,48.70199436096167,False
89580,0.0391426389385106,1.805384360321501,48.36933664115228,False
89640,0.03971710820670909,1.7880757855802822,49.0850633875472,False
89700,0.03911680909170267,1.8383548433294437,48.8968264594739,False
89760,0.0402582379712746,1.870455511790362,48.276280911251185,False
89820,0.03907993160467811,1.7473047297893096,48.23876955677808,False
89880,0.040569581618392844,1.7603667652528476,46.91486024394335,False
89940,0.039054816745656945,1.7224430714111059,48.17900085250234,False
90000,0.0395469640675352,1.9096401415009916,47.667847158995905,False
90060,0.03950031727342786,1.8164521529525788,48.457326030755056,False
90120,0.04106011738309987,1.8259093252827852,48.425376269718306,False
90180,0.04026423195649327,1.7276287472083234,48.69909844657526,False
90240,0.03983061295796449,1.7999368205936288,49.05173545893954,False
90300,0.04039897555285578,1.8274993911583066,48.34249516253302,False
90360,0.03831424612213625,1.786351084711141,49.49806768773417,False
90420,0.039965493128287274,1.8580881037406254,48.476314908786094,False
90480,0.041598011342243814,1.9248388807847128,47.707210643721396,False
90540,0.04010587720512214,1.7488586073369266,48.083512557428215,False
90600,0.04005433053533547,1.7448072887172583,48.18040479923293,False
90660,0.040438502703713755,1.752601172461457,48.6650713793671,False
90720,0.04071648419465148,1.8867347546408906,47.897612508079334,False
90780,0.03840202664568811,1.856287187119603,48.22447917119285,False
90840,0.03865413881456718,1.792681497839143,48.29517662660307,False
90900,0.04016823303286892,1.8019742218776473,48.15386601757691,False
90960,0.03942809875048199,1.755906644185377,48.78586376664811,False
91020,0.041049620209775935,1.848061466518132,48.703046424444494,False
91080,0.03974786048809182,1.7794853014981382,48.96789895216737,False
91140,0.038452375411429505,1.78595586686943,48.22133244846335,False
91200,0.038985588866524805,1.83287464766258,48.990338477246475,False
91260,0.03780025918429554,1.7898482733435062,47.70930580483756,False
91320,0.03981269957017367,1.7873118363511162,47.69934185173473,False
91380,0.039849292698188495,1.8005710610985701,47.78886281358761,False
91440,0.03966042983217448,1.8429491923448262,48.40259915735284,False
91500,0.040863103231223795,1.888910626076127,49.00141202372924,False
91560,0.04095881586921336,1.8316162565412886,48.101381579524116,False
91620,0.03986368926131511,1.8433789680757104,48.16633557176527,False
91680,0.03829224506601851,1.7892078806465392,48.29890295099639,False
91740,0.04049382526439381,1.7617789153888894,48.69555564474845,False
91800,0.04044428818280686,1.8353152565406963,48.172558585780905,False
91860,0.04024751325612556,1.8092470045284308,48.14689241290351,False
91920,0.04078518379944649,1.7231780529675136,47.74313291458648,False
91980,0.03906813752283117,1.7822842403350176,48.132199645080334,False
92040,0.04160700430894811,1.7955235607319961,49.009020731540126,False
92100,0.039232457797486506,1.7724352751804622,48.46798251371527,False
92160,0.04059937834176069,1.8800137221052748,48.05482190875564,False
92220,0.038650121844469316,1.8259113079927198,49.04505080464764,False
92280,0.03925578825018396,1.8741514455659871,48.13660172165664,False
92340,0.04121309491738027,1.8142249641292167,49.141415916831534,False
92400,0.03979128014159932,1.8043949431669541,49.135471270443915,False
92460,0.04067193808410624,1.7494237178490466,48.46390324908477,False
92520,0.040189564310975395,1.8006441947926146,47.688852326615155,False
92580,0.03991603347519986,1.8007049119864738,49.58510705237745,False
92640,0.04109108025994615,1.7261758502621514,48.63622442724041,False
92700,0.03981067294027848,1.7708655166323988,48.28287254115141,False
92760,0.03857540951394922,1.7825427396801166,48.9251096653028,False
92820,0.03935740792643864,1.822327895379009,48.80042675582952,False
92880,0.04044095338296136,1.8249129060472282,49.10697419166563,False
92940,0.040316407285090006,1.768608801973879,48.12256077678603,False
93000,0.03874635339981165,1.8253189585372618,48.61520103191674,False
93060,0.03942052598447344,1.7901677378151801,47.86525886481064,False
93120,0.0395346229206382,1.6450405186578323,48.79359083220729,False
93180,0.03970762432470862,1.7738260902746168,48.45118060392665,False
93240,0.03889926912911876,1.8582653865676886,48.60538757088722,False
93300,0.03949730311350442,1.7091824891421052,48.39393773562714,False
93360,0.03941711161179238,1.806085324822439,48.34384784165677,False
93420,0.04061722660780954,1.8856041055660056,48.03745631934716,False
93480,0.0406472970487922,1.7589269005374342,48.8690166681002,False
93540,0.03988335163352895,1.800116050343095,49.22088323353237,False
93600,0.03968636816330342,1.7295831221096922,48.199926690110175,False
93660,0.04011193944963129,1.8878704816498328,48.75726077645433,False
93720,0.03934673991403554,1.7955000381421828,48.698811990702474,False
93780,0.03908253433426605,1.8025178495108771,48.48899873845035,False
93840,0.039247823032859425,1.8731322251373037,47.72388162049713,False
93900,0.03949214946882283,1.835719833310856,47.83861046602776,False
93960,0.039069220960166184,1.752716048445176,48.10114782041084,False
94020,0.0401296476472503,1.765046992099285,47.42436608860422,False
94080,0.040583772539026966,1.8267262904442583,49.20011346974657,False
94140,0.03873032135936141,1.7662974630266013,48.68217937378718,False
94200,0.04002010296897283,1.6856688611454915,48.48557688940134,False
94260,0.03982405136378693,1.79712499687349,47.407669158370545,False
94320,0.040273206948429445,1.7200685162992604,47.59308129489783,False
94380,0.03998964898551713,1.8872792146924413,48.50607568271811,False
94440,0.03883712057605469,1.8095465324392104,49.49472101395715,False
94500,0.038990088560914266,1.751120546935847,48.162383587682186,False
94560,0.04002353886046798,1.7622738496082275,48.94583434722851,False
94620,0.04082302473579641,1.6979725302548083,48.276213790588386,False
94680,0.0382286501031656,1.7406290581138528,48.54601427847386,False
94740,0.04027658126384127,1.8548814529371977,49.127966227679465,False
94800,0.04095169760423011,1.9205164518565891,48.349878142553294,False
94860,0.03987757929903503,1.8392254117127438,48.18003115801407,False
94920,0.040440161996821156,1.7950297029144644,49.23634854350608,False
94980,0.03943754473528176,1.7766741937146886,48.552321831404065,False
95040,0.0399045070405785,1.7483492260668765,49.07737512054391,False
95100,0.03870326918535348,1.911227358564346,48.191377782962064,False
95160,0.0381245253532649,1.789807570099324,49.23956898853846,False
95220,0.04075421264098022,1.9142440108233754,48.67527517572884,False
95280,0.039212004057820445,1.8752500535189434,48.75808500597243,False
95340,0.039635577723997256,1.7059969927073013,48.608735502983265,False
95400,0.038890846197383845,1.7640385706289983,48.29241301067399,False
95460,0.0388720242375329,1.7638715632946136,48.546538750828326,False
95520,0.03986092983992431,1.79568829633829,48.32831469148469,False
95580,0.039416338244691485,1.7967430303318574,49.03161249620534,False
95640,0.04030237679839576,1.9617969111514997,48.45254053575218,False
95700,0.04036203073518367,1.7418296947783631,47.80804515979313,False
95760,0.040256679717059686,1.812364376525877,47.718816560599,False
95820,0.04019088063274276,1.8332914180932613,47.697399006337,False
95880,0.04126221456394551,1.7999151117586634,48.871973115677754,False
95940,0.039145924984764095,1.8059497512001934,47.98946523561763,False
96000,0.03995605210703767,1.7435803197074444,48.7174899336272,False
96060,0.04090615185641567,1.8057502545085449,48.637963958857185,False
96120,0.04101163184747043,1.8276155457934162,48.53955205706016,False
96180,0.03886258908052434,1.817690431550641,48.7933386106098,False
96240,0.039750115646675306,1.830790848811253,48.65551743186745,False
96300,0.04108649687669381,1.8762808266343565,47.223730446335274,False
96360,0.040406463284159255,1.8505961932633745,48.41901235170508,False
96420,0.040156210425183816,1.8038499091288616,48.7956061935646,False
96480,0.03982585224525228,1.736725048998303,49.405425686313954,False
96540,0.03969295925943381,1.7675997151655995,49.43074274363127,False
96600,0.04023057525047226,1.7881399177964596,47.908168332950964,False
96660,0.03979810070001241,1.8136266748924381,48.417110594490765,False
96720,0.03996593710316444,1.7741700308790327,47.81114549169673,False
96780,0.04006287896489203,1.749470407244045,49.35637509050933,False
96840,0.0394575427772052,1.7358372707875018,49.105090311432136,False
96900,0.04042570349910515,1.7108364010110013,48.776185805193016,False
96960,0.04233139571873234,1.7873126619961732,48.6861689467951,False
97020,0.03857841068853914,1.7206380661282035,49.2956667207433,False
97080,0.04025921001935198,1.745971613055501,49.2132434223522,False
97140,0.03939184792910488,1.7787292988664076,49.188832827703756,False
97200,0.040461922062015404,1.7278604652928626,48.840380063670395,False
97260,0.04003724597866229,1.8205066181789298,48.43965563842575,False
97320,0.040609483819233974,1.839972045434707,49.00006185859518,False
97380,0.04094040526120703,1.7703309409321286,49.026750049617526,False
97440,0.040153936894214544,1.77640052538906,48.52564001659755,False
97500,0.040905641830731344,1.8290212075875103,48.44756394637998,False
97560,0.03812456168496906,1.7614442647493274,49.19207469497977,False
97620,0.04127236183833282,1.757732368773746,49.45970576898904,False
97680,0.040300049721513874,1.8646109178220598,48.25517947855042,False
97740,0.04086227468459615,1.8477461378904905,48.500418685687386,False
97800,0.03902409940412678,1.8324837001265717,48.80980321604228,False
97860,0.03933538409471573,1.849984809555281,48.879865831092815,False
97920,0.04011675063531582,1.6932269488301626,48.37761280700143,False
97980,0.03998636968853003,1.8731071195268278,49.58278595619766,False
98040,0.04022645487040799,1.8211713542955221,48.85430292820179,False
98100,0.04086761212874397,1.8545821947363097,48.91117665406805,False
98160,0.038587823747757724,1.8209067360722837,49.52715664499222,False
98220,0.040779055257373846,1.8026419405327285,48.425413446017615,False
98280,0.04000662552796634,1.7851333025324492,48.60795797482234,False
98340,0.03983697451110036,1.8198257963518552,48.02774245293623,False
98400,0.03882310781249209,1.7831656129191542,48.57045798572382,False
98460,0.040402438934701496,1.8468653094035161,47.9143991142865,False
98520,0.03806871371917517,1.7143313411941812,49.035017207754336,False
98580,0.040518715208990974,1.7707549034631092,48.87332056009632,False
98640,0.038806315331621606,1.9104204554177389,48.52701718594561,False
98700,0.04004276633009398,1.7661916549670909,48.61756963995953,False
98760,0.03990466493013767,1.7871110789545723,49.05074435586651,False
98820,0.04093563051783511,1.752340629599096,48.10434275923063,False
98880,0.03985707586478889,1.8181356663358346,48.776554390805416,False
98940,0.03944468915108347,1.7602416959323215,49.0264550147121,False
99000,0.03959471784322304,1.7899770095204193,47.78779272718267,False
99060,0.041018306215003734,1.845838792945894,49.02362842314086,False
99120,0.04042903757534472,1.762266775384,47.84635784306264,False
99180,0.039691496014781474,1.842585000440322,48.62682148717122,False
99240,0.03981084286402839,1.8444003830402593,48.106152831452945,False
99300,0.038746258327531646,1.8569676291148418,49.40570132754913,False
99360,0.04031077936068123,1.8075892137255742,48.11374716523152,False
99420,0.03859214743384363,1.9750279901567465,47.869442400728566,False
99480,0.04060143717266836,1.8569448196132725,48.76344307191299,False
99540,0.040102897273993014,1.8175433917179686,48.49214516550798,False
99600,0.04190956143965914,1.7527000816395863,47.94892369559,False
99660,0.03911989155702056,1.7947588072027965,48.96636356390295,False
99720,0.039917870327167496,1.877021656752602,47.70993608750426,False
99780,0.041438630160738454,1.8923148692438185,48.1897947868411,False
99840,0.040953111712233134,1.8798297714237724,48.42253579232584,False
99900,0.03944303035873608,1.8424003845633996,49.11348577801737,False
99960,0.04017917394269876,1.732194348860039,49.36233841984995,False
100020,0.04000159948513207,1.8263067381625862,49.26822501441072,False
100080,0.040225564693915326,1.732964271585138,48.642426649919386,False
100140,0.039441055651212135,1.7196765555574391,47.50763907715649,False
100200,0.03992854367783941,1.8129145689671708,48.91894936456692,False
100260,0.03872155809977863,1.8282527701525666,49.46103937797351,False
100320,0.040108098761494466,1.8487823633179634,49.344877366671554,False
100380,0.04036001653873747,1.8268453569808492,48.9616863220402,False
100440,0.039818064469884895,1.8287056432301085,48.137690089402675,False
100500,0.03870795928753217,1.7468287604104118,48.47201762416127,False
100560,0.04079082549028117,1.7943312590270282,49.70380797975188,False
100620,0.04029162003039424,1.7186156935757377,48.030765667450545,False
100680,0.03941918792183922,1.6918180670123895,48.16743947511098,False
100740,0.03977551964252955,1.839994706331526,49.214865519172385,False
100800,0.03879946447777453,1.7593312827352883,48.530239775590545,False
100860,0.03917967189777768,1.847114919115725,48.15717149129457,False
100920,0.03956975092291429,1.8598507692055222,49.514264296161954,False
100980,0.040982736649824124,1.7665568644703473,48.983036350276585,False
101040,0.03948839728729002,1.831876799105986,48.56383743341899,False
101100,0.04051217092746301,1.7642975366548634,48.18408025206139,False
101160,0.039569347037710735,1.7003225407701517,49.78290060634468,False
101220,0.0401983580486815,1.8066587078398928,48.74920106944498,False
101280,0.03988688359828496,1.7745728104953489,49.4623206644566,False
101340,0.04069844528007419,1.776235193428295,49.21270305993014,False
101400,0.039572150929425155,1.9066685283636584,48.507665161197366,False
101460,0.038741977399998045,1.7176037229324357,48.51387503893766,False
101520,0.0388944407749091,1.8206750413100594,49.49573269980308,False
101580,0.0395744980048458,1.7462804091941835,49.50606357154968,False
101640,0.03900075202345756,1.8490461161004355,47.83857657158289,False
101700,0.040328169612543645,1.8161152867534536,49.05415434453792,False
101760,0.039627385468113535,1.820484594855753,48.72088646608858,False
101820,0.04189968524002115,1.748975960649478,48.26706194138471,False
101880,0.038609828323890295,1.7586582526824306,48.91682622461612,False
101940,0.04016290654296784,1.850071527396678,48.11338443616789,False
102000,0.039097637581195464,1.8956230769732885,48.55718480874161,False
102060,0.03960527892769386,1.825936622130106,48.39340527408324,False
102120,0.04011313557867244,1.7515392810783428,48.544976162793795,False
102180,0.03813970290010057,1.8183026802129518,48.76136220244437,False
102240,0.04018946089343042,1.9310834903942309,48.29154777272619,False
102300,0.041522325969819335,1.8055308317788212,49.588150272519144,False
102360,0.039637249361305124,1.8789394064072544,49.05043202918313,False
102420,0.04020784628544441,1.7600222142447095,49.70330158108066,False
102480,0.04081993735450032,1.7977273532116351,48.72820973675419,False
102540,0.039868837199978406,1.8334565211307794,48.53608439454821,False
102600,0.03953523184917481,1.8214557286461948,49.69191683734685,False
102660,0.0381794108770226,1.7586150112739973,48.52590881456691,False
102720,0.04051279257551598,1.7562860573149477,48.72802232791291,False
102780,0.039909465272216886,1.8533673577675436,49.17942169855969,False
102840,0.03918985291888947,1.8643437438831079,48.202764743565965,False
102900,0.04010127736822216,1.8816557521385837,49.179504644515,False
102960,0.03953305571455506,1.8974122460956548,49.117760489604045,False
103020,0.03957725909510758,1.8072694495614203,49.46297926994422,False
103080,0.04048503292488697,1.783195240811494,49.27556851683395,False
103140,0.03892929407094092,1.8729535106940374,49.48276509617123,False
103200,0.04083785222885901,1.8385057412199857,48.7797946238818,False
103260,0.03888185106950528,1.74694741603195,48.405900069186046,False
103320,0.03946983887331579,1.7441836740619787,49.894457589984825,False
103380,0.041538356955253264,1.8265642308732408,48.078346729585725,False
103440,0.040901883809313935,1.790427168279864,48.13066765231337,False
103500,0.040078083193996354,1.7985727824440023,49.12871786640826,False
103560,0.03924757582759903,1.8579168016943506,49.660876524646085,False
103620,0.039576582154640084,1.840988005829192,48.94538857791807,False
103680,0.04005862025166856,1.8718131554145954,49.35249465921565,False
103740,0.04003001858587168,1.6956970502558382,47.85717110003214,False
103800,0.03992730325629923,1.8136834875299448,48.607529637081115,False
103860,0.03997533398873265,1.8375131802094493,47.922557869003626,False
103920,0.03982849991223591,1.7175643637388651,49.251966906093145,False
103980,0.03884641701148799,1.7646356353692616,48.09037541808788,False
104040,0.03958679140627133,1.7546138012342385,48.22731131276963,False
104100,0.04073169924318948,1.8011717012372355,49.12546299267022,False
104160,0.038905332561959105,1.8879041143094795,49.40159222060195,False
104220,0.039848355590768575,1.9092198278519046,48.79342564488205,False
104280,0.03934419685698332,1.756028472134043,49.16022560545448,False
104340,0.04008908034351849,1.828434091526653,49.14626309124034,False
104400,0.03968909345514655,1.830175084015685,48.77188523248612,False
104460,0.041181914931979736,1.8209317916617964,48.3344755751678,False
104520,0.040405266523352204,1.8215449002759188,49.16650367445681,False
104580,0.03895055746737823,1.8164020951323718,49.192835470805605,False
104640,0.04053698240929096,1.8911287865235467,49.335529481366756,False
104700,0.039380278514990354,1.859533191775875,49.04678014626464,False
104760,0.03953840290289797,1.7427516895296935,48.3087266318891,False
104820,0.0402510552160857,1.8429689383675496,49.240376323716916,False
104880,0.039606602064215894,1.8481881622236185,48.89674535732173,False
104940,0.04071428465305837,1.8170082335061966,48.65829682967779,False
105000,0.03938039195078928,1.8610969160071473,48.75457728764618,False
105060,0.03950484275792691,1.810155997852148,48.558996271451406,False
105120,0.03947490328516151,1.8108252569381176,49.35077640447738,False
105180,0.039547489001315966,1.8065469894125603,48.19952680266372,False
105240,0.040879353244438255,1.691014819366818,48.414070856454096,False
105300,0.040503037034888244,1.7956584867290828,48.74865703592502,False
105360,0.04136795516320966,1.7639144689794533,49.722148556783935,False
105420,0.0418141153631194,1.735931809177602,49.44464306161443,False
105480,0.03917542637445413,1.8774369873759342,48.09931203984796,False
105540,0.04005633530186183,1.8272272060008607,49.59763564025138,False
105600,0.03905903974668525,1.7983891216289944,49.59890185877055,False
105660,0.039377915257801384,1.769500619040469,48.33941724167095,False
105720,0.03949593399179546,1.815993157569952,47.667921923787624,False
105780,0.03915427610068938,1.8535375490391457,48.89476990231579,False
105840,0.03915849018168127,1.7553438444484653,49.49432257254289,False
105900,0.039884572497183794,1.7997392678970632,49.73097100719664,False
105960,0.039026625265290875,1.8468755909379633,48.50215604451949,False
106020,0.04067370156731011,1.695455939029457,49.81578888343516,False
106080,0.03926579717006599,1.7968912328301083,47.828062787598896,False
106140,0.04224765517607711,1.776818265990433,48.76023333299617,False
106200,0.03963889243922848,1.7927731876812283,48.73788295970651,False
106260,0.04005761411353364,1.7729120579559172,49.5248864611801,False
106320,0.03896372705242717,1.807431728681194,49.600098836091405,False
106380,0.04136487340650211,1.9038758699028269,49.43028908524178,False
106440,0.040895600544642335,1.7825081864078582,48.2801318875557,False
106500,0.04023753269658889,1.8157523944910818,49.38894608223168,False
106560,0.03892255796097635,1.907716306594092,49.21438720503253,False
106620,0.0401685335021797,1.770299158767882,48.12647868249956,False
106680,0.0391028551631862,1.8979924688421643,47.93081861514207,False
106740,0.04116988421077869,1.8002874423578639,49.48554982895688,False
106800,0.040647355785482536,1.896222396196706,48.87873518786043,False
106860,0.04007635123079019,1.8405108607471012,48.32842344652619,False
106920,0.03805089946940214,1.8165838515794508,48.869158182802806,False
106980,0.03921326721707278,1.7964559431781244,49.15749434211736,False
107040,0.0405502089052799,1.7663017622465227,48.93627789263055,False
107100,0.04097030695337853,1.8040927436980752,48.203940033804855,False
107160,0.040887335849193705,1.8484575187870813,49.92494121655351,False
107220,0.03872638959820684,1.7992919827261797,49.486501403668974,False
107280,0.040241241845450325,1.7829023685266596,48.81893334774186,False
107340,0.040812412173186347,1.7864577431544002,48.84130440003102,False
107400,0.038673331547534204,1.853593737133485,49.170825079742315,False
107460,0.03999367638770141,1.8661587185753923,48.428500338919136,False
107520,0.040219073918646764,1.7639738722565081,49.15687890946135,False
107580,0.039759388332122614,1.7638962556978357,48.33240412716604,False
107640,0.03851827051567904,1.8204853816620241,48.96473289157742,False
107700,0.03973944151194102,1.8824867314968918,48.41794390447514,False
107760,0.039738155655795984,1.8618834766488783,48.44541731764378,False
107820,0.0398815420763618,1.7323999805422847,49.8295502700198,False
107880,0.03954922285965994,1.7857398976204395,49.038531564756546,False
107940,0.03964559027740683,1.7497474080467663,49.11485151471842,False
108000,0.03996823497412242,1.785554323816576,48.007687995880744,False
108060,0.04035396368397577,1.886638139785909,48.71710670156445,False
108120,0.03975645858971467,1.7231795649657171,49.24844329458072,False
108180,0.0396722808573056,1.7125812741628699,49.11713502260586,False
108240,0.04007388323060357,1.7552580757145855,47.945281633358825,False
108300,0.038463267259283854,1.8155147725391036,49.12809515676778,False
108360,0.04038162810178117,1.8335207603146009,49.21003525461766,False
108420,0.039999549522301635,1.8236222154825228,49.670866506345725,False
108480,0.04003175482127805,1.8634870117744748,48.70359960218077,False
108540,0.040768587446075574,1.704793377911368,47.91241045598567,False
108600,0.038437747575961405,1.8641701730713827,48.5372890945545,False
108660,0.03842093290411283,1.7831468527175003,48.48937160542636,False
108720,0.040219043076258815,1.8395006927294628,49.408488218154204,False
108780,0.039994306515897186,1.728535026954787,47.68399513947012,False
108840,0.04013614155455355,1.8002676616384898,48.82041485803504,False
108900,0.03963029833986204,1.8127586216118068,49.75972047926354,False
108960,0.04053148293939195,1.8624105560249147,49.052658628295305,False
109020,0.040746111074392896,1.7143962503791808,49.49944045937026,False
109080,0.040387185835161224,1.8016606376208848,48.232612538910075,False
109140,0.03979133723327633,1.7413972942783242,48.254746603486026,False
109200,0.03831384848990848,1.827296786387247,49.776592243415365,False
109260,0.0406153889664297,1.841969692968631,49.11080835177495,False
109320,0.04097738293297407,1.8695071930954368,49.11406750440446,False
109380,0.040515646729587185,1.771108409467348,48.50558356364996,False
109440,0.039296286058106,1.8500702302271947,49.11728049658214,False
109500,0.04053903551493421,1.873488685723761,48.49615050234054,False
109560,0.04068842376636916,1.7112646636278048,49.66478416536698,False
109620,0.04124705299823927,1.8330666256853163,50.43749395025181,False
109680,0.03929911206061763,1.8517596077041258,49.31777877655396,False
109740,0.03981883633236469,1.7860287751350785,48.76056471139409,False
109800,0.04059781764091477,1.734618226813644,47.813438393281096,False
109860,0.04004592805715053,1.850919610829922,48.24026515566083,False
109920,0.03910613791835898,1.735226523311881,49.86215778284913,False
109980,0.040331693028021365,1.7903690225364113,48.57236060010359,False
110040,0.040462929307052135,1.7978333008786203,48.903768735299444,False
110100,0.0400703703170648,1.838639054792016,49.41907881783586,False
110160,0.04017566794174396,1.7661618957863232,49.83479038463073,False
110220,0.03979303527865142,1.7630324808032958,48.99608167877148,False
110280,0.04118262314857285,1.805341435853208,48.89577135892395,False
110340,0.03927944625302986,1.8543450857914665,49.13614496241587,False
110400,0.039530143389788976,1.92352230003527,48.78874519424449,False
110460,0.04000878841082202,1.7185960152119462,48.817884155321195,False
110520,0.040703163222160714,1.8170284689604752,49.31296347013817,False
110580,0.03880210146392437,1.7413271085833484,49.20189882469205,False
110640,0.03895176260018765,1.8550158071331642,50.177285373457664,False
110700,0.038369817193812224,1.7493185944453016,49.33313678289966,False
110760,0.04002615618020262,1.7635689962181547,49.69151480303242,False
110820,0.039105355346234764,1.7681793736105442,48.5825290950275,False
110880,0.039692359911985664,1.7958852573091306,49.382979982807775,False
110940,0.04052910255191337,1.8174526702303702,48.76114031889568,False
111000,0.03948676582337372,1.8261198752548597,49.32258727824806,False
111060,0.04018502561819469,1.7996885525061297,49.47134760006076,False
111120,0.039760529673798624,1.7281858847882086,49.15425437740765,False
111180,0.04053769145207715,1.8393004521167502,50.33521247054787,False
111240,0.04038010245387841,1.7971402321621965,49.84776914876827,False
111300,0.03944645304306031,1.8627336786607938,49.724631585032164,False
111360,0.03986507859727964,1.7617821059080834,49.52038166920619,False
111420,0.0408349947181764,1.7134771647230465,50.02214863628977,False
111480,0.04031470149620328,1.798162595855114,48.42421323309371,False
111540,0.0388824303537991,1.8699814451673504,49.830069095227174,False
111600,0.040524494448937104,1.8086908753772668,48.65153503463569,False
111660,0.03913231150205101,1.7892178308446658,48.86721728550565,False
111720,0.041130010455968806,1.7530012610464987,49.43231272147342,False
111780,0.04081927907187282,1.8949193892007645,49.77045623660152,False
111840,0.04023190838073472,1.7444014598762219,48.57928749240874,False
111900,0.040125786274748956,1.760828710088075,48.902033023814425,False
111960,0.03983277419517806,1.8307818465885373,49.20930115330751,False
112020,0.04054281916112002,1.6997748827461134,49.06958176911257,False
112080,0.03970337746443035,1.8688278959305924,49.59201045648159,False
112140,0.04018845589651192,1.8337064281677373,50.88518788825982,False
112200,0.04069754749321556,1.8485584778778,49.37911408893406,False
112260,0.03955055476517953,1.8301383186452813,48.804085169993535,False
112320,0.03950704580800744,1.791299330057356,48.52565887815876,False
112380,0.039044507615420436,1.7425899696516072,49.01351574108902,False
112440,0.03914842180309906,1.7924359261738523,48.708247409270996,False
112500,0.0385372837508468,1.7473372391653577,49.41437690267668,False
112560,0.040583863031212426,1.8262523867441247,49.40884247898464,False
112620,0.041447131633666215,1.8435661108495975,48.95347721323362,False
112680,0.041140263154776244,1.8797476660847032,50.17976847679156,False
112740,0.03869913240909879,1.8200754525898546,48.82179696468329,False
112800,0.040579883737244964,1.84992706925614,49.13203474475771,False
112860,0.04113768507993885,1.7839541841895723,49.51356126605528,False
112920,0.039634552015409066,1.7741730345475575,49.642237034398846,False
112980,0.04008115794452004,1.8255782821041073,49.8372275026891,False
113040,0.038393685559356266,1.779130464873287,49.41491713581769,False
113100,0.04021338893438131,1.8145360325966935,49.728354901118635,False
113160,0.039149152216452224,1.7426956217758873,48.87257411911423,False
113220,0.040159708014329214,1.7523921051462799,49.666398839706964,False
113280,0.0387510376622489,1.8343121022549878,49.66195208901354,False
113340,0.04043428657958208,1.8478812640719293,49.968260505715676,False
113400,0.040819610140341356,1.7467745668757992,48.379828826628206,False
113460,0.03937345611062787,1.8362131727673467,48.7626849193455,False
113520,0.03909046193487165,1.7712322736560953,49.63007661623326,False
113580,0.03827518156596001,1.8008912795148169,47.89505354601248,False
113640,0.03978686917273986,1.876514998452695,49.46896852725092,False
113700,0.03953472485257472,1.8436043106372393,49.755097307225995,False
113760,0.038759184470121555,1.8429770873531985,48.93923712538866,False
113820,0.04036241500504974,1.9030746793566762,49.01455940351149,False
113880,0.03964002369450828,1.7619905155833109,48.69481538435107,False
113940,0.039139411233083815,1.7467627513504025,48.973340152508875,False
114000,0.039556342075487645,1.761005397407656,48.99005911579727,False
114060,0.040857043631143695,1.7862569431160429,48.897152383948956,False
114120,0.040482349555004175,1.6728542668282378,48.871963586693035,False
114180,0.03989597915080121,1.7887988752183723,49.107529937544655,False
114240,0.040495284014771885,1.7705931804776749,49.10370982656436,False
114300,0.03907127043489061,1.8423230274394813,50.18455758872651,False
114360,0.04002589608058162,1.8190306464665422,49.05262872164105,False
114420,0.04011785786438918,1.7675623821004558,49.42402605569905,False
114480,0.03962413079320102,1.8318578856495968,48.96573911876854,False
114540,0.040348366668765935,1.8390562052304835,48.961612368489526,False
114600,0.03937565323628444,1.7584985273512639,48.40645464194751,False
114660,0.040407856566220896,1.7733766902093495,48.47518644131184,False
114720,0.04044148701722503,1.679830387896709,48.65960007979446,False
114780,0.03766627209544235,1.7411043613840587,49.35717729140456,False
114840,0.0409522445628081,1.759906643737127,49.805645356070386,False
114900,0.0375618939477178,1.8040049735367252,48.3764559193839,False
114960,0.0395071607795551,1.74894933531457,48.99747943656082,False
115020,0.0408202784274062,1.7722735926993483,48.590802136963624,False
115080,0.03974617061979805,1.7338321431945396,49.14433859897559,False
115140,0.03882705121402437,1.8092401505206888,49.81659154729951,False
115200,0.03912501035062666,1.8229885881075851,49.057495254045506,False
115260,0.0408215245970565,1.8217277288146705,49.259407623153216,False
115320,0.03846279637556109,1.800667501122884,50.01300996185279,False
115380,0.040903192880769615,1.7167820581889248,49.516575883314154,False
115440,0.03995591832076617,1.7665225021497861,48.90980914455537,False
115500,0.03904608373564605,1.778005439694802,49.371542369785196,False
115560,0.03953350794215785,1.7782220531022863,48.88053987556975,False
115620,0.03918622052711869,1.8040489857714512,49.50678504204247,False
115680,0.04069298016068682,1.8769792341080351,49.556443767114416,False
115740,0.04058594224781027,1.8438531954849684,48.61742349423238,False
115800,0.03862467109289916,1.7466740398881706,49.390807707578055,False
115860,0.03967712630518453,1.8366337552660184,49.246676024290785,False
115920,0.03930945147012458,1.8345763278539498,49.58003100627836,False
115980,0.041034807974767495,1.7564723564606155,49.725595487605446,False
116040,0.038919920705498864,1.8458387598223138,49.55087641856174,False
116100,0.04128338328374801,1.7913396616589559,49.162784594213136,False
116160,0.03997336420838645,1.72386251153922,49.78327593573858,False
116220,0.039070452474895934,1.8245809471304058,48.882309191555024,False
116280,0.03945818065279258,1.8117159384751844,48.660809237428964,False
116340,0.03935870492738524,1.7877054080239654,47.72565654623688,False
116400,0.0389803052783876,1.7979775334109018,49.29045906705227,False
116460,0.0400758614877843,1.761169384140023,48.916985977577696,False
116520,0.03901766755944652,1.832947047205044,49.52886608976566,False
116580,0.03825570703300945,1.797653665736518,48.346604809109365,False
116640,0.039696258823321465,1.8089882375732043,49.01085888508537,False
116700,0.038557715042865696,1.8192856639191592,49.571812767870924,False
116760,0.03939827130554598,1.7376523768209784,48.82398939616776,False
116820,0.03927271768911732,1.7517087168183691,49.54576549805225,False
116880,0.03930302714237935,1.6806629991807247,49.06485548061537,False
116940,0.04160077048127212,1.8304960819584821,49.329192277662955,False
117000,0.040045129253735656,1.7345406587176746,49.64540509016495,False
117060,0.04019629680719627,1.8071587643343652,49.82645425291774,False
117120,0.038578881362926164,1.8200333641467359,49.39853160142396,False
117180,0.03947682949309046,1.832527053300196,48.94750990272785,False
117240,0.04017224210395321,1.7349830866528528,49.12772527338097,False
117300,0.039180376869669596,1.7964812726204027,49.677452040517835,False
117360,0.04072645027481439,1.8901951427225385,48.85057722163663,False
117420,0.03903784273127918,1.892572992719153,49.27440036946139,False
117480,0.03977090709130786,1.8533154470774553,49.17272127300433,False
117540,0.039531158688019555,1.8182246294962174,49.31621208492915,False
117600,0.040131456527505535,1.7457242550023497,48.86548136636751,False
117660,0.03948760794251566,1.8388055677711168,48.446380109289706,False
117720,0.03978328509834325,1.7914668536476706,49.63495324777915,False
117780,0.03981109592657761,1.8302685268647336,49.858877305947225,False
117840,0.03941248979408696,1.7658264534379857,48.48295376985739,False
117900,0.04038807509479769,1.7906616119066439,49.565733983473145,False
117960,0.040190710699869944,1.808863957444127,49.925092014836196,False
118020,0.03992910884379747,1.8132990169406684,49.68368573519833,False
118080,0.03965563333323043,1.8266610265808534,49.1796247768827,False
118140,0.040637235224416,1.7687234708356554,48.91844133574892,False
118200,0.03981133260494866,1.727462639586049,49.43290821470286,False
118260,0.03975464216973925,1.887738392154589,49.51854135885488,False
118320,0.0400837520239105,1.9344197251272615,49.44478223941295,False
118380,0.04135726934637668,1.8241607184049284,49.30904082317979,False
118440,0.03892771503358304,1.7285044268845742,48.86001193058076,False
118500,0.04061588551444428,1.7582474636904848,49.61491159270014,False
118560,0.038485463071009515,1.8274923487287524,49.64122434865604,False
118620,0.0401738185265829,1.8724202430307895,49.50843781858368,False
118680,0.04126006626208699,1.7345039057347398,49.46575323279204,False
118740,0.04039093481957385,1.7932860276741593,50.25211080853303,False
118800,0.040136500062831836,1.8105803314799744,49.10252632677685,False
118860,0.03955164042495754,1.8466872363694373,50.05766292219544,False
118920,0.04002483776039084,1.7814455409023795,49.05216279325976,False
118980,0.03979834974767731,1.7155540066686161,49.975879968752466,False
119040,0.03937121871365492,1.8335446682104568,50.040318111718086,False
119100,0.03976809950762011,1.8607389821192468,49.27933838938044,False
119160,0.040158704928501154,1.7955400610657615,50.258575172515364,False
119220,0.03938622634517549,1.8218829649305472,49.66484124326156,False
119280,0.039354974543452256,1.7743774736109383,48.993916733721804,False
119340,0.03891180524992626,1.7543282690848017,49.24770431150105,False
119400,0.04031258002087112,1.8554269867495499,50.00339341615255,False
119460,0.04043625860957365,1.8209247757819809,49.90077426844111,False
119520,0.04018532835538922,1.8264799043677018,48.91245137121671,False
119580,0.04077213639418294,1.881114217991709,49.37407257021467,False
119640,0.04007029410966458,1.743038513946797,49.54769237210174,False
119700,0.04031360874989261,1.7701905815193912,49.19435824057925,False
119760,0.04024306994051005,1.8085284008370737,50.62929005120799,False
119820,0.039926767984465435,1.769527085160893,49.569451715626855,False
119880,0.03957534253749628,1.8422893729047123,49.42394340287623,False
119940,0.04177132209263353,1.789880442071185,50.05250467486037,False
120000,0.03963843921611719,1.7464032283951518,49.27670203971548,False
120060,0.03946729783110365,1.8035516704601338,49.96525226684712,False
120120,0.04034720785876009,1.8091982936235667,48.62990191815054,False
120180,0.04020148353223601,1.8504728313964018,49.239170747222815,False
120240,0.03887616676191174,1.8212296087699609,49.99276263393779,False
120300,0.04089814260365099,1.8249019051334312,50.25555593944757,False
120360,0.03992464433971933,1.8172957509363903,49.086038877053305,False
120420,0.039111255123827425,1.7898359838502358,49.030005569850545,False
120480,0.0409510272914831,1.7613241677839917,49.76086925754866,False
120540,0.040500540457276926,1.8155972709896064,49.167858749308145,False
120600,0.03898836640644167,1.7820112626422835,49.34731639229287,False
120660,0.041421746272206184,1.8912504215038148,49.92203751794271,False
120720,0.040527037894692954,1.8724778439177538,49.2140135691707,False
120780,0.039991843107499966,1.8341733131469868,48.505581438613426,False
120840,0.04127217504449743,1.8204372147218213,48.83998175098189,False
120900,0.040127438227063716,1.7952502112470166,49.497731416048545,False
120960,0.039977533539916774,1.7318993185072546,48.563271703355525,False
121020,0.03947175990718241,1.788326699940614,49.34863272334688,False
121080,0.04046548035144566,1.805475601803884,48.80339432827711,False
121140,0.040381282373859184,1.8123906496200117,50.32164174423548,False
121200,0.040011744111911766,1.8253549638188546,50.586473192589075,False
121260,0.03936801091690592,1.849751830685395,48.97703299843878,False
121320,0.04010394388333286,1.7626236801285853,49.636740544032335,False
121380,0.039944160971390294,1.7631139172107135,49.03038899241852,False
121440,0.03893322054501264,1.8783462607061305,49.358162711793256,False
121500,0.03882255011894065,1.84163300581643,50.41678483120199,False
121560,0.040452122703047814,1.7788983691248006,49.2839355477644,False
121620,0.03791848934795865,1.7942105968765794,49.37649074491266,False
121680,0.04016432842156901,1.7944534468795554,49.05047449682093,False
121740,0.03961753355379694,1.8017050026031947,50.09706347367079,False
121800,0.04104659728550393,1.825524886980885,47.894565087979906,False
121860,0.0396052254326769,1.936889608289391,49.30702943287968,False
121920,0.04052758737140152,1.8102468543027832,49.507714700981325,False
121980,0.039682468927009766,1.8357803001229636,49.20234873752716,False
122040,0.04009099852278892,1.7089302578657324,49.96688981072177,False
122100,0.04058946922473604,1.773815400389943,50.13836035324499,False
122160,0.03962995542694034,1.8663560101466967,48.833556609223564,False
122220,0.04079724390759872,1.8217250311332573,50.58854934695229,False
122280,0.03920504169831481,1.562987812417299,48.8324062622937,False
122340,0.0402356742740467,1.8363972529250747,50.19058066971194,False
122400,0.040738111778230286,1.9035808773099536,49.62340883254544,False
122460,0.04052802999343227,1.692220990349531,49.29887408912425,False
122520,0.04153315590138833,1.8820469344848576,49.34827082724681,False
122580,0.03938924854615147,1.6503143959461999,49.53842755115814,False
122640,0.03889668059892113,1.8506519430328843,49.66162253182375,False
122700,0.0392045319132039,1.799532974195339,49.099566079609666,False
122760,0.04052835405323875,1.6731015543767906,49.444902930859804,False
122820,0.040398338347415505,1.8240914426709485,49.178766152638765,False
122880,0.040081805327717934,1.8621453464542113,48.9588074549692,False
122940,0.039101634360714295,1.819649898206365,49.15990602168075,False
123000,0.04061349383466325,1.8315806924012192,48.99580421096555,False
123060,0.03902023617787957,1.7777694899336907,49.36294372534157,False
123120,0.04092715966590152,1.699484953218065,49.79148828885461,False
123180,0.04228595073851189,1.8373606572062016,49.63783566761295,False
123240,0.040293160917257244,1.8944867116501,50.56688253325786,False
123300,0.040466486508526196,1.8609973661282828,48.476713292471146,False
123360,0.039605712184883554,1.6926547052015273,49.81883993684177,False
123420,0.03855182934313055,1.7181957020106096,49.589609227400416,False
123480,0.039517824509575826,1.7543177419429437,49.996463933727796,False
123540,0.039125683807121,1.7139793256308724,49.94909101910058,False
123600,0.03884239633886799,1.8023862556560262,49.51059219628135,False
123660,0.04137788795359652,1.8212444534797483,49.681643368180886,False
123720,0.04021829001442062,1.7227663227049121,49.225512773696835,False
123780,0.04030375006449119,1.8419649368008786,49.90661702423687,False
123840,0.039752782107843,1.8324596129770807,48.662568662901855,False
123900,0.03986170313404525,1.7703994072584401,49.99264956269144,False
123960,0.040771640545791465,1.790683812756865,49.59487927565229,False
124020,0.03997413030504383,1.6947107365147362,49.36516463325837,False
124080,0.04042455515041979,1.7820578435604981,49.49465870685412,False
124140,0.03984319656172399,1.8003987886030377,49.53355684368686,False
124200,0.039726277687414366,1.8091123701423222,50.264036495624865,False
124260,0.03887446866751851,1.8204593532490894,51.23436110141244,False
124320,0.0384178007501063,1.8131890541344509,50.22977933626694,False
124380,0.03979075047914688,1.785725440347654,49.33941068565044,False
124440,0.04004519735359459,1.8154545268979332,49.93919414514152,False
124500,0.03897109597063297,1.8541097276387535,49.9631974704312,False
124560,0.03997242010797229,1.7948431040412793,49.16618218058241,False
124620,0.0400430020503924,1.8171501241049106,49.00059254759925,False
124680,0.038275193595152496,1.7899467626161376,49.60158138615476,False
124740,0.0392679002724164,1.7650750185101032,50.039305306367446,False
124800,0.040325811114988376,1.8282355020135506,48.83177702561957,False
124860,0.0403096469835166,1.770017799014809,49.27946187999666,False
124920,0.03907706006688019,1.8208519326535784,49.92846632272263,False
124980,0.04012675844039979,1.8015257900615425,49.665231929266284,False
125040,0.04081792578028838,1.7835875274679123,50.35473658733406,False
125100,0.04062165836719272,1.7822802870640804,48.94314570439995,False
125160,0.039923771370388855,1.772561466409553,50.827141552566424,False
125220,0.039625618949340566,1.7111267367071934,48.88429251846047,False
125280,0.039496524412532395,1.8206763351387314,48.6409365352347,False
125340,0.040374255826327726,1.8125035285650293,49.62829165930374,False
125400,0.04015608317851431,1.8458821936322187,49.09274823933296,False
125460,0.040503523204881764,1.7713013272754332,49.64282952583709,False
125520,0.04010549905049692,1.90235071577574,49.627573572785764,False
125580,0.040655011160277955,1.7794942588161198,49.568779560612946,False
125640,0.04007567402636616,1.7527440793214866,49.247690804971846,False
125700,0.04062775097290535,1.746341014328496,49.88745405176365,False
125760,0.04069665821629331,1.7063681902255983,49.514687072493786,False
125820,0.03935637869582015,1.882761906189229,50.22741771965832,False
125880,0.03855348476250341,1.874037639101508,49.587628812420355,False
125940,0.041234794284811645,1.832440238795777,49.197720881654774,False
126000,0.04020532698456981,1.751611204380108,48.83841897156995,False
126060,0.0386284112836031,1.8978084548041925,49.59844918617102,False
126120,0.03942894440222503,1.7810071652778305,49.052131270617465,False
126180,0.040617499433895865,1.7854726051137608,49.01398228369995,False
126240,0.039776258535093686,1.8776119903435482,49.9549215196794,False
126300,0.039590350864544696,1.8355811715619672,48.80458748892778,False
126360,0.04112070548825037,1.9188595694927482,50.401748863079504,False
126420,0.039162170282892955,1.813431002057227,49.77774002051438,False
126480,0.039361477313796134,1.778560336822749,49.6781901672077,False
126540,0.04016910918003862,1.7669625362931711,49.18495816684845,False
126600,0.04031236394564311,1.7002622064317061,50.08675693969879,False
126660,0.04039707442747258,1.784955828268465,49.705347979132185,False
126720,0.04072899043565516,1.8618080402966786,49.36598177896404,False
126780,0.04015886289654522,1.8323370453234278,49.81117210306381,False
126840,0.04039150715115073,1.8010966323542619,48.87209668142189,False
126900,0.039792632592547936,1.7462735400339182,48.898055497770585,False
126960,0.04005015864258937,1.8122511429726877,49.15785567529818,False
127020,0.04008602734404291,1.8546919400805502,49.894942006157144,False
127080,0.04017207850865523,1.8232588398493792,49.720778865852786,False
127140,0.04061803184606621,1.8090036991602014,50.2491273139373,False
127200,0.04044411654555587,1.756964286722815,49.266872409478694,False
127260,0.040035373602320144,1.8468278179620488,50.01643091020723,False
127320,0.03935269921204717,1.6308771397878143,49.67439136817248,False
127380,0.04005413700645017,1.820673668278718,49.262033701403226,False
127440,0.03997758577208341,1.9387973869710085,49.928439788533716,False
127500,0.04015454526385056,1.7185478370840803,49.70500967845821,False
127560,0.041765220245712324,1.7869660494461264,49.42568566491169,False
127620,0.03958098177716701,1.7995728065332648,49.76347445996001,False
127680,0.04033783121530029,1.7750205280409448,49.67993937782283,False
127740,0.04085476965379544,1.855964209098185,49.67009019093635,False
127800,0.040078401531279506,1.8255123547751864,49.54286730464326,False
127860,0.041870276095337736,1.8082242201175553,49.098919264555406,False
127920,0.03969756856661482,1.843052718303141,49.791005896353234,False
127980,0.04025927137785604,1.800904538289874,49.354495655948654,False
128040,0.039360955404085615,1.9717126823964697,49.2479180633909,False
128100,0.039718780211885366,1.808172734417464,49.6399622295652,False
128160,0.04019914712831733,1.810545233318444,50.12955507810616,False
128220,0.04067704324984618,1.7076347253230433,49.857578214269125,False
128280,0.04025527586721886,1.7706536823256152,49.501430010648406,False
128340,0.04100729187946779,1.8619583948171898,49.48355774029684,False
128400,0.03992402775152586,1.727885330080567,50.08936705472872,False
128460,0.0397342651761288,1.6834919125876944,48.57532219331428,False
128520,0.04216318808582351,1.8017450354441291,50.17460222704121,False
128580,0.040315390119553624,1.8740202034036488,48.841141499379866,False
128640,0.03942441476321716,1.8022885863495908,49.07267508708712,False
128700,0.03944458899020155,1.7818492714581775,49.52547578002056,False
128760,0.039245856068374926,1.6996416513619872,50.869900421521166,False
128820,0.04074925548468543,1.8244217226259185,50.62577768446644,False
128880,0.039708498165685405,1.8357088558796844,50.14254153676145,False
128940,0.04010188998052519,1.7037864450485407,49.969798502414164,False
129000,0.03994919306044938,1.86126475222965,48.86261848366377,False
129060,0.04058519392635275,1.841347558398174,49.874365703513924,False
129120,0.03932260472569279,1.8611450608975566,49.52360551719716,False
129180,0.03913954217108559,1.8315103549590006,49.39211126406935,True
129240,0.04017943784574528,1.8352988662758112,50.30380594383094,True
129300,0.04048076742775992,1.828118928529894,50.41680786208314,True
129360,0.040266025850478115,1.8468975053610646,51.51297110775381,True
129420,0.03935243701672214,1.7017870804673085,50.536302418925935,True
129480,0.040541987873673115,1.7189427905844383,51.96774398186815,True
129540,0.039404911258323495,1.7602555733897525,51.91664812690103,True
129600,0.039582769084170896,1.7929897107296822,52.577337292163094,True
129660,0.0392448371802224,1.8209593938586417,53.36042688432345,True
129720,0.041040926678921626,1.817532809274358,53.07541821124168,True
129780,0.04050673723282188,1.8603237138186257,54.14214668016584,True
129840,0.0404839947005431,1.862018746123339,54.37981997586786,True
129900,0.04099776913691396,1.7528912041521352,54.58165411384694,True
129960,0.04225011939859098,1.8128831099427254,55.10261977139281,True
130020,0.03863261911687187,1.7542170964230208,55.6865885367677,True
130080,0.03940929873529832,1.7898346599289074,55.805904694042454,True
130140,0.039507059932660384,1.8173767339286186,56.61932865594976,True
130200,0.03931934430209385,1.6159295478705287,56.9026515754168,True
130260,0.03913793340191703,1.930207178140543,57.16205708567925,True
130320,0.03976027754875571,1.8305860685794637,58.6885779391271,True
130380,0.03902671702776848,1.767832023127676,58.52723525141931,True
130440,0.04026803389402993,1.9040779667824324,58.55421764178992,True
130500,0.040041358657142895,1.7812387167937456,59.24446244147664,True
130560,0.04038482293181093,1.8071560468347152,59.08408062564042,True
130620,0.040406182761310604,1.773695746238528,59.805063358600776,True
130680,0.04048240548274134,1.8892075592219404,60.28936890473383,True
130740,0.0397012728505409,1.7943308258594826,60.251969142960895,True
130800,0.04169691472210693,1.8080721414399334,61.49500158987594,True
130860,0.04018754489318568,1.865004236263374,61.474476682535204,True
130920,0.038510012197900165,1.8315975307028982,61.97550816808081,True
130980,0.039198099403387025,1.7970652044827602,62.29484004020572,True
131040,0.03860759760877775,1.859961112507303,64.48470373305184,True
131100,0.04001386770332105,1.9370780943891095,63.09980933060616,True
131160,0.039902555820757336,1.8171401642351688,62.82273689671315,True
131220,0.03962525944168043,1.8063050447451185,63.483067856139535,True
131280,0.04160874088992041,1.8092138625154304,65.08864362092956,True
131340,0.04043918629926153,1.870763193044902,65.80317712338629,True
131400,0.040580878689157066,1.7676433223082222,65.2200106498212,True
131460,0.03925514120964632,1.7849708517755702,66.62634254828825,True
131520,0.03920068408693519,1.7169780807471615,66.78362118135468,True
131580,0.04002944439927757,1.7360711354174414,66.74404458390325,True
131640,0.04013840571172178,1.7720387998543097,67.13451997547392,True
131700,0.03851495074630844,1.7969794023207373,67.78113669852989,True
131760,0.03985575438172037,1.8955304995915865,68.55538796436178,True
131820,0.0400112576662988,1.828943611465962,68.74126580404536,True
131880,0.039827880667383096,1.7507477604497512,68.6301728383114,True
131940,0.03934928767012266,1.760689053790338,69.30743193366047,True
132000,0.03956837185446309,1.8742364288944553,70.81112565249748,True
132060,0.039858512645141765,1.8608369588259763,70.3720592917475,True
132120,0.04007264001888804,1.801520095152107,71.1070735745036,True
132180,0.04048383326604046,1.7761035708609032,71.3683118226498,True
132240,0.0408646849639607,1.8607463731280507,71.66100666898693,True
132300,0.0397645218211782,1.746360335156867,72.0046357149585,True
132360,0.03963507504310772,1.8211696414951062,72.82494004557634,True
132420,0.04035012453882745,1.9227235855082399,73.16152431853209,True
132480,0.04048867593312869,1.8110892068415787,73.36010840784542,True
132540,0.03965263965339289,1.7581170881198733,73.30723887402858,True
132600,0.04063231478157294,1.8221599099442631,74.27285800753964,True
132660,0.04078366827292478,1.7746195291731712,74.47253310449426,True
132720,0.04103334917252694,1.7247177444373156,74.77786758501865,True
132780,0.04142265672537586,1.8378559454510939,51.2736131825778,False
132840,0.03930686708907245,1.860363057629685,49.166929195644414,False
132900,0.04001111856746601,1.7832110397080811,50.417940933430636,False
132960,0.04000902215729493,1.7796292735988013,49.50957868617854,False
133020,0.039921541145173996,1.7480754688794213,50.00874155738073,False
133080,0.039480589664311894,1.7919034775747515,51.22966722665769,False
133140,0.03881155039741514,1.7696321073221477,49.466418624104136,False
133200,0.040074143556823205,1.7454042349180243,49.5878964485061,False
133260,0.03938531547236167,1.9021771168415789,49.9433055617475,False
133320,0.0400687947845981,1.8251906121044734,49.530683605911186,False
133380,0.03936476516664092,1.830909335833585,50.398549914600586,False
133440,0.03912027332332453,1.847703576722351,49.691486675502354,False
133500,0.04018743868830152,1.8416359557050295,50.28798586801224,False
133560,0.0401207372214452,1.7776920625489774,49.298616136441105,False
133620,0.04046342557705675,1.8147178416404592,49.06202460566759,False
133680,0.0417486910131341,1.7854723538499244,49.853177521671746,False
133740,0.04022183162496868,1.8236770357379397,49.18564574653304,False
133800,0.0403880654136513,1.8184513078417408,50.73126377633813,False
133860,0.03913795093690614,1.7793363459133331,49.20945722911148,False
133920,0.038970474047570904,1.728217868962223,49.45774528492719,False
133980,0.04126626355741867,1.8078968010761374,50.185628225903415,False
134040,0.03926121617605336,1.788969447658406,49.68786596253867,False
134100,0.03916484474282509,1.6979198986237272,49.22408360703944,False
134160,0.03996872086302676,1.8274137355199909,51.00548932641279,False
134220,0.03992784606929809,1.85212847406111,49.48691999920059,False
134280,0.03927799479484537,1.9365312496612834,49.89183765143567,False
134340,0.03975602142502952,1.7788753348206843,49.8875999495345,False
134400,0.040983500574120084,1.7709095575863505,50.349580439974375,False
134460,0.03935520511293456,1.740091264356281,50.227831748730175,False
134520,0.03888506201250706,1.8112666629502985,49.58548465393272,False
134580,0.04075407489671983,1.8109251817501513,49.83820121848013,False
134640,0.04039383752955043,1.7561899979215156,49.889883264834445,False
134700,0.03950358510348107,1.7905537863717926,50.3800538851082,False
134760,0.03873426638709847,1.6931520539879747,49.42364283298319,False
134820,0.03940430131484915,1.8500243443829953,51.019088723193946,False
134880,0.039956236450520585,1.758383319977703,49.6326714054899,False
134940,0.040932537671907056,1.7981285570236991,50.01011805524489,False
135000,0.039170734420104276,1.72295855524992,49.436727688180135,False
135060,0.03993238409479082,1.768552905629075,49.36987255661001,False
135120,0.04054011572791592,1.7849020777100535,49.583967512295075,False
135180,0.038094986127902464,1.7993902942641151,49.53814976240533,False
135240,0.04082702893435112,1.8259055558382158,49.818512513563604,False
135300,0.03905403954223485,1.877710054508256,49.538388165662724,False
135360,0.04026559639476555,1.8395663909095452,50.37787654509526,False
135420,0.04019734651968859,1.8519568853298973,49.64083804119254,False
135480,0.04086766911317108,1.8780896219369294,49.58765189652934,False
135540,0.040440739504714836,1.8307642256022256,49.84030486560023,False
135600,0.03809816760661602,1.7980178114365744,50.53543839141057,False
135660,0.03937217660227521,1.854492042937773,50.148686693271195,False
135720,0.04011056410348263,1.8579425014419295,49.99363349592583,False
135780,0.03984401609110417,1.835022555250166,49.3291855302888,False
135840,0.04038208858380542,1.7214501097600505,49.47658333974484,False
135900,0.040631493244535764,1.7545611517328892,49.41096225406046,False
135960,0.04048676138914374,1.7851578783823538,50.70582249032001,False
136020,0.03982858004595643,1.8420995351197387,50.319908094453226,False
136080,0.03852293039110362,1.7988472933701898,49.62604593282887,False
136140,0.03963561500091615,1.8613909062063305,49.77690001978171,False
136200,0.040333094518511164,1.8710227779521913,49.64867040797944,False
136260,0.03912764219795962,1.8647552053085692,49.62061454231132,False
136320,0.04050501978409726,1.8650991904819356,50.29592532051333,False
136380,0.04072671463781385,1.7440023291484292,49.92423634891665,False
136440,0.04010149358103667,1.8260623169706118,51.110817985861104,False
136500,0.037548976106950085,1.7671934317884075,50.69764368037445,False
136560,0.03897752930983056,1.7109504181066033,50.72943359275287,False
136620,0.041508951326844866,1.7844765588689848,50.412601564397136,False
136680,0.0395627697655773,1.8715357961438717,49.86782319607305,False
136740,0.038412685421496805,1.824880068546397,50.380277827995,False
136800,0.04098819791064822,1.9089617060667181,49.90919569286945,False
136860,0.04001068447323494,1.809570427844478,50.90097971990153,False
136920,0.040883952391166184,1.9321813486940171,50.29021104046588,False
136980,0.04022156694017549,1.8095861461779208,50.22148118264599,False
137040,0.040366847308969736,1.8012139359923018,50.156066988962806,False
137100,0.040290407398171614,1.7309129352522392,50.964893525832046,False
137160,0.0405579906495368,1.8599703879758096,49.38011479963679,False
137220,0.04182194435884488,1.7728852430372142,51.01836353479311,False
137280,0.04077680506876735,1.765059427471929,50.008372371635254,False
137340,0.038735728545723574,1.869186450443179,49.40060444185806,False
137400,0.040357329212223125,1.8625440241149818,49.729803718347924,False
137460,0.040913184614482574,1.8611307738293767,49.282734607211225,False
137520,0.040962160645228916,1.780441678761031,50.43719626576941,False
137580,0.03965871601355272,1.7972473032735166,49.593451072206896,False
137640,0.0409319555561505,1.796767862524424,50.199161034886075,False
137700,0.040742193919640964,1.8422559817563096,50.68416537127021,False
137760,0.042058013949575784,1.8838924920986884,49.78327804630779,False
137820,0.03939999861100119,1.819879913980714,49.98746431848223,False
137880,0.03959407953887966,1.9066441186092975,49.47206251443999,False
137940,0.039755104761232035,1.8484484985737855,49.93179691932596,False
138000,0.03960782227996898,1.7873208327178214,51.415216940841816,False
138060,0.039287983400189117,1.8447504159309647,50.51940136466391,False
138120,0.03778985959546101,1.8921207750502738,50.00029922756546,False
138180,0.039652240421021494,1.907907605100432,49.82905007332497,False
138240,0.040295486447759925,1.8640921326083504,50.11580704799118,False
138300,0.03960542252359527,1.801386420497532,50.204378776319786,False
138360,0.04154830494682329,1.7882985642809803,49.932048201053654,False
138420,0.04001070065017269,1.8311077531923152,50.408842306915666,False
138480,0.04103282324414731,1.8903946227446364,49.66931861840346,False
138540,0.04020913633018398,1.8234235325995805,49.6690781803451,False
138600,0.040661125847914606,1.8245447210809158,50.3355994007659,False
138660,0.04022339324314685,1.802775484133123,49.56841044986217,False
138720,0.041095027705522855,1.7822938826179147,50.5194696074792,False
138780,0.040044751480105924,1.7912447366412285,50.15005032925304,False
138840,0.04039689656647103,1.8073130032032587,49.245465680496466,False
138900,0.04029306634692004,1.8927773997969504,50.216399507039114,False
138960,0.03976937163349815,1.7870554559593368,49.32130628636771,False
139020,0.04032398585513974,1.8028410520992146,50.512790257893606,False
139080,0.04178750899695815,1.7532696063380486,50.043981742844046,False
139140,0.039783682446323645,1.8386980775895505,51.09611067012632,False
139200,0.0403355719142826,1.8738006756507872,50.70845463846278,False
139260,0.041006223160695555,1.8877228836816649,49.64468161756413,False
139320,0.04091220262475542,1.8109816843335684,49.166887593162905,False
139380,0.04000937313417549,1.8310151312970788,49.801936551091494,False
139440,0.038093289037634114,1.791708282602818,49.57108753247556,False
139500,0.040413362254918775,1.8285130087035042,51.09681553173286,False
139560,0.038224420593101556,1.8169541182349576,50.181018813057804,False
139620,0.04117594978475299,1.8031462769115805,50.655115199193034,False
139680,0.04013557909695461,1.807438699382965,50.048119995229726,False
139740,0.04079973921589759,1.824403803303257,50.10303136176826,False
139800,0.03927831108945516,1.7841157685183395,50.1787812490577,False
139860,0.03875799402135996,1.7869051732277863,50.750594074011936,False
139920,0.04020860350731294,1.8921975487382638,50.35536644695659,False
139980,0.03997311724803509,1.9463695255177047,49.673116801784516,False
140040,0.03960676733907427,1.7349641847791617,51.01527044696963,False
140100,0.04006772902458621,1.7319885549636929,50.05983528283683,False
140160,0.04221394871362581,1.7483137472983599,49.98071262479523,False
140220,0.04066762043789525,1.794422425587918,48.795949690012606,False
140280,0.04083959888469066,1.848372147596012,50.53013179112136,False
140340,0.040675149513242685,1.8319276588706068,50.2656679697752,False
140400,0.041183569715081754,1.8092896813861454,50.26735413264878,False
140460,0.0398479426616794,1.8285625195357267,50.01820862319598,False
140520,0.03835619095385977,1.7626273475420682,49.93424169308857,False
140580,0.03984913109359519,1.7868173703253587,50.039290054143315,False
140640,0.0406493885679972,1.798914894387707,50.45789035752574,False
140700,0.03922415968390794,1.71445231770092,50.548098462882336,False
140760,0.03985890723960853,1.7372892489449798,50.11525343658194,False
140820,0.03944658420559815,1.7394354326910064,50.70746763233118,False
140880,0.041201623401474506,1.841261844078924,50.195741449067626,False
140940,0.04059956561232525,1.8132491672229105,49.98534498491811,False
141000,0.04052123249651517,1.832997304803993,50.338895635837176,False
141060,0.040497281050496776,1.700658630550667,49.56222429354014,False
141120,0.0399702005979583,1.7198873989532135,50.36050631173026,False
141180,0.040158045026022,1.8358136337738509,49.47528575883102,False
141240,0.03905185233557415,1.6499518393500332,49.734742986005884,False
141300,0.038250846416999544,1.8661299853103894,49.241490417043025,False
141360,0.04012006490427602,1.7015408742497693,50.16550729846915,False
141420,0.04025919220501772,1.845540624163949,51.06011228036302,False
141480,0.040967411654740306,1.752016430263124,50.19898675307132,False
141540,0.041257068652865894,1.8566408006192654,50.581547427732175,False
141600,0.04125599878799916,1.9732406893514907,51.438141341075365,False
141660,0.0392015811253649,1.6772484079734593,50.46624197088279,False
141720,0.039718187972040186,1.837550365984475,49.883837678932295,False
141780,0.040384267436705104,1.7023592134659382,49.95488905426196,False
141840,0.042025523742193746,1.8230455217997452,50.271232114144944,False
141900,0.04118407936297113,1.7888343031681977,49.956685341806555,False
141960,0.04089551772959871,1.8070082454129395,49.996318818933865,False
142020,0.03968976963556057,1.7507689410782752,50.77021892787389,False
142080,0.0392934402950759,1.842149219912811,50.79289976803382,False
142140,0.040631126306706594,1.7217886767495996,49.45860504102695,False
142200,0.039119470988612515,1.867048412196532,49.87519617750474,False
142260,0.039809250919215756,1.7779004834430503,50.054508397401726,False
142320,0.039908177640798466,1.7242547034202331,50.58828471834461,False
142380,0.041274329671298245,1.8861265884603977,50.862507693918374,False
142440,0.03971624215763226,1.7963634967483058,51.64418352120606,False
142500,0.03804860028914191,1.9030123424038694,50.06259256033135,False
142560,0.04040355571812997,1.8659532309829205,50.08979450570524,False
142620,0.039440782517516856,1.7569001319415325,50.59417352509868,False
142680,0.0400341048195502,1.7954105507494156,49.96100981220596,False
142740,0.0399306362393263,1.8065360487418332,50.23386689534169,False
142800,0.039781036803345785,1.8824203727992677,50.09905842609875,False
142860,0.04063227246542776,1.8236259565218242,48.997980173942,False
142920,0.03877370809731784,1.8095198015392089,50.37265340437343,False
142980,0.039586388620036515,1.7892065022966914,50.22208596404983,False
143040,0.04054723033049391,1.7972699200638496,50.951111623233245,False
143100,0.039508732179724504,1.8704479726266297,50.32047095627654,False
143160,0.03871295463258402,1.8002000889430636,49.692581667754844,False
143220,0.04053484427460539,1.7786701473498987,50.193135624825736,False
143280,0.04089847570435323,1.769516613056861,49.27887329415075,False
143340,0.0399640038338856,1.7700966816928474,49.72118545252281,False
143400,0.03843132352122437,1.7242868162136906,50.6466270086027,False
143460,0.04056477579735905,1.7594797333503702,50.207433458952934,False
143520,0.03867208969486425,1.8809146948851174,50.79458745308237,False
143580,0.04024703942147853,1.7888436399293552,49.352116862297876,False
143640,0.03929002894020627,1.8380382301020293,50.216561943478595,False
143700,0.03907212857138643,1.666147148033355,50.10226604735014,False
143760,0.03964647198633625,1.8306888106841575,50.820176242254206,False
143820,0.039853361954858196,1.791286953964068,50.68086298943448,False
143880,0.03948463339969084,1.7740022387639125,50.66783733479889,False
143940,0.04047096262257212,1.8097718377007412,51.11964593320035,False
144000,0.039643144497232934,1.7732254362941506,50.16712701391859,False
144060,0.040784152697337456,1.6853107543260288,51.0209406406158,False
144120,0.040224938532514784,1.8498013888232847,49.83352680192914,False
144180,0.03944195423472296,1.8131229483128024,49.81742065688973,False
144240,0.03930724809293417,1.783047107443616,50.73646247192531,False
144300,0.038682002960762046,1.7478259899080884,49.60994847137531,False
144360,0.04023258654229346,1.7206276941302148,50.65093130919276,False
144420,0.03971632996219891,1.8120902061816753,50.41743474624751,False
144480,0.03810224357754919,1.8871258118521694,50.90493416811785,False
144540,0.03957142810178448,1.810970989744016,50.341515475716534,False
144600,0.03927917277659604,1.7253308732709876,50.40149158574531,False
144660,0.04126054207373653,1.8121563032600738,50.63032926346357,False
144720,0.038637777110485355,1.7971194800386767,50.04660164637479,False
144780,0.038846919360212756,1.8466583558080085,50.02705292206314,False
144840,0.04088797571448456,1.8327635915802332,50.619600450133525,False
144900,0.04108541052597117,1.638765583158064,50.36997148005007,False
144960,0.039404013649019486,1.8294430790391367,50.18318808036681,False
145020,0.03949433134175287,1.7458121118867795,50.34768264357369,False
145080,0.04049298831724265,1.7232266479617704,51.18858410174525,False
145140,0.03813832016244375,1.7898224358398276,50.17202479885971,False
145200,0.038511045052395554,1.8221924398876206,50.159753849992214,False
145260,0.03977541327931943,1.7114003310445116,49.544271198705545,False
145320,0.0412399124529033,1.8380471265211078,50.3790464963618,False
145380,0.03965141592946661,1.8412202977667065,50.73089437546412,False
145440,0.04008074943338812,1.802536714600173,50.82278133208793,False
145500,0.04090703141805121,1.7531483239677395,50.46102072946633,False
145560,0.04168550778662252,1.7471135877737782,50.88705836959507,False
145620,0.039538521221481354,1.8554003351053323,50.77698643839831,False
145680,0.03998653062101326,1.7183939749292212,50.97007600670789,False
145740,0.041457644177074274,1.8574814048842356,50.90798187400411,False
145800,0.03878224057984686,1.7910792454069564,51.203049298722526,False
145860,0.04082206485644306,1.7948249370192857,50.33544327178934,False
145920,0.039185347574111,1.7077632639076805,49.758990488295275,False
145980,0.04008197789368253,1.7920773019730563,50.75660853572231,False
146040,0.039805904762079784,1.8331336178646143,50.817255412944554,False
146100,0.039233590719439014,1.727833855255993,51.2142061693773,False
146160,0.03921351845787338,1.8269263368315998,51.072083305175155,False
146220,0.040221131491403,1.8048066616986673,51.40640400942615,False
146280,0.04079643146253015,1.7652371968530556,50.74582442606071,False
146340,0.0398962110374492,1.8461523466705305,50.552532386270315,False
146400,0.040056090526986575,1.681078134475158,49.7478651840417,False
146460,0.04045693925303284,1.8187207604321602,50.596634666365176,False
146520,0.03922270498158963,1.8874494985359578,50.16856437507605,False
146580,0.04059175400673034,1.8777569295114358,50.55280071463151,False
146640,0.0406554744776478,1.8210495629090802,50.476531955473675,False
146700,0.04208290103900033,1.7837092380889343,50.68737181114747,False
146760,0.03969911664755234,1.765666661946428,50.405069316356716,False
146820,0.0396335345586655,1.7836420071290955,50.923474420895836,False
146880,0.040615172697259,1.829365591387567,49.09661682349558,False
146940,0.04065528333512971,1.7564088345051916,50.5554204219156,False
147000,0.039571930277298634,1.8409008861747207,51.06389817831652,False
147060,0.03967746985845596,1.9151906679721795,51.399907197371924,False
147120,0.040432904670574435,1.7966583053031207,50.83309326673991,False
147180,0.03933793260741227,1.7274026806227016,51.31178376324222,False
147240,0.03967157280958799,1.7273837836989137,50.556039904233884,False
147300,0.04007167421389475,1.8419345397924252,50.47523284872162,False
147360,0.040796750947857806,1.7967737063361362,50.74073903677552,False
147420,0.03951632110705637,1.8473488683874588,50.47666372811969,False
147480,0.03852609243037546,1.7711837505453951,50.0893117899601,False
147540,0.03846672202598543,1.8448536715671509,50.2251000563064,False
147600,0.03899246954663509,1.7914518446337149,49.92887337973784,False
147660,0.03894946582544005,1.7604447810125068,50.75136803461211,False
147720,0.039876311393104075,1.7783460821446713,50.49510504783329,False
147780,0.03904889587712192,1.7353590648071453,50.31149573760757,False
147840,0.039437796032143035,1.907425416163407,50.21052657197154,False
147900,0.03938073129201436,1.7947953820678417,50.74862627789357,False
147960,0.03964759371132161,1.8348037607888386,50.888551849502356,False
148020,0.0410580034652185,1.771009066824977,49.9353004153483,False
148080,0.040529558071544416,1.7431958976130897,49.85894473311665,False
148140,0.040012903532220805,1.7873704524104315,50.98227170021854,False
148200,0.03963117897553533,1.8594643968024767,49.81967975756729,False
148260,0.03965341387470158,1.7718804832644928,50.7832194481264,False
148320,0.04026219717596156,1.7529912734726116,51.32016028499574,False
148380,0.04046733525868183,1.8083950691959338,51.32355274171887,False
148440,0.03927390599511952,1.8269472204387582,50.88510128974191,False
148500,0.04002918460449138,1.888713801118072,50.872799406490486,False
148560,0.03837470434506958,1.8191025258321147,51.64657802833123,False
148620,0.040169371027336476,1.8347756046406867,49.35565612618968,False
148680,0.04060971939356695,1.8388408627936974,50.292915773999816,False
148740,0.0397759450984953,1.737737169375638,50.951559190981996,False
148800,0.04145322159691209,1.7479800681946447,50.360899416926294,False
148860,0.03929500924205116,1.7414696003612948,51.15166172955435,False
148920,0.04017395233224261,1.728064129192651,50.51432519949931,False
148980,0.03997134020266724,1.842954833243002,50.602103814226766,False
149040,0.039919761866045275,1.8156627049498428,50.40112420633857,False
149100,0.0399085422655962,1.8042927874069383,50.279435713461076,False
149160,0.04008568402400758,1.6599933081682776,50.26936586569485,False
149220,0.04067836699477096,1.9109957503654054,50.68073365009063,False
149280,0.041102188989019794,1.751709311775708,50.16009767316438,False
149340,0.03999819980439667,1.9107978888207038,51.026212252225015,False
149400,0.040652252857737305,1.721740960044829,50.87845242718436,False
149460,0.039438586442986576,1.756130337437947,51.10377733977143,False
149520,0.04061276436218099,1.68104613334448,49.991836595693584,False
149580,0.03939040678093841,1.8195547487009056,49.708790154700424,False
149640,0.04087252794887051,1.7405321316761935,50.55866520468133,False
149700,0.04176851270191459,1.742057991678689,52.01238804368054,False
149760,0.03990233288962289,1.7258842322725827,51.198321780351634,False
149820,0.03824596520735407,1.8419771733878447,50.29022389145456,False
149880,0.03956154165340414,1.8384190371846476,50.78193276732715,False
149940,0.04098550010743145,1.8978498301182545,50.93569980823689,False
150000,0.0404424614296202,1.7629718424620595,49.88994188855219,False
150060,0.040199130878940025,1.8118162460365272,51.26117859783949,False
150120,0.040806934684763874,1.7303758993402947,50.494883254315276,False
150180,0.04038756275139874,1.781907892772293,50.53548454982539,False
150240,0.04097418014996091,1.7719823530828165,50.594946956249814,False
150300,0.04073553894131759,1.8250802977047527,51.1575543505904,False
150360,0.041217360362189565,1.8549191775465823,50.20992285623932,False
150420,0.040287036867125,1.853517601304901,49.736258587351365,False
150480,0.04072420752119516,1.754488137300249,50.75345089059718,False
150540,0.03975429834153137,1.853917266849642,49.572373855464164,False
150600,0.0395188313507528,1.797619402596179,50.44588075538652,False
150660,0.04136541411233518,1.7824717676215613,51.19209935228727,False
150720,0.04017296374105815,1.7617403797117785,50.89043881351579,False
150780,0.0406439044526899,1.7697634671044762,51.12429954902763,False
150840,0.04009899201152911,1.8940849476945967,50.91552685316997,False
150900,0.03953078747926403,1.8166001813906774,51.812748069363835,False
150960,0.040008786314065924,1.8094290397650652,50.31569066554729,False
151020,0.04114879521421417,1.785838669639005,50.81110597228343,False
151080,0.04044419205942354,1.9320828450176535,50.3952095525765,False
151140,0.03863082147221563,1.870470566397707,51.09490007754384,False
151200,0.03982780443473908,1.7610626458008651,50.587941658964716,False
151260,0.04142583503416377,1.7852247870459503,51.480381191115555,False
151320,0.03982896251052004,1.788430794657971,50.35778042809611,False
151380,0.038559617046612656,1.8078770868272604,51.32898132305917,False
151440,0.04151443910833803,1.7621337963979025,50.92421747987622,False
151500,0.04054591400785024,1.8236960922615317,50.61364683446431,False
151560,0.03994398971294976,1.878412759130123,50.903328192341334,False
151620,0.039702865811134344,1.7290640821137753,50.76496887157953,False
151680,0.04086588154383339,1.7390800761970284,50.81454367234441,False
151740,0.039566413279819045,1.7739094380139455,50.535360450074876,False
151800,0.04091860513961279,1.7764130397541773,50.29023138724815,False
151860,0.04043375622857941,1.9079171572362803,50.47571973544794,False
151920,0.040195745540389884,1.8540922978808014,49.80391246085867,False
151980,0.04011641184426848,1.8509934070143863,51.06868877050265,False
152040,0.039860025570628656,1.7857242525502763,50.03236227255217,False
152100,0.04083651209616741,1.784539076033512,50.543350385425626,False
152160,0.03930772573431853,1.7216079076566686,50.97842608818756,False
152220,0.03870245989853583,1.8422139723145823,51.07633158040057,False
152280,0.04049155209831398,1.8265169486596744,49.77153690783556,False
152340,0.04050499066245372,1.8694438576926273,50.61516849304521,False
152400,0.04038419292200941,1.788615195478767,50.89319453478573,False
152460,0.040326182695694435,1.7923439261051786,50.691559894096045,False
152520,0.039743567697329965,1.8091824585422744,51.33981897270522,False
152580,0.04062998616350842,1.8481624690773832,50.259107698314715,False
152640,0.03996355349859637,1.7206083564067363,49.64772023758049,False
152700,0.03961030915134786,1.8397470312218722,51.07963346546342,False
152760,0.03975048695019568,1.7988932396426671,50.40815705167347,False
152820,0.04161651175902067,1.7428335875305003,49.79965946709329,False
152880,0.038612019134363657,1.6874312893566805,50.601903225006616,False
152940,0.04039983048343664,1.792630419558569,51.298668062659274,False
153000,0.03865671165790103,1.8781765010968,50.05399242019064,False
153060,0.039913413329341625,1.8904329720040354,51.85584636047419,False
153120,0.03965309801187665,1.8191903153761853,50.27113724063579,False
153180,0.038331977362656096,1.9059483058474813,50.73581311937057,False
153240,0.040311230072347014,1.7976811815203357,50.084971137787456,False
153300,0.03969596955024624,1.8514783917887103,50.717572175462834,False
153360,0.038320634925951,1.775633531999053,50.632122744639055,False
153420,0.040671654472619403,1.772211662678656,49.95647935875642,False
153480,0.041148004942391146,1.7634145076884458,52.11636944880098,False
153540,0.04119209947383726,1.6887314368552873,50.45801703421975,False
153600,0.040287165152521176,1.8695029820371332,50.46068399447965,False
153660,0.040036846510861694,1.7653518482865471,51.19466286721306,False
153720,0.04106252529671664,1.7567223058932195,51.61950202361403,False
153780,0.04134590686827208,1.7362815291929157,51.27782267034552,False
153840,0.0409068549623005,1.7889645904270408,50.11624382923364,False
153900,0.03924676991821616,1.8952285847702262,50.82601804989783,False
153960,0.04016107588257194,1.9130640579444267,49.780606958361574,False
154020,0.04035161291543314,1.7103131887066876,51.17437539461882,False
154080,0.03855230642486622,1.7808598082172808,49.90815843909597,False
154140,0.040375488527696624,1.7441446804149403,50.32638150096015,False
154200,0.04181839346078351,1.853370238025422,50.728611065152684,False
154260,0.04051194893264064,1.8154760515538721,50.95494475214241,False
154320,0.041178730465153406,1.765625256321489,50.60420381427782,False
154380,0.040146331784102963,1.803918946351915,51.496442618745476,False
154440,0.03994142534081294,1.7742193944439837,51.10075022587875,False
154500,0.04030501711206478,1.8871692890962444,51.06372246621828,False
154560,0.039347338681612457,1.8295358138108662,50.128889292597414,False
154620,0.03922897985021249,1.8361704647294876,51.59550334676601,False
154680,0.04101304364573549,1.6559864561862236,50.34651648025763,False
154740,0.041097873874293214,1.7963934113432443,51.61904992329399,False
154800,0.03920711494753012,1.912493391789188,51.7636058896668,False
154860,0.04077439904364309,1.871610969781981,51.01106628178947,False
154920,0.03993043201951518,1.7002571623603038,51.27297421885086,False
154980,0.04027184685959235,1.7830750050350859,49.21773744288628,False
155040,0.04036817491154805,1.7351179488403892,50.663925771073096,False
155100,0.040795480374499454,1.892399484259595,51.314739453181616,False
155160,0.04006617456149055,1.813191027242899,51.22814142178246,False
155220,0.04112812959624155,1.7585390397745024,50.15825427297904,False
155280,0.04024753027180794,1.8018445289512026,50.62348457649862,False
155340,0.040499347417975624,1.659202261430302,49.504392498235546,False
155400,0.039333389926770206,1.741412089613345,50.981301325326065,False
155460,0.04172692720856387,1.8019679611946207,49.835370359029845,False
155520,0.04037585993856398,1.8456664698964795,51.344503135440604,False
155580,0.04057039794027608,1.6951690374877437,51.3728562988091,False
155640,0.03871345135103077,1.779417613384069,50.546540115650714,False
155700,0.03934183838153672,1.8545230298800164,51.04659114248457,False
155760,0.04099030695033499,1.7216215204838434,50.67963346963084,False
155820,0.040229512894634084,1.8123758730783455,50.91136668357209,False
155880,0.03846897621213686,1.8035626231677242,50.219012428846646,False
155940,0.040830631943187055,1.8925765372992567,51.10611810649175,False
156000,0.039564973756517824,1.7875726455719716,49.97650883416315,False
156060,0.04112905358870137,1.7907335676877463,49.88436602251424,False
156120,0.03992973145711704,1.8461678266708932,50.740596599749,False
156180,0.040163765348816424,1.7283771719253354,50.698168772680425,False
156240,0.040943163662873316,1.7880723068462536,50.9421709321655,False
156300,0.03928200562331627,1.7753908494146124,50.483495976175035,False
156360,0.03920572255373285,1.7924987621139246,51.75332520858956,False
156420,0.03984280126368152,1.8458139482439933,50.893011524790055,False
156480,0.04066173823969698,1.8299247201944373,50.931379573762015,False
156540,0.03893529819790921,1.7595711553394515,50.91578527761099,False
156600,0.03866557232008872,1.8073817569796695,51.320852927785076,False
156660,0.04065897674163504,1.8804838471614282,51.10963635495684,False
156720,0.039517617349946396,1.7551062522649457,51.04486625197231,False
156780,0.03968621918966377,1.8078390061414387,51.19407900895454,False
156840,0.03851455167844787,1.789569323445314,49.91600929240171,False
156900,0.03945681654851842,1.796597729144814,49.93712244003598,False
156960,0.03999394616269508,1.7119444883985324,50.79474654708172,False
157020,0.040744302286098315,1.876181194132859,50.73616863279506,False
157080,0.03938301586701229,1.7581849973520383,51.12714015056368,False
157140,0.041325900896186,1.8554078863882908,50.8494733340349,False
157200,0.03945235518065616,1.7664456631654344,51.13262700457382,False
157260,0.03945352655873186,1.766222748797629,50.22112655696963,False
157320,0.04122988604151824,1.8655086555251352,50.8407815609495,False
157380,0.040169168121891134,1.8536697685878079,50.17785513157852,False
157440,0.03955838021679074,1.8112679585440552,51.044042122146685,False
157500,0.03987589349505553,1.8411021296895413,49.91370028818289,False
157560,0.04108245886203365,1.7844181498661544,51.029227513038556,False
157620,0.041172962255700545,1.79954814810318,50.12280242772312,False
157680,0.0393465654565838,1.764272282806954,50.66776787596435,False
157740,0.03996605295193671,1.848819507262214,51.30922527270344,False
157800,0.04007212546213406,1.762555680116963,50.977681075681595,False
157860,0.03921100791158672,1.880198442626644,50.0433906239238,False
157920,0.03995545195788001,1.7829449549107295,50.53225346784251,False
157980,0.04000425828836136,1.8011074624568821,50.11999078185469,False
158040,0.04091216758314939,1.840971313115334,50.02553044919406,False
158100,0.04096594002264896,1.8012886787442375,50.93397094146721,False
158160,0.039736632481312796,1.7839129510285934,51.157518179583846,False
158220,0.03982883748491135,1.7983787338183426,51.0999016225652,False
158280,0.04053143384164451,1.8482661910921097,51.183141724050806,False
158340,0.03953184924085839,1.764205980004618,50.878102545571586,False
158400,0.040470912121389924,1.7931832016072438,50.74959251604308,False
158460,0.03992967481010463,1.8005554832762236,50.35198261629047,False
158520,0.0392244811378091,1.8466876005584936,50.67070709834995,False
158580,0.039234530629696285,1.7946083498109424,50.232302395965675,False
158640,0.04115764695682488,1.897648151102661,50.472623479468865,False
158700,0.03987486281668536,1.7915469168033848,50.94189933265492,False
158760,0.04131228327511865,1.787165083526115,50.840762508069,False
158820,0.03958909099142807,1.7907642654326426,52.434259225190424,False
158880,0.040232964160905195,1.7289013628524674,50.231227061894096,False
158940,0.04191414137841459,1.744016750275031,50.843805154634275,False
159000,0.03915409060426938,1.771343987954089,50.19671811385187,False
159060,0.03848174840008018,1.861334811837907,50.71692088587233,False
159120,0.04102927210502979,1.7982111927944515,50.73949688720327,False
159180,0.039338552715685544,1.7738292137607519,51.33771314578101,False
159240,0.03998343490871501,1.8662328762627562,50.692669517459045,False
159300,0.039531265431638735,1.8837635651761822,50.82407264144349,False
159360,0.040214530224764254,1.8677906528890191,50.70680311463903,False
159420,0.03923957103425141,1.7539331401493015,50.2236658782501,False
159480,0.039856047929693356,1.7732565745095425,50.60037021878572,False
159540,0.04035985226124523,1.8979417477969949,50.73768270154393,False
159600,0.03919335289098059,1.8130215433680013,50.9677936551926,False
159660,0.03943993277628329,1.7855481384956118,51.21258401150539,False
159720,0.039722093733121175,1.8387907899118652,50.81804176744103,False
159780,0.038856947652618976,1.8543941496373382,50.811481544709444,False
159840,0.039661951213761,1.7691417231698738,50.079392751860155,False
159900,0.04009503723192232,1.8118497577654764,51.21189624413542,False
159960,0.03968036084672926,1.8500342437377213,50.596309696335794,False
160020,0.03978289880565462,1.737344494118168,51.32004991342927,False
160080,0.03998407866327473,1.8006666547010115,51.606937922645045,False
160140,0.03947540523005415,1.7398229587352614,50.85699008977501,False
160200,0.040552850052693504,1.7468866531659522,50.441521617142136,False
160260,0.04114878249984142,1.7695925958160637,50.947057605385496,False
160320,0.039628495686243645,1.8257644550454915,51.13198756534154,False
160380,0.04038815858518217,1.7826107780535407,50.80210622011242,False
160440,0.03980830627565228,1.7649854212517062,50.680076670449694,False
160500,0.0402923898760308,1.8027839464195479,51.24609163489163,False
160560,0.041252623624962605,1.7380640126736129,51.215344321293585,False
160620,0.04040692763441448,1.8231553737630313,50.795640018186475,False
160680,0.03858126836895226,1.8610948851457487,50.14398141012328,False
160740,0.040363196505157566,1.7957229817866474,51.201433239846914,False
160800,0.040986290994647206,1.7890569543617887,50.59181020484007,False
160860,0.03982272306400152,1.8201657790736407,51.08487399364948,False
160920,0.04079650784489427,1.6904626513830967,51.05551172620741,False
160980,0.039447907567078444,1.8289881426562848,50.037689051250126,False
161040,0.03881156867238218,1.9675018334022227,51.024933261380816,False
161100,0.04011293521506611,1.793375484059805,51.24388833626582,False
161160,0.03859481862340295,1.7935672481793181,51.307427935637406,False
161220,0.039808183189685126,1.8401547780053829,51.04976425793389,False
161280,0.0410294738101164,1.88884796408269,50.0047180148145,False
161340,0.038472189675402974,1.8526482635994432,51.634081222286184,False
161400,0.03897640256326888,1.6835972285564884,51.20328167936772,False
161460,0.03917437420387074,1.8304235372337885,50.398340335314764,False
161520,0.039949344112231236,1.9388842278430505,50.60834813432443,False
161580,0.03970742657148303,1.8336118165250113,51.1200714134544,False
161640,0.04111930910535687,1.7376514966833256,51.34658105985983,False
161700,0.04076347866327336,1.8152187997186051,50.76493718944042,False
161760,0.04039621835685488,1.7308428884275824,51.42391097570737,False
161820,0.04011650425147511,1.8665713992205184,50.11699451187132,False
161880,0.04031458382158786,1.748382340246492,50.49437807527808,False
161940,0.0393104141157493,1.8040091562733693,49.9856552303075,False
162000,0.04068576828284529,1.7536798798924402,50.57136431819726,False
162060,0.03911036459651264,1.7704918048924085,51.77633513630772,False
162120,0.04066830159512178,1.8802521348764667,52.053427315731945,False
162180,0.040948914001695064,1.8055866869042596,51.14405108695803,False
162240,0.04016869168167047,1.7698030664188111,50.709770903612096,False
162300,0.03985902955283042,1.738157689572117,50.92039521122447,False
162360,0.04032024792664774,1.6989281197344306,51.27011476147002,False
162420,0.03771078530391946,1.732430845789775,50.25418404463754,False
162480,0.04024180657478837,1.8060457990379966,50.75165453687004,False
162540,0.039909316801728156,1.852932623511024,51.75758031648934,False
162600,0.03995949750955441,1.7697410194092011,50.5195083990036,False
162660,0.04056522601031826,1.884809354438827,50.67008063844058,False
162720,0.03994018486274822,1.7612549771996757,51.053419570465636,False
162780,0.03908783451467907,1.7871473669644866,51.190623526630844,False
162840,0.0398868778633397,1.7417028571017885,50.73878002818231,False
162900,0.04005404438726466,1.8535011336666642,51.091993897311596,False
162960,0.04009194712926481,1.9132655731584067,51.359711126958906,False
163020,0.040129535493828056,1.7048618841094454,52.038696926374584,False
163080,0.040831495235934843,1.7813072482937264,50.99707847917893,False
163140,0.039131172357572686,1.868298111740702,51.04178166562961,False
163200,0.04014056036493188,1.7218649418430176,51.82838615069321,False
163260,0.041031943758894594,1.8306009309764386,50.79230670295797,False
163320,0.03861231080245024,1.865959498811209,50.406942770129504,False
163380,0.04014371734462405,1.8042243559752693,51.19647342874364,False
163440,0.03953169719842157,1.8297142058307672,51.61166610786169,False
163500,0.03970343169242152,1.8950887288508909,51.25633181732113,False
163560,0.03927615399742846,1.905215033921462,51.02953007535124,False
163620,0.03986435942743965,1.796653770496138,50.35607087196101,False
163680,0.041473004491541524,1.7712515961378414,51.053312590297814,False
163740,0.03898845571105823,1.7503210740020205,51.70130433049373,False
163800,0.03906431199801694,1.8527560641231504,50.46989798096952,False
163860,0.038958452343869195,1.7259241198792878,50.96681258924106,False
163920,0.04138193462930248,1.786361001948475,50.89767346446709,False
163980,0.03963012823558297,1.8055452476315412,50.74479319963096,False
164040,0.03997948875172186,1.7728378643131872,51.21983664161291,False
164100,0.03967777364711501,1.8151102943110327,51.31975741438497,False
164160,0.03924446169727753,1.938483719187809,51.316747900557246,False
164220,0.03981187948270845,1.7934336761212868,50.61415922075654,False
164280,0.04196659488458925,1.7764880961189211,50.28180190980083,False
164340,0.04111365673677941,1.85482791851662,51.2382176296366,False
164400,0.03931764974576618,1.8129375167838582,50.85629354503348,False
164460,0.04051805928244935,1.8777241316454143,52.030638910021764,False
164520,0.0393347817818669,1.8088931314702648,52.05596722258941,False
164580,0.03857890588892302,1.7865851467695641,52.111286926183524,False
164640,0.0408156087341317,1.7036788560428942,50.648116232871715,False
164700,0.04092807427731484,1.7125343265341662,51.40508588116369,False
164760,0.04083684180083832,1.7008722707169366,51.55810725082195,False
164820,0.03962410780062434,1.820484314979349,51.504037763371976,False
164880,0.03986657941279841,1.7264385280871573,50.94989132890641,False
164940,0.0405998124429265,1.8678011777596468,51.76890240688957,False
165000,0.04031319682987849,1.8016333145022216,51.13178710299374,False
165060,0.03968509002296237,1.78681390636851,51.19783232668177,False
165120,0.03870474254390547,1.7544318259389657,50.36709219272904,False
165180,0.040091100155313614,1.8336019724065913,51.46062105780768,False
165240,0.04086320771138889,1.75655711774471,51.01026237063854,False
165300,0.039041929368772675,1.7467895877802264,51.375087312878584,False
165360,0.040511007505340785,1.8641708957126888,51.26248438613419,False
165420,0.040265233356106954,1.8191495426818514,51.23762547896734,False
165480,0.04060011861058587,1.7873138108745934,51.12653005880568,False
165540,0.04069758039977521,1.8346373811756207,51.54491636677282,False
165600,0.039444427806459716,1.8004823211479777,51.05439988540362,False
165660,0.03870643247986805,1.820682710124391,50.42847709852323,False
165720,0.039573184379453695,1.7558902132717256,51.442783265840255,False
165780,0.04071130185402161,1.9118015248811737,50.75603235460103,False
165840,0.03956639687717922,1.7687005217454839,50.50063385011936,False
165900,0.03944476534091389,1.884024881655299,50.65387275879269,False
165960,0.03854291972646029,1.7898010821375583,51.30889026994602,False
166020,0.04140211804364075,1.8435832442453681,51.1211943331237,False
166080,0.04066057091314025,1.8396480689474115,50.10534187423827,False
166140,0.040615916785019815,1.8619299947781025,50.98208507195192,False
166200,0.04077418030942358,1.7546063198131363,51.76075831036921,False
166260,0.04046136668923472,1.8580843116690586,50.952724516818705,False
166320,0.03980453691585638,1.8997077519492178,51.09786372997517,False
166380,0.03986898871670224,1.7860305791209397,51.7043273797561,False
166440,0.0396579485083263,1.8018741276256747,51.58280594459837,False
166500,0.042107792603532,1.7717338813060717,51.69816651372552,False
166560,0.040444729625039554,1.7812924423820047,49.80324381927638,False
166620,0.03962895964691885,1.8924168311423546,52.058511797927856,False
166680,0.040372397419333024,1.745771335588969,51.512180150824335,False
166740,0.03919130486571495,1.7491255836200583,52.42694779452601,False
166800,0.04120360537487138,1.8869886505663764,50.80727622653036,False
166860,0.039471144723354286,1.8337256149979717,50.31894359349661,False
166920,0.040400868346097976,1.9144999934482962,51.206507779087225,False
166980,0.04085278210379451,1.775676313557404,51.067442040249624,False
167040,0.040307814835364,1.8068191814108288,51.534189851339185,False
167100,0.04007557599345571,1.7643234450363225,51.74705168622852,False
167160,0.040008641667884814,1.8077382631069756,51.16817009589916,False
167220,0.03995484712249032,1.7041987783466477,51.09369279983611,False
167280,0.039538641208858,1.8369875460593705,51.47763638690411,False
167340,0.03964041325618424,1.8174676005085864,51.09034179870336,False
167400,0.04118367229892075,1.7968920482268405,51.05074473550478,False
167460,0.03991317069385188,1.7789203264716182,51.741532909694385,False
167520,0.039371362984493785,1.7516832846821226,51.85508402321209,False
167580,0.039586961922510794,1.8392964972497692,51.769407871095424,False
167640,0.04088029654455778,1.736761140772016,51.145539547204685,False
167700,0.040540485306531586,1.827642379250659,50.161989564094426,False
167760,0.040448263342585805,1.9120203753197107,51.160010669178156,False
167820,0.039793983040872165,1.8802181603867922,50.857353360439625,False
167880,0.04045868997613836,1.7187230910957847,51.17371051167642,False
167940,0.03948515110003948,1.7710161447414616,50.90525722922648,False
168000,0.03979230877492338,1.8227583399899883,51.23266240225605,False
168060,0.040775843589913395,1.7962047762112252,50.72562416977664,False
168120,0.04069942214313525,1.7244320912127493,50.6071329204368,False
168180,0.039214472123239356,1.8208070613795686,51.861067034485,False
168240,0.03931557883767314,1.79945908766372,50.76712214091929,False
168300,0.04008696172225073,1.9033735720646043,51.25434641463487,False
168360,0.04138090589973561,1.786325650058658,51.73366767971167,False
168420,0.03846754786842481,1.863072182807636,51.71579197392861,False
168480,0.0402226663516564,1.7315772262309814,51.65829366767507,False
168540,0.038899165334741484,1.7444874979135887,51.41453247687173,False
168600,0.03949253520517956,1.8389697458297125,51.62733052829295,False
168660,0.039708457265548606,1.8585214621527983,51.95410259473117,False
168720,0.03966359332525049,1.748300792791983,51.48229947982935,False
168780,0.039572963248272634,1.8013001799501314,50.35341666382814,False
168840,0.0400057656483011,1.7253947246294299,51.009980888563746,False
168900,0.039571795546695536,1.7902141293795042,51.6246621819034,False
168960,0.03883003409211668,1.8451938304237028,50.96515883359123,False
169020,0.04062389569001822,1.7765122410466483,52.090989524578816,False
169080,0.04060229773371911,1.7865521258790347,51.251576195169854,False
169140,0.04067453944801814,1.7389910484920132,51.328020149336346,False
169200,0.038767412402988734,1.764988645664254,51.84999751751107,False
169260,0.04023913452206732,1.8949379894755742,51.19843012380912,False
169320,0.04054078308464554,1.8039379441527252,51.38022324473143,False
169380,0.03917503834524833,1.7458753806008678,51.74387612327046,False
169440,0.0400073385985457,1.7830023147044285,50.56040872775763,False
169500,0.039906986683751706,1.7137389084570056,51.15612460888426,False
169560,0.041473720526854614,1.7452353766244286,51.715579992171165,False
169620,0.04153959682961006,1.8734583459085086,51.33603307305647,False
169680,0.03866851488533584,1.7923059490831235,52.039129559327485,False
169740,0.04199514160458239,1.902099429509465,50.51973062859885,False
169800,0.03926781942307734,1.794851216721213,50.46492107812281,False
169860,0.04078453863546194,1.7980571504056593,51.6969948748108,False
169920,0.040776398384690986,1.8346082845612748,51.7472848783694,False
169980,0.039203447818526554,1.6556802705601523,51.21998592189066,False
170040,0.04039461423507128,1.811066723477293,51.51903777973301,False
170100,0.03991397300458715,1.7973547296447085,51.69367372292942,False
170160,0.040443464003705916,1.880246100249818,50.9163682855914,False
170220,0.040184537841904504,1.8520926872848353,50.972105355396195,False
170280,0.0409570715882962,1.738780648980473,51.422622286923726,False
170340,0.04006031963451685,1.8670754854058893,51.782033331674846,False
170400,0.03986570074445895,1.7858350156186262,50.74924004295256,False
170460,0.04087685138644574,1.7511595257800137,51.235474344567606,False
170520,0.04046431677188688,1.810643575547045,51.21455949908646,False
170580,0.04058545071545671,1.789050454794154,51.54788702186364,False
170640,0.03946833066219312,1.8830771269575404,51.3367879387414,False
170700,0.03916378977488122,1.8183935895385255,51.07042498624796,False
170760,0.03954582228539784,1.8111055817278443,51.969879322931654,False
170820,0.03950334289145553,1.8486349424741937,51.07819734614611,False
170880,0.04062895941492233,1.8590150673770065,51.20400755984936,False
170940,0.04078078724023524,1.8423146750920543,50.55653657780385,False
171000,0.03987589576837408,1.8766510275320076,50.997702111744275,False
171060,0.041144735215059486,1.8328688502973447,51.61478274274032,False
171120,0.0410947755150121,1.809053179095242,51.51927533715179,False
171180,0.040194719133120435,1.8669152913527536,51.66096250841081,False
171240,0.03934248658276557,1.7950916084355646,51.638924810754325,False
171300,0.041260301319548436,1.8017953118826118,52.40952034033264,False
171360,0.03995118611917727,1.8929651535340335,50.993963562865176,False
171420,0.04010093215714478,1.8875839029095824,50.5604107592748,False
171480,0.03972831597951475,1.7995585064261406,50.84707578736,False
171540,0.039288167738962244,1.7755082148254968,51.02275602188354,False
171600,0.03882508845574777,1.8790113690112589,50.889648125894446,False
171660,0.04050629465884583,1.8432225913274216,51.4258716724289,False
171720,0.039373279156882705,1.8170413877266576,52.007598355788545,False
171780,0.04244762498319746,1.782618873649743,52.15333009389855,False
171840,0.039131141133910016,1.817911615250588,51.63788446274047,False
171900,0.038994094020014906,1.7988277431660642,52.45859597394774,False
171960,0.04040811097249075,1.7641257383030582,51.21200299234109,False
172020,0.04122345078317384,1.8069682857437108,50.576159654026654,False
172080,0.04005167172555458,1.8143328984645388,51.921237863375524,False
172140,0.04045779393614982,1.7797286663863077,50.47758128796047,False
172200,0.038525162066033035,1.848806587184914,51.02160662688867,False
172260,0.0,1.8695969491847935,51.66139390885353,True
172320,0.0,1.8523744754573923,51.35237670702132,True
172380,0.0,1.7850825871984444,51.31032072001352,True
172440,0.0,1.840814361226172,50.817631739442845,True
172500,0.0,1.8042099154628422,51.40485521553974,True
172560,0.0,1.7332697171574387,51.914317309028874,True
172620,0.0,1.8363273864388783,51.42469967733155,True
172680,0.0,1.8078911086116753,51.001832433646584,True
172740,0.0,1.9400515921117427,50.795405797572016,True
172800,0.0,1.8786926266170423,51.01660739079646,True
172860,0.040715038996748366,1.8384021084744644,51.619801212884994,False
172920,0.040601906986170146,1.8134552070695618,51.59766512226123,False
172980,0.04091265023148911,1.8088410017731331,51.027840095187116,False
173040,0.039998465279992755,1.7458007722038122,50.32494358889748,False
173100,0.040242773520653335,1.7060946897312048,51.642559336128166,False
173160,0.04040921096153535,1.7528818081095956,50.98592890920803,False
173220,0.04011332535791282,1.797423281018797,51.78154350260686,False
173280,0.03968224455206634,1.6863008789767149,51.06118709643891,False
173340,0.039734045972528186,1.7706066232172717,50.94752134507145,False
173400,0.03934595328133603,1.786628896211281,51.520287179939714,False
173460,0.040337293463927865,1.7883669661117854,52.624780495726675,False
173520,0.03992478786073188,1.7642669256978403,51.82267553067534,False
173580,0.039469460999490585,1.7815582540234045,51.51849983912355,False
173640,0.039470204144540326,1.8930902667186886,51.63204561211467,False
173700,0.03903168101777377,1.8357558452004925,50.57929156758496,False
173760,0.04078307307298976,1.7697437580475,50.89590896735505,False
173820,0.04006289413562543,1.796309219428454,50.20384437461133,False
173880,0.039309759984341386,1.7984710798747776,52.326475408826774,False
173940,0.040646838199681616,1.7585304065780318,52.227461130519906,False
174000,0.0395516409521645,1.758466968241832,51.66240703345305,False
174060,0.03887479949839021,1.8545682970976425,51.53578497629127,False
174120,0.040816977831375306,1.777331643614092,50.69466207790394,False
174180,0.03957032240834711,1.740886395100333,51.363036753430954,False
174240,0.03967288072783297,1.7976704214202501,52.37111232716181,False
174300,0.04003294401627934,1.8063725266689727,51.5428540414613,False
174360,0.040914071378232095,1.693473971893533,51.19705246366105,False
174420,0.04001602983269305,1.7977996966778715,50.60257002116876,False
174480,0.039040706299083815,1.846870916454806,52.173987869439536,False
174540,0.040435101603289746,1.824366386818179,51.45102275946388,False
174600,0.03961200822059062,1.9204089362205286,50.609927387699855,False
174660,0.041510339177223576,1.8675599120448578,51.028391127749074,False
174720,0.03999910422240169,1.878242437336546,50.85398461450934,False
174780,0.03821197160168107,1.9512046405393737,51.429111514735986,False
174840,0.04028589197772454,1.8409404381358283,51.60088241680195,False
174900,0.04155567823380819,1.808805791228366,51.24783405425984,False
174960,0.041260736230836315,1.852581975845292,51.89019553904612,False
175020,0.041464763431005254,1.7698012325966703,51.54330301544246,False
175080,0.03918419185169483,1.8058150612527284,52.03728774224588,False
175140,0.040729721916781425,1.7650227072737712,51.329764164973014,False
175200,0.03942240436821063,1.8214911661083957,53.033253654422516,False
175260,0.04017943151953354,1.7647969092469298,51.23057615108353,False
175320,0.03898163805700822,1.7629058610074673,51.06338517134615,False
175380,0.039484435388093826,1.8223275578276972,51.00412954657977,False
175440,0.03945900264210911,1.7925635821978494,51.41403911275407,False
175500,0.04071884422411409,1.6959138586712956,50.66197108500189,False
175560,0.040640575297335724,1.7213999262491473,51.671250206752255,False
175620,0.04022145578346466,1.738047609461081,50.57354655445951,False
175680,0.03891966286555569,1.7523195170698453,51.609263555674104,False
175740,0.03975068845284022,1.8223788597918464,50.85503187600087,False
175800,0.03940310681364582,1.8118226977418683,51.342240698762566,False
175860,0.04069574060535559,1.8575250860717567,51.83738725642237,False
175920,0.04094254788225375,1.8406512984388557,52.68936555319793,False
175980,0.040845108468824706,1.8578827596338636,51.00057610527274,False
176040,0.039395824464466385,1.8328533943387928,51.466647295353695,False
176100,0.03780837350216842,1.8113226826909405,51.18215633708269,False
176160,0.03858643048149596,1.8593649940835335,51.11133016759362,False
176220,0.04113730158246577,1.8496482907539655,51.19100831829282,False
176280,0.03967899604854414,1.8203091498479156,51.962757875499626,False
176340,0.039399420305387914,1.8686378810264477,51.30892635996954,False
176400,0.04131412823474899,1.6733274349048166,52.67984029562372,False
176460,0.041012127956390663,1.7843149885964158,51.76540322883923,False
176520,0.04001955897753583,1.7834873148548065,51.05463792470839,False
176580,0.03976527752714882,1.8622448753840048,51.37852031862646,False
176640,0.0398943190297495,1.8848553298353417,51.16317906908257,False
176700,0.040181730238709974,1.721690314008646,51.96636654497949,False
176760,0.04128003782505569,1.8762030274040609,50.74917204462707,False
176820,0.04033797393938978,1.7367419599545815,50.90031583709536,False
176880,0.04058082322643131,1.7383743767397157,51.277248122342264,False
176940,0.040935416087256135,1.7873485720743223,51.91672423268957,False
177000,0.03906425919918047,1.7828168505048405,52.194010627935356,False
177060,0.04060388951397924,1.7158454668952887,52.26998124031396,False
177120,0.03976434499627071,1.8350934105685988,51.846840559304866,False
177180,0.037987123843381786,1.8366877309352365,51.54272468555566,False
177240,0.03829746436641135,1.8569182461928382,51.983712014295236,False
177300,0.039185505910785054,1.7765934121919953,51.01637845382595,False
177360,0.04042497858287407,1.7978625333914877,50.66852980593726,False
177420,0.04009103965227224,1.7983569330952573,51.81140686019218,False
177480,0.040147493365740534,1.891151753839297,51.09247851717809,False
177540,0.04156075478614935,1.6469507817378062,51.56489401407333,False
177600,0.03898472830811215,1.7483250051545884,51.65959054249605,False
177660,0.03997805331665302,1.8002992055107572,51.726066468552354,False
177720,0.040243548418251056,1.7413792073145629,52.0731321126293,False
177780,0.03941098150676933,1.7860507007073596,52.022503591916205,False
177840,0.040022661396066354,1.793191921036025,51.706195685757756,False
177900,0.03872004053273252,1.7644849501252067,51.389917666342775,False
177960,0.04112792497382002,1.8034813220095443,51.66703600531921,False
178020,0.039454708357975654,1.833920060998922,51.31727940704715,False
178080,0.041625120131822804,1.7872416119683259,51.519399808785096,False
178140,0.03997402054086604,1.7755274843656883,52.928930635981956,False
178200,0.04082244285231935,1.791048694500691,51.71316842903709,False
178260,0.03995735770480708,1.7995984372811382,51.849425741517656,False
178320,0.03997540493419158,1.7060227434719413,51.27379256288727,False
178380,0.039532776533422395,1.8249239115699092,52.13879925002095,False
178440,0.040095299143493024,1.775645933609873,52.0111284075413,False
178500,0.04025439895553124,1.868122894039797,52.0168981279407,False
178560,0.03937259319286786,1.8319168876846936,51.74289712839346,False
178620,0.039899964467312095,1.8631835858278614,52.15477620730368,False
178680,0.03951192090715431,1.745405795139395,52.27575341214123,False
178740,0.041839731255691875,1.779945121375879,51.783689927902074,False
178800,0.03992821538407071,1.7329072416773,51.58706394313083,False
178860,0.041236185721357246,1.7619196747178165,52.09388527209194,False
178920,0.03984350213535385,1.867613692923464,51.19676677815825,False
178980,0.04020743011322793,1.8803244912078148,51.29207894553403,False
179040,0.03894290874268379,1.7380008020805593,51.62663856880282,False
179100,0.03964234192650571,1.7752530059108667,50.784839860429756,False
179160,0.0401684277366314,1.7958854337107069,52.0715456858341,False
179220,0.04126880306476789,1.8316227046577283,51.17852075972306,False
179280,0.040177586222141015,1.7049702457690294,51.42646184710865,False
179340,0.0411069762889544,1.7134379955974643,51.55779721442322,False
179400,0.04051258328816234,1.8264398117691099,51.68631007745194,False
179460,0.04130192107157175,1.6947519172784322,51.497069682858715,False
179520,0.039952766226155956,1.775872940068501,51.63744045185862,False
179580,0.04191217816852144,1.8087529576621775,51.64354181368216,False
179640,0.0396116830376687,1.8224459623763885,51.452069805467374,False
179700,0.039386830532641866,1.7923472228406332,51.29121770986512,False
179760,0.039031957720248776,1.7802491371714333,52.22078155526587,False
179820,0.041864819737246456,1.8456068264246899,50.63007139635829,False
179880,0.040655558058094315,1.815401120023751,51.58164632239046,False
179940,0.03973270341329575,1.7650611024146212,51.45228382035667,False
180000,0.040999218157498796,1.802037036420841,51.898358954065586,False
180060,0.040550153748094224,1.8206911272234345,50.964046466846405,False
180120,0.04157290197710047,1.8927848110383747,51.44352984888767,False
180180,0.03876173373380807,1.8424614780877453,51.64447230691816,False
180240,0.039787711913348595,1.865586070221513,52.23291863350184,False
180300,0.03962998289284574,1.76702720059982,51.866203966117894,False
180360,0.03842105385887312,1.7716941230622298,51.110597031689316,False
180420,0.04084826176382376,1.7872894803880985,51.46083243216698,False
180480,0.03978368275535731,1.7922470770815393,52.149826122261224,False
180540,0.04059170496398925,1.745566652278644,51.10864266737291,False
180600,0.04188781754746369,1.8683604158340683,51.67193762055183,False
180660,0.03971740504653792,1.8477009884389748,51.70892918287844,False
180720,0.039663077613874276,1.7834933954897187,51.52282753358477,False
180780,0.040094931335779196,1.834652375046748,53.06582460934817,False
180840,0.04078979788238673,1.8120365548022073,51.513812642628515,False
180900,0.03954662957975188,1.8388707109702942,51.94729060643975,False
180960,0.03949523072229429,1.727407415329616,51.34148712104978,False
181020,0.04084575141619309,1.7921343020473386,51.99074133156269,False
181080,0.04030291145907043,1.7968659194930872,52.16449078839253,False
181140,0.038364217389596146,1.8336766733790293,51.43734462599707,False
181200,0.03901968656042471,1.7660643695361649,51.706205391164424,False
181260,0.04120098869106177,1.6650037408995506,51.28814606823182,False
181320,0.04032154262646305,1.7415882152451223,51.165813701555884,False
181380,0.0393902432551702,1.796703408771611,52.2586429782345,False
181440,0.03986367227421202,1.8034497481771798,51.46547444344614,False
181500,0.04001058933824134,1.8909223986217492,50.537898406537494,False
181560,0.04058858668822413,1.8314683077955374,52.62961230344191,False
181620,0.03891338928411297,1.8044026350785005,51.34811621806736,False
181680,0.03932724068906363,1.7982508710538023,51.628207012128215,False
181740,0.040218364603890715,1.8596259026371635,52.574076441152954,False
181800,0.03992013233560364,1.7681340355834985,51.684981795715544,False
181860,0.04045748734610937,1.7924246754620077,51.676414196112,False
181920,0.03901639408211232,1.7411800615125317,51.14622562934123,False
181980,0.040285702941017056,1.8766209266295464,50.945124956206286,False
182040,0.040873266895501977,1.8211949425980871,51.68157832812557,False
182100,0.04038945483771943,1.761793742015787,51.94840600186465,False
182160,0.040111289391809274,1.7938194294428114,51.92199347333615,False
182220,0.03992329311794723,1.8275211412131391,51.53082988339973,False
182280,0.0393321190777828,1.7864611787129971,51.78381897771137,False
182340,0.03994240112604817,1.7711385864275195,50.85731473477749,False
182400,0.041007764682304326,1.7646692209568462,52.00823289719278,False
182460,0.0399047771947199,1.8183039425590202,51.86108196363363,False
182520,0.039288156808521275,1.780665068922623,52.7694391427436,False
182580,0.03960620232898769,1.7754970823228118,51.78857817327027,False
182640,0.040160680237820746,1.727852665227008,51.315733328386266,False
182700,0.03970118880225532,1.8041925911324672,51.76393609181847,False
182760,0.040388242626450514,1.790213934305237,51.62762741325852,False
182820,0.04041827500859922,1.7826309891733338,52.011110902055215,False
182880,0.04071118654432372,1.8107336165843908,51.809432652936174,False
182940,0.04113884757781203,1.8403921221877386,51.16824292595083,False
183000,0.04079668697949789,1.8378845354847853,50.9825742867837,False
183060,0.03925260874868163,1.8298473390485872,51.934129686600784,False
183120,0.03927717244273898,1.7870038049536712,52.496462510222464,False
183180,0.03993938281883214,1.769382089859173,51.846808836117276,False
183240,0.03963905971420847,1.7436285553685884,52.216013225455086,False
183300,0.039089338618431245,1.7679695486037437,52.31799878000035,False
183360,0.0396466465646616,1.8010611051373748,51.947219780199454,False
183420,0.03962038965310477,1.7575405494307659,51.40880776777498,False
183480,0.039462521808191035,1.805187085512342,51.91593720863204,False
183540,0.039747368411076,1.7478653393927595,52.424049264313055,False
183600,0.04094276068025467,1.7103064379936208,52.087687749716345,False
183660,0.04015939043299939,1.844247930526699,52.19909480073428,False
183720,0.041977447260844375,1.7743816118502445,51.59592866287761,False
183780,0.04013640654881572,1.7548001827259099,51.72825455825435,False
183840,0.0397679473808502,1.7409322543699384,51.772297437080475,False
183900,0.04000330630612389,1.8228439426354417,51.808221745665826,False
183960,0.04020519358275483,1.8742450164192703,52.420099559343974,False
184020,0.040348203165736854,1.7782340115056683,50.66476319157228,False
184080,0.04166136906068722,1.7883595777682206,51.85584886243585,False
184140,0.039323743628017944,1.8578681193540099,51.803061176701064,False
184200,0.04068723684654219,1.7022359319646512,51.159288448229994,False
184260,0.0401662004780913,1.906210906717284,52.18315228164936,False
184320,0.038743121805943505,1.931981416325624,51.48724823178674,False
184380,0.04061655902567581,1.6538577734113156,51.673211657486185,False
184440,0.04101409884864313,1.7947348256384952,52.77834859044336,False
184500,0.03931425887697806,1.7611768602790436,52.36117411573943,False
184560,0.039992852905686424,1.7857023243711445,52.14566041494602,False
184620,0.038619716590393836,1.7774072062407402,52.051035067099235,False
184680,0.038992954832252534,1.8438349913178853,51.780536242957936,False
184740,0.0408384236620938,1.7939212250237286,52.86479454126922,False
184800,0.03962686679519405,1.7508110104332024,52.26841937870786,False
184860,0.03911295762004957,1.7907020012900634,51.49479026040868,False
184920,0.040183568291566746,1.8277983487959701,51.17174373268604,False
184980,0.03958207005485518,1.7360790483006747,52.157443527193074,False
185040,0.03962334267377957,1.711103380795621,51.84831961566278,False
185100,0.040591460820539924,1.9076081112451073,51.16401475153249,False
185160,0.039070613312852526,1.7653089592957445,52.09500657226493,False
185220,0.03927570782985453,1.7925829387063459,51.74842956365695,False
185280,0.04012326399371909,1.7785190480854192,52.15050526098001,False
185340,0.040775527832598565,1.8295967360204357,52.1082725599103,False
185400,0.04099052824119188,1.8957306558469165,51.58550009625149,False
185460,0.0394679506237107,1.8313164274533813,52.208284143639084,False
185520,0.04074990157353572,1.7180082820328406,51.645138874513094,False
185580,0.03937268616522367,1.7252573349415394,51.67988013364363,False
185640,0.041460967477525444,1.7784559021323465,51.63241502132699,False
185700,0.03909298317966422,1.7855154072252037,52.466267592944384,False
185760,0.04106278304863339,1.7070146314444836,51.76272383941763,False
185820,0.039474811114545025,1.84424440968942,52.59146127813051,False
185880,0.04161059716383568,1.7413386898744,52.79921177734538,False
185940,0.040473056583081986,1.8806382843547909,51.5403394282283,False
186000,0.039187186776473426,1.898314160249109,50.451430993710616,False
186060,0.039582209216365995,1.7865943092378624,52.436413077098294,False
186120,0.040624944964179,1.823704522582582,51.74540201118615,False
186180,0.04084211553409245,1.733474850007453,51.48552440770379,False
186240,0.03994342752662043,1.8336785216298723,51.62648821559687,False
186300,0.04003572662477077,1.773097609134544,51.715670012393915,False
186360,0.04060668242611525,1.741289292634229,52.57390312282736,False
186420,0.04010543874160866,1.7843759106343389,52.00749185154281,False
186480,0.0389651961125293,1.7748496075461104,52.57156520134169,False
186540,0.03934962078028786,1.7824413922377973,52.17910560033044,False
186600,0.04018809595452133,1.8512827147520834,51.77960983311952,False
186660,0.04097238593319816,1.7575933899976706,51.741276247893694,False
186720,0.04129278593932964,1.8936912419877894,52.219488879276696,False
186780,0.04062362353661716,1.728446779827431,52.35112697297181,False
186840,0.04022983260882909,1.8872332347516443,52.441540155559466,False
186900,0.040599051108785984,1.7451084264170387,51.81460421142472,False
186960,0.03946659931983452,1.799945285443023,52.035206049718404,False
187020,0.03987741523179343,1.773529409872187,52.24185298054739,False
187080,0.039340695422928416,1.7814386517369558,51.76007991735487,False
187140,0.03900100591143383,1.8432732907631997,51.386822067825484,False
187200,0.040266839209308965,1.880990647050356,51.553386205779375,False
187260,0.04014841064526779,1.8642883340676046,51.83823367226001,False
187320,0.04055012198760721,1.7781377580535402,52.29208461754772,False
187380,0.04043688946471396,1.809949782009846,52.592699450127185,False
187440,0.04019411541705909,1.7577677948219086,51.287416752377396,False
187500,0.04044529333254204,1.7464562831209665,51.66899750418328,False
187560,0.03996585352301802,1.738099751090652,51.79096841702021,False
187620,0.04033031311617792,1.776371041422857,52.36948783610873,False
187680,0.03941908447785091,1.8134787040748068,51.71030370666472,False
187740,0.0402957647405113,1.6967619813734187,51.761722461288805,False
187800,0.04053473414822881,1.7974969000606387,51.27282199459099,False
187860,0.039464254857542236,1.8818653567256745,52.2227515955563,False
187920,0.040041465679194276,1.8605831977300027,51.90257805467496,False
187980,0.03950111799229651,1.76840005986756,51.65848472888701,False
188040,0.03957879464278711,1.7245688628987297,51.85798028853933,False
188100,0.039100056515918274,1.8248308365491006,52.55346430614958,False
188160,0.04101261994013324,1.6748588744887951,51.48975275542759,False
188220,0.04085254813977604,1.8599483222576647,51.573596048439285,False
188280,0.04042994708338187,1.788466277274305,52.62278174212746,False
188340,0.04157775676155505,1.8988902173111797,52.03677258680764,False
188400,0.03984860344274529,1.706743863778871,52.33599187555774,False
188460,0.04242540993208851,1.849579896161223,52.204220436608196,False
188520,0.039817976467709425,1.7945725228120333,51.987906859861944,False
188580,0.04020415468140481,1.7821232713005077,51.83365423083821,False
188640,0.03968177766884783,1.7260284528785443,52.42581245605796,False
188700,0.04029786044804824,1.8321703869624328,52.5934313831252,False
188760,0.040668491942308996,1.8365114187779503,52.556586927131235,False
188820,0.03990886688555753,1.8963969013061581,51.42398659120292,False
188880,0.041421375877694094,1.854434714194472,52.67140757135249,False
188940,0.04019131942770677,1.7679296522363903,51.842214089735066,False
189000,0.04021638830888816,1.7457914204846543,51.645896602465044,False
189060,0.03927280184438903,1.7261014625897912,51.940977177256784,False
189120,0.04033479925964031,1.8795541146645314,52.44343489766896,False
189180,0.03989277822335251,1.7579785886489954,52.30033242646219,False
189240,0.03951340821653017,1.8799324129244506,51.90463678292459,False
189300,0.03937882047348131,1.8283538902065517,52.45339257669428,False
189360,0.04213741070380535,1.817814755606074,52.10671958803858,False
189420,0.03978921819985677,1.783429111121744,51.752533219292744,False
189480,0.038834411663374986,1.8356763373021217,51.68723096498675,False
189540,0.03944142283221394,1.7991645788068127,52.248595683080374,False
189600,0.03995874572841903,1.7800624822606843,52.004449047365334,False
189660,0.04043733362609319,1.8375842584790028,51.36018499296988,False
189720,0.04044383721738025,1.7922255061020589,52.47374797061502,False
189780,0.04054129164142122,1.7568899219481033,51.812259364171624,False
189840,0.03948411175469014,1.832390645874875,52.8506863568818,False
189900,0.040272352354801234,1.7965447745960574,51.355361194713616,False
189960,0.039299152428711535,1.8264011406349214,51.96873154349954,False
190020,0.03950428561358879,1.775491567648874,51.71132665387849,False
190080,0.03926583282039979,1.7347074495472283,51.57583389031301,False
190140,0.03904928891632139,1.8936939939757709,51.82237944652605,False
190200,0.04085136759108641,1.8835170161812331,52.953288263827304,False
190260,0.04055088936078311,1.847724387908146,52.14191919875213,False
190320,0.040781332295982506,1.7790582229897893,51.676609748717226,False
190380,0.04003145045281944,1.783782829449302,51.16037921735081,False
190440,0.04062144615909212,1.8746456820784092,51.21624180374923,False
190500,0.038590968476285965,1.7808931779713597,51.810921159267274,False
190560,0.040690470014436285,1.765841974037246,51.764538393660885,False
190620,0.040141695864004026,1.9011006724843684,51.97158668701654,False
190680,0.04050168768011933,1.7974254051928509,50.949749794319416,False
190740,0.04030401863923889,1.8954949677397477,52.042230551417646,False
190800,0.03921035587637049,1.72448683682274,52.60416589091803,False
190860,0.03880156817968716,1.8279819836703632,52.903951281430146,False
190920,0.03943035666705363,1.9118384603576972,51.147537238193046,False
190980,0.040451933825018334,1.8016065402115786,51.69629358693561,False
191040,0.04055207313214032,1.785743757417539,51.67210269047148,False
191100,0.03890564617809451,1.7369413964496854,52.17430998912514,False
191160,0.03921512050602543,1.8584465249395035,51.49379269582766,False
191220,0.03942141145124733,1.758413083537403,52.9470402085328,False
191280,0.039714155951786546,1.7948803377929408,52.129899474415886,False
191340,0.038910359335317876,1.733336876891199,52.04879474832698,False
191400,0.03886235858708789,1.8840723084052615,52.90895441427154,False
191460,0.03934253176287396,1.862363806779187,52.106803389742055,False
191520,0.04006900306898001,1.798294423542491,52.31720855943664,False
191580,0.03905552452819721,1.7376759574783058,51.74388737394484,False
191640,0.03990735719202259,1.8829389806591021,51.436265132467234,False
191700,0.040846842252913455,1.780239686739454,51.81856500364588,False
191760,0.03895857621006919,1.740318938595854,53.21946339327397,False
191820,0.03983484339327157,1.7048456273264827,52.44471560234861,False
191880,0.04081980538700062,1.7651178828777363,52.26770220116422,False
191940,0.03966538528770895,1.7214495413833832,51.64447774191966,False
192000,0.03954106424731327,1.7663676748277675,52.590519491907756,False
192060,0.04093079665144518,1.8401980716196766,51.4582771086625,False
192120,0.039755038336822764,1.7797283911453374,51.355825175381774,False
192180,0.040883596020164455,1.8192074426341405,51.86213949318571,False
192240,0.04034317231290176,1.7609399283852596,53.12105816501082,False
192300,0.03972572427767213,1.8035191295836686,53.09498947962997,False
192360,0.040383752424478024,1.903728644392645,51.92265355371197,False
192420,0.040256359611076833,1.7811817517865476,51.81340216314181,False
192480,0.04081670625680198,1.8207591896314617,51.33255030636448,False
192540,0.039561323569707985,1.7154615297167044,52.193976343807975,False
192600,0.0400329648534253,1.882085730610511,52.238197011445564,False
192660,0.03995078745631629,1.7742308420369772,52.554198416953525,False
192720,0.04056331851331183,1.8567288170949512,52.617003700921224,False
192780,0.03917985664444466,1.7933482640290193,52.06516863982989,False
192840,0.040813581638590286,1.8330252857111236,52.444123190445566,False
192900,0.040373063017736334,1.836234671069394,51.81801947354607,False
192960,0.03894645994109364,1.7755682216663133,52.43908982855326,False
193020,0.0409666102603844,1.85896294753114,51.9191821771842,False
193080,0.04178727446463819,1.7590148173443727,52.40475712866352,False
193140,0.040801467175639525,1.8420084478814873,52.366508187726296,False
193200,0.041141587813781175,1.7789289141150073,52.21388899233472,False
193260,0.04006829710528207,1.8188761292261313,52.578986692970425,False
193320,0.038670796064209194,1.77505237787287,51.398746952613976,False
193380,0.03852470363906598,1.802698702634156,51.65371803358741,False
193440,0.04020406563509421,1.7419665401086446,52.05337596032493,False
193500,0.039526416953816014,1.813368077173195,51.469003757668354,False
193560,0.03926833897733812,1.8023861430878176,51.989432848631225,False
193620,0.03994980265282506,1.7708317080800866,52.007779612773376,False
193680,0.040492468230289035,1.797028489814924,52.852166308049064,False
193740,0.03883779396259028,1.8072362417130672,52.27082092026502,False
193800,0.039640897903775694,1.7667167191236839,52.71649851155479,False
193860,0.04120789654649625,1.793047036910598,52.35485073733128,False
193920,0.0391397692958229,1.7457001951916744,51.93840939671395,False
193980,0.04069580894973197,1.9266695841038946,52.27533109060681,False
194040,0.039612215390760805,1.857192407651242,52.575415508103205,False
194100,0.040436635007879966,1.8147470817041038,52.809632658761984,False
194160,0.040877862005762294,1.8632940980837416,52.14900661847704,False
194220,0.040593025413588016,1.6931203662590761,51.39363598242136,False
194280,0.040727327681771106,1.6618852941569637,51.36071983004044,False
194340,0.03907872517327363,1.7784382826655052,52.05864430809652,False
194400,0.04089092776539304,1.7255575362454862,51.05512951698454,False
194460,0.03931784550829214,1.7872233016797903,53.12386215483051,False
194520,0.040207633412457235,1.8111054585921247,52.52700619206553,False
194580,0.04020659694959778,1.8497023829103931,51.91293572602061,False
194640,0.040388098047095665,1.7385337448491385,51.6781750881684,False
194700,0.040269565340848155,1.821580057052644,52.74928808756442,False
194760,0.03932495201718022,1.8007770434302206,51.68063961615443,False
194820,0.03892010607016343,1.8187655027363867,51.73057446658298,False
194880,0.040697878943969416,1.7719323146593056,51.85894453277372,False
194940,0.040148667662015136,1.8746892975525546,52.3011908644778,False
195000,0.040919501472766254,1.7944105329847948,52.5567755311679,False
195060,0.039964213652649704,1.8958058400692035,52.8449425827056,False
195120,0.03887586851145843,1.75731901270116,52.77332176987469,False
195180,0.04077290374480329,1.8401126763576,52.25345262942227,False
195240,0.039703703512271114,1.7967779020497314,52.76555641608664,False
195300,0.04027360276593682,1.7823019094999948,51.922025276623856,False
195360,0.03948203245721638,1.8341450283852476,51.349321730784624,False
195420,0.041315441368186955,1.7838446321237622,51.92641885656392,False
195480,0.03929874814065344,1.6562538717935043,51.8610837896846,False
195540,0.03973005619671506,1.6346051213485875,51.95045016532672,False
195600,0.04008595896215785,1.8687107966553387,51.788985991008936,False
195660,0.03912625413833044,1.8664339567255037,52.04034822124359,False
195720,0.04026441562287008,1.901916411097821,52.583141271483804,False
195780,0.04128952838197399,1.7990534745927624,53.13299087017187,False
195840,0.03960763027144503,1.730197720692114,51.414918736114636,False
195900,0.04031611425522538,1.777342472496846,51.63595431419734,False
195960,0.037800451691169155,1.8006169238295109,51.8863281526872,False
196020,0.03996885663961213,1.7456199358886042,52.66715187517315,False
196080,0.039749566171259035,1.8890230350405888,52.184036869371894,False
196140,0.03934520191807169,1.9209331555007618,51.92668563371017,False
196200,0.04086516037570283,1.8258271578394296,52.64933640351826,False
196260,0.03973900505470094,1.7994133576782976,52.771394687240104,False
196320,0.03985801801032513,1.7300717831623806,52.286049228760874,False
196380,0.03969824570016874,1.8835074303924269,51.88954924956598,False
196440,0.03846654730258794,1.8041205677858485,52.435028300897514,False
196500,0.03909441084793843,1.784385122485827,52.185484067457104,False
196560,0.040768874788896174,1.825983400788425,52.18384120419422,False
196620,0.03831203948249602,1.768371577434584,52.050377371189605,False
196680,0.03938694772030744,1.8079312593485783,52.77129875855513,False
196740,0.03968022395496819,1.7221067900543343,52.43597690246106,False
196800,0.04139489749383325,1.8587027082196315,52.831116884646036,False
196860,0.040614883012397095,1.7943618037786737,52.98365917084386,False
196920,0.03955426357835752,1.8625752464742367,52.54721613694168,False
196980,0.04104361095769244,1.7891386463965526,52.06671684946935,False
197040,0.03940758734359911,1.7926452157256652,52.842348177425386,False
197100,0.0408072798429872,1.7345348588722342,52.557247066858245,False
197160,0.03891289820326159,1.8410268765429798,53.62832825852645,False
197220,0.04085860626543133,1.752704642482753,52.48392546877354,False
197280,0.039675093083623214,1.7737331918472417,52.679947698436806,False
197340,0.039177196607246986,1.800056548048457,52.47854527898135,False
197400,0.03982628510953895,1.8065461059192254,52.28601369180284,False
197460,0.04022187534377617,1.707870765228241,52.208396867346686,False
197520,0.03960420125557943,1.7875364832636471,52.48714421887332,False
197580,0.04044316280479626,1.8429424318067607,52.602839826854535,False
197640,0.039533604893068744,1.7795697461357094,52.92167555517338,False
197700,0.040496297915145085,1.7878644852724808,52.50113653890662,False
197760,0.04035377764962928,1.8087699267455073,52.11749632644569,False
197820,0.03995126155623365,1.793198136642462,52.187743570262384,False
197880,0.03964689415010724,1.7443521628710694,51.69193175151385,False
197940,0.040121232636612214,1.7980373093219872,53.18623679915517,False
198000,0.04044020299442696,1.8536799511803184,52.08727272501215,False
198060,0.04164943932218529,1.7432364988475773,52.843809416245094,False
198120,0.04075153633743855,1.7797779779677658,52.500594269300976,False
198180,0.04078079195985267,1.7253919085075058,52.51641441040298,False
198240,0.042470809755888225,1.8508346253264787,52.30805421175068,False
198300,0.040412766781414276,1.7950126568307545,51.975108359477076,False
198360,0.04038771480904936,1.7540892197852833,51.886969757947995,False
198420,0.04056321205945732,1.8049823424077316,53.23769980700001,False
198480,0.039192827217929396,1.7350055883956457,52.43267730641974,False
198540,0.039644878690865,1.744191241301138,52.9405602944985,False
198600,0.039595064586646134,1.7211527893880039,53.07260954463088,False
198660,0.04051809118177565,1.7423939211719004,52.17696226516221,False
198720,0.039860660350223044,1.8732962295359896,52.59636826757931,False
198780,0.040110578740379446,1.7604116101107399,52.409350426764625,False
198840,0.04086996369611877,1.82517615662318,51.81046779191408,False
198900,0.040690520590963314,1.7548397233223803,52.29856435987396,False
198960,0.039870623197567005,1.841014822271214,52.68728729734927,False
199020,0.03946400392249742,1.744591571949709,52.146249029127794,False
199080,0.04090821978532255,1.802118308099135,52.235571713350865,False
199140,0.04061911294472789,1.8028539707329232,52.31353953774753,False
199200,0.038714994545363694,1.925701488167036,53.458217285498975,False
199260,0.03974947684887337,1.834042965550929,51.48765780569527,False
199320,0.04013241236961341,1.7679831832262192,52.657733578164695,False
199380,0.04062306377369682,1.8369926440371278,52.282472044428545,False
199440,0.04072808119595182,1.9154614214062013,52.09104378320698,False
199500,0.04022712480094038,1.7119996511138482,52.27466303828363,False
199560,0.04046819802508709,1.7545059697012888,52.749518668182034,False
199620,0.04005130944190252,1.7872075318078822,52.78032199767918,False
199680,0.03946091864945555,1.7774772357343347,52.513298416289835,False
199740,0.039790988487167,1.7820311382901868,52.968890167704345,False
199800,0.040015192949312085,1.7295714576579648,53.05916566142989,False
199860,0.03997225659998513,1.8758136268917007,52.83516678925847,False
199920,0.03849154167644522,1.7231791356822626,52.15611224711312,False
199980,0.039682013332056454,1.7891885082803851,52.67865890169674,False
200040,0.040044964522471325,1.8564748519550778,52.68326811106315,False
200100,0.03977490400647544,1.798370017714124,52.02808171907416,False
200160,0.03980254096359073,1.7471127149872505,51.65340764327387,False
200220,0.04039039309664367,1.7271715145558064,51.4289689340173,False
200280,0.039136834250361095,1.7875800434144997,52.47751414416421,False
200340,0.038697566228839034,1.7591204034440748,52.59383591094517,False
200400,0.03972146416733066,1.8110824789519608,51.856154919089064,False
200460,0.04061129152440143,1.7243216380228943,52.972291528594525,False
200520,0.04135004243158931,1.8439039297919315,52.527614091370616,False
200580,0.04062570259127579,1.806239674250881,53.12846097858365,False
200640,0.03882538899210492,1.8102511652950337,52.641232260521335,False
200700,0.03981410620849858,1.877818146024961,51.92502719399353,False
200760,0.04020530750486522,1.7763590430879193,52.68956424098175,False
200820,0.040142072893538876,1.760805898484406,52.797708636176296,False
200880,0.0404314436423543,1.7704207640692688,52.19107115020031,False
200940,0.039266360842831395,1.789603565245744,51.74606609889244,False
201000,0.0400519544700406,1.7950878956812684,52.51949028410425,False
201060,0.0403362582638209,1.7551423222235043,51.97114958869642,False
201120,0.040660536762642925,1.690753396336215,53.034245392288646,False
201180,0.03935542546670977,1.769709833952532,52.272442874948354,False
201240,0.03972387450620568,1.8194305859794921,53.34056142281187,False
201300,0.03783694585594133,1.8073579485376887,51.41841119020936,False
201360,0.03950283042593778,1.8647759413705947,52.55011798044493,False
201420,0.03958046808562317,1.9055962733740446,53.19964615282658,False
201480,0.03918433239346605,1.8410040236587573,52.04202732923584,False
201540,0.04013248972018612,1.8746561146900442,52.40980867376953,False
201600,0.03995524365436379,1.8414058117822085,52.290120938804606,False
201660,0.03819262889793791,1.8923345598200787,52.15198462931405,False
201720,0.04017240637544141,1.8999460962517285,52.6184094253509,False
201780,0.03925734069536878,1.8513629192220622,51.85061695869777,False
201840,0.04038855116735241,1.8381445279069277,52.44507302293578,False
201900,0.038974519001817066,1.788917462715382,52.76078418684674,False
201960,0.04002400523082475,1.797767786827949,52.3974698667147,False
202020,0.0397734693368908,1.7817567841070858,52.00714427681871,False
202080,0.04024248150796027,1.833547586988333,53.02456873051591,False
202140,0.04009975782212108,1.7611012059825952,52.87683416642715,False
202200,0.03979586865998284,1.789680264671885,51.99334175437042,False
202260,0.03877098214876461,1.6728208262003719,51.86911121191459,False
202320,0.038818233629231175,1.8930468543177155,52.04243244083251,False
202380,0.039532890448726224,1.7880943725403389,52.79326088597661,False
202440,0.03999337609285633,1.8246013436161752,52.66064040711784,False
202500,0.03951340164224071,1.8787204815144158,52.92012496826299,False
202560,0.040500169544463574,1.8162158456218238,52.36423815741839,False
202620,0.039776623264630655,1.8779945599130454,52.06717580209722,False
202680,0.03922798982017639,1.7329461581438261,52.991195819458085,False
202740,0.03977752296560967,1.929458335838276,52.257277972928826,False
202800,0.040180687869053246,1.8587039507183933,52.62950591198496,False
202860,0.04025990777505967,1.8112969345942787,51.76349911890385,False
202920,0.0415027033055945,1.876954283961774,52.255785980703706,False
202980,0.03946487252799726,1.7368937161565738,53.047619007739435,False
203040,0.03994121707072768,1.7844147965464474,52.18701321833731,False
203100,0.04034089915745554,1.8779895214057285,52.95463206680156,False
203160,0.03998126163263935,1.699178750231672,51.38409996238528,False
203220,0.03959950548320908,1.8302647198477755,52.272143635061354,False
203280,0.038760594258924606,1.8287375126316383,52.46839179634744,False
203340,0.03959133235275759,1.9063381941083968,53.427568925361285,False
203400,0.03914103806982576,1.7145204073349993,51.97399698808642,False
203460,0.03861871465510098,1.8869200770797083,52.89625473022076,False
203520,0.03936345692666353,1.7697885798699593,53.091453627525176,False
203580,0.03916232662338684,1.77586148916476,52.20447256768222,False
203640,0.04046702923623436,1.7340117631041712,52.38068507132157,False
203700,0.040480873469931435,1.741255989976786,52.64049108701744,False
203760,0.0392768965683353,1.8217902067625118,51.831163870918786,False
203820,0.039791817095549506,1.7399340766018068,52.346584402987936,False
203880,0.03851340587030997,1.8399753540172574,53.21442168379539,False
203940,0.03960452803985384,1.7641998334636333,52.83992272315796,False
204000,0.04031918552056188,1.7344961744841731,52.5024493273877,False
204060,0.040659950311691284,1.7714983060965657,52.63959080745113,False
204120,0.03942956233464695,1.8181821883548406,52.87573696370134,False
204180,0.040841483888422014,1.785022923855725,52.973719009295074,False
204240,0.03878744646278923,1.8018473463899711,52.31153651605404,False
204300,0.03900189776068497,1.8375952029391485,53.35933371578699,False
204360,0.0405677294925103,1.8584507583873153,53.25237699915306,False
204420,0.0413368969828506,1.7832548533361707,52.935061368130896,False
204480,0.040394745590546954,1.7436120111588875,52.17718227443492,False
204540,0.039967726090772794,1.8041091018618158,52.09077990837613,False
204600,0.038243853002782234,1.8254150776496199,52.4398196178667,False
204660,0.038382042355165215,1.7211208334775148,52.635733719390764,False
204720,0.040103527629516696,1.7519071519615905,51.723334892192604,False
204780,0.03971354986434306,1.7611639076180012,52.85715704614832,False
204840,0.039115331854278304,1.7887776018090997,53.2557712657035,False
204900,0.04005242606466404,1.7589041692041536,52.90250685809827,False
204960,0.04009210509400625,1.8381801991552327,52.278473041184284,False
205020,0.04075553269483222,1.7133228071212454,52.22152739828972,False
205080,0.04010928182641016,1.714695190351501,52.77088492348058,False
205140,0.04098271549466751,1.781970004178381,52.54653654812801,False
205200,0.04000639522363905,1.7905147485764479,52.84693864732863,False
205260,0.03990773200415413,1.7214492308656624,52.928508400907056,False
205320,0.040851449748997744,1.7672355624970315,53.175822633455134,False
205380,0.03921724729596685,1.7783436338593692,52.06604530894661,False
205440,0.04225155796261293,1.7787619108608042,52.74514615173959,False
205500,0.04030020598253339,1.8082016000976218,52.454828830237844,False
205560,0.04030466340227014,1.7642747402411276,52.58947846465439,False
205620,0.040420076779178075,1.8798031602004468,53.073230067360015,False
205680,0.041501709180265314,1.826363050545613,53.12981823195483,False
205740,0.040634005929338086,1.7564158698853687,53.344706775024605,False
205800,0.03871595521679686,1.805103620641849,52.86050972942048,False
205860,0.041122776307814,1.8066968272047028,52.594935863262016,False
205920,0.039727282736443985,1.8655949596228802,52.52573467831829,False
205980,0.04008572405827146,1.7675793488385172,51.787026066249716,False
206040,0.03897659682225979,1.841436289676911,53.32650074429991,False
206100,0.04042096161449912,1.802260141692254,52.497913669361346,False
206160,0.03947890056794596,1.8805445918882335,52.9140410606592,False
206220,0.04008013571039478,1.869708138442528,53.002820447932535,False
206280,0.039772720795711376,1.8106368824480004,52.04289408493981,False
206340,0.04154001024138868,1.7858367384651328,52.206108297638636,False
206400,0.04158580824011647,1.8273567191226907,53.44352110179977,False
206460,0.04003721053617179,1.790255698535133,52.81745856051735,False
206520,0.04005118216909508,1.89073658372283,52.3841776249299,False
206580,0.03970124562692039,1.8042373842215587,52.61352660591895,False
206640,0.04088480503320223,1.7780952978443068,53.22204821830271,False
206700,0.039736864103733296,1.775180785352008,53.148316660157,False
206760,0.03966293018028344,1.7344960783992698,51.9503481935736,False
206820,0.04078287429093197,1.8300541929170395,53.502760650932935,False
206880,0.03956936072374668,1.755719395057467,53.1709223989999,False
206940,0.03996979597244118,1.8593000056181384,52.613840413233326,False
207000,0.03873495137479121,1.730181507083915,52.096446470764334,False
207060,0.04056335227609854,1.8068710382445556,53.22154166674172,False
207120,0.0415526935513455,1.8621120829588624,52.93498075126214,False
207180,0.040576980298239834,1.6837786585103236,51.97009746647951,False
207240,0.04116943933403785,1.9089863393647781,52.58518727224278,False
207300,0.03932311829105813,1.7770345993513021,54.266542435721774,False
207360,0.040189059425622564,1.8076191506367556,52.71393649743631,False
207420,0.03924547206050449,1.8308582581778825,52.336929975964836,False
207480,0.03981778756353493,1.8392109690302398,52.20589661488292,False
207540,0.04061776918188201,1.814789732666023,53.598424073654506,False
207600,0.04008145649048264,1.853858767520144,53.13848398113221,False
207660,0.03886988718191902,1.828029818497778,53.420553447705544,False
207720,0.0389479767155698,1.8950875815617445,52.843156187196584,False
207780,0.03889506885480738,1.8282056873141483,53.348302817220464,False
207840,0.04039316207195167,1.9060903180736868,52.299362659183686,False
207900,0.04165111562852534,1.8486582573728334,52.80704799881873,False
207960,0.04108996659520017,1.702489493208514,52.871508920251145,False
208020,0.03848321184068315,1.9409995446329436,53.42143528310595,False
208080,0.04113686075045583,1.7689854181422302,52.89186299164213,False
208140,0.04074912033361172,1.8807593768208937,52.421915255107365,False
208200,0.038763760043577,1.8014468459284496,52.76893769983923,False
208260,0.0397574387066316,1.8572988739105394,51.90092383355249,False
208320,0.04087641792919665,1.7628221388132472,51.58087572255104,False
208380,0.04044034680874783,1.8337902053268378,53.15926042864389,False
208440,0.03895272395808961,1.786327710548702,52.558447454840135,False
208500,0.04048859372463696,1.885266168025854,52.61734040290675,False
208560,0.03828999952313553,1.8236880810405185,53.16575204648375,False
208620,0.03982174225939423,1.8505409026302846,53.45101355372631,False
208680,0.04091036541552004,1.6831398489404543,53.02198199302137,False
208740,0.04001471537245706,1.7953790752914143,53.72100408512006,False
208800,0.039600849960030444,1.822169788293148,53.01054189144335,False
208860,0.04071147700301788,1.8120752049477442,52.91253371060828,False
208920,0.04077980145206927,1.8519024895407639,52.88385104447415,False
208980,0.041048031754293564,1.7802411707625776,52.12313850655861,False
209040,0.04069947394275711,1.80263450367187,53.246115244849044,False
209100,0.040865099835149715,1.8637862452784095,51.54761258642491,False
209160,0.04058632684595003,1.6769507938139507,52.47944882219823,False
209220,0.04021242291929318,1.8318249270884706,52.786270080523494,False
209280,0.04007160719981105,1.7819702193963483,52.38215339793658,False
209340,0.03981019222472208,1.7507348212741045,52.55338625251041,False
209400,0.03903010536555222,1.818173388110903,53.701181651564006,False
209460,0.039235750792944155,1.8662823700276674,53.33573546574479,False
209520,0.039774388414451835,1.8561137669001457,52.443039336854156,False
209580,0.04019316172768195,1.792703896331042,52.55339957617491,False
209640,0.041152650078403415,1.8472900120430913,52.151910511788735,False
209700,0.03996656221769959,1.8468756665160757,53.145139033471295,False
209760,0.04080278103270213,1.795281951393369,52.670000569666556,False
209820,0.0408634525251457,1.7625736501926368,51.81386821382809,False
209880,0.039814842561848966,1.7656973623193943,52.84972289958396,False
209940,0.04047575216909615,1.8452440808388795,53.021050199883405,False
210000,0.03980517756662011,1.7977240720595147,53.285360899073595,False
210060,0.041057708715262785,1.7435061601345483,52.769342669601244,False
210120,0.04050867467061275,1.7090174068825073,52.621914139900014,False
210180,0.039047612996249315,1.8449188984132046,53.80361171594153,False
210240,0.04012921972172308,1.770473965197732,52.816002108150116,False
210300,0.041318489729459104,1.817840938805423,53.174719600302865,False
210360,0.03985501517236264,1.8669441729817327,52.54739851721934,False
210420,0.04035817202407606,1.7293180782499118,53.16435281912895,False
210480,0.040436703070191315,1.7975625814523064,52.093813151512556,False
210540,0.03917070168066832,1.790782516104181,52.59282352925885,False
210600,0.04040856635937081,1.82050611528391,52.22194983680871,False
210660,0.0388849318783723,1.8669146399147034,52.52582994999057,False
210720,0.039499500714878885,1.72820960200823,53.4557812854444,False
210780,0.04086057837399536,1.8307690892301114,52.52661297508059,False
210840,0.04028540503224669,1.85570228384966,53.19413363687305,False
210900,0.03975641775380278,1.7899356385463339,53.5958678195681,False
210960,0.04035716881699615,1.7925778623837714,52.82567622614148,False
211020,0.0399519262017959,1.8225962659251858,53.33857808987485,False
211080,0.04001006280188147,1.8186201222060485,53.10946717081961,False
211140,0.04052545482137611,1.8314470407978247,52.90437231144561,False
211200,0.039418105807472695,1.8303091484256657,53.223541295215874,False
211260,0.040032269124443756,1.7469734954967548,53.770582199956905,False
211320,0.039750185444314676,1.853474390876067,52.53420835311027,False
211380,0.0387315173003198,1.863006290758273,52.37547201368008,False
211440,0.03926363539500056,1.8100484762592761,52.34834484534401,False
211500,0.041254565157651066,1.7193156134463181,53.35674575744353,False
211560,0.04030777865166819,1.7938037318759952,53.426445238542996,False
211620,0.03894112935887889,1.8104979173547908,52.59547261471542,False
211680,0.03876771649932127,1.738191587159512,51.79821396106628,False
211740,0.03991026887991153,1.7805525445668413,52.53107202022798,False
211800,0.04124894922654119,1.7238940530718387,53.144607133496585,False
211860,0.03985059349215652,1.832793780149268,52.83954812950524,False
211920,0.04104559964272322,1.8089615870047109,52.96531322677791,False
211980,0.040281544616654924,1.7111277091000308,52.615696798665994,False
212040,0.040377000366276714,1.818979102525427,53.38664322456224,False
212100,0.038931423592556344,1.7969485168409243,53.05342421748825,False
212160,0.04075001833739981,1.8278863712687379,53.177289707196394,False
212220,0.03973205437018112,1.778857248577207,52.965820466931405,False
212280,0.040690473962888725,1.7567201123598768,53.15070136162705,False
212340,0.03934866401441111,1.7583743901712785,53.120032778315675,False
212400,0.04014163947800793,1.7709388083063862,52.428939274560875,False
212460,0.04028160236315011,1.8010165552153765,53.0817377907199,False
212520,0.03987677334673931,1.8079897571329389,53.29318998340916,False
212580,0.04032363615446893,1.7897011265983624,53.477236284936886,False
212640,0.039786882339845994,1.777140744354188,53.10994878038489,False
212700,0.03948075219756698,1.781024223527704,52.42149960128083,False
212760,0.041284386706235174,1.9354171384173744,52.50069585026316,False
212820,0.040839162293089155,1.7583808418190967,52.691010128827266,False
212880,0.03939130820396146,1.7698695115385057,53.00554577792557,False
212940,0.040454755444475694,1.97786812185188,52.85192542760707,False
213000,0.03940585691623908,1.82273471833287,52.35340709984898,False
213060,0.039052252285070144,1.7254810440412005,52.352642769910474,False
213120,0.04082704755311918,1.8455051090147723,51.87047155401823,False
213180,0.03863672029948208,1.7508578999831381,51.36222463394113,False
213240,0.040741484730861234,1.8490893214214752,52.85830083880125,False
213300,0.039797822149941556,1.7886080369139832,54.0865365922537,False
213360,0.03983076271753558,1.776251024127572,53.82704082098156,False
213420,0.04032780097569863,1.8868949083166895,52.441765007427925,False
213480,0.040464959049595406,1.8305856730435992,53.00806201658828,False
213540,0.03933892545853687,1.8525414296222573,52.20305026727146,False
213600,0.04057418048700005,1.8234856626940772,52.281514911271046,False
213660,0.04009069643042018,1.7759999957151726,52.34106303228849,False
213720,0.03899515616570557,1.8330131386939432,52.82927964328633,False
213780,0.03986410041313621,1.865297631204961,52.853028834804824,False
213840,0.04110502321244714,1.8072758543499479,53.07283927971781,False
213900,0.04134127583859656,1.8972887006347114,53.28032614357009,False
213960,0.040573878766086945,1.8459263089729032,52.782507141423935,False
214020,0.039047725209465305,1.8114470576876671,52.9712782428564,False
214080,0.04039248552196471,1.8135802726749621,52.40850065858354,False
214140,0.04068068872308735,1.8074108049642519,52.28538805420363,False
214200,0.04058056638665498,1.7324331055778706,52.21038004771163,False
214260,0.040627963430950334,1.7951361014263354,53.28671977570347,False
214320,0.040290610463398026,1.811944070208423,52.795371605498794,False
214380,0.03994207012893557,1.7775314034516074,52.03099505253429,False
214440,0.03951330600327679,1.8182345590100535,52.93724036200825,False
214500,0.038481651585198805,1.801150604479176,52.34660382686058,False
214560,0.04027171341337068,1.8417793621193335,53.803433556643675,False
214620,0.04014884227492175,1.8358080685775495,52.68606294076735,False
214680,0.040446060674259855,1.8090262775295816,53.31845644887388,False
214740,0.03892996504536569,1.7261705038696922,53.52441462406039,False
214800,0.04051601335145205,1.8966990278887832,52.50469853849294,False
214860,0.04164363607569662,1.7923378860771584,53.022415977952384,False
214920,0.04006276010462233,1.7956321315004629,53.26335602427267,False
214980,0.039950667744634766,1.7815038741702331,53.04662481418722,False
215040,0.040247201884868564,1.7736257705724612,53.17163176204064,False
215100,0.041625869619768274,1.8833791345920283,52.32849634000972,False
215160,0.03918108179064009,1.8748463933008483,53.272558801050124,False
215220,0.04016256554671512,1.8239972437931942,52.75468824851008,False
215280,0.03936027406216189,1.794194991660741,53.17472561164207,False
