t_s,thrust_N,current_A,temp_C,injected_anomaly,flag_overcurrent,temp_rate_C_per_hr,flag_thermal,flag_dropout,flag_any
0,0.0402437736638035,1.7704617450743705,45.30955899250688,False,False,0.0,False,False,False
60,0.0391680127150076,1.7973221233743752,45.03912814528825,False,False,0.0,False,False,False
120,0.0406003609566451,1.872755455047132,44.909347849645584,False,False,0.0,False,False,False
180,0.0407524517731129,1.897253492437192,45.17574192396386,False,False,0.0,False,False,False
240,0.0384391718490769,1.8241996758098424,44.788339744141545,False,False,0.0,False,False,False
300,0.0389582563945101,1.779663884956732,45.13728040401955,False,False,0.0,False,False,False
360,0.0401022723225338,1.93460789879848,45.11548838923223,False,False,0.0,False,False,False
420,0.0397470059261251,1.776912058008206,45.31707559145393,False,False,0.0,False,False,False
480,0.0399865590739965,1.7691586606245742,44.70826875649074,False,False,0.0,False,False,False
540,0.0393175648579411,1.7041530755927488,45.37513506607038,False,False,0.0,False,False,False
600,0.0407035183798902,1.875388944739216,44.56914079756042,False,False,0.0,False,False,False
660,0.0406222335483431,1.8522852619880497,44.73824287262862,False,False,0.0,False,False,False
720,0.0400528245580489,1.930561498950288,44.76229332326994,False,False,0.0,False,False,False
780,0.0409017929655744,1.724965738980221,44.49295962105953,False,False,0.0,False,False,False
840,0.0403740074738016,1.878741223603872,45.53904630334278,False,False,0.0,False,False,False
900,0.0393125660296934,1.803787317991771,44.54891857795861,False,False,0.0,False,False,False
960,0.040295000627266,1.8435294117072076,44.68621630175375,False,False,0.0,False,False,False
1020,0.0392328939193368,1.7110200343803583,45.66560798010397,False,False,0.0,False,False,False
1080,0.0407027602410458,1.879276418423926,44.75484242833739,False,False,0.0,False,False,False
1140,0.039960059271211,1.842471904571919,44.94829209109873,False,False,0.0,False,False,False
1200,0.0398521101091637,1.7978988581215445,44.53857858761308,False,False,0.0,False,False,False
1260,0.0394552563644768,1.834836085133701,45.46329834628626,False,False,0.0,False,False,False
1320,0.0409780330709392,1.7586632537437186,45.47242051897402,False,False,0.0,False,False,False
1380,0.0398763764143449,1.7687102353785882,45.42075500334377,False,False,0.0,False,False,False
1440,0.0396573377422695,1.7749739908642286,45.32227661978259,False,False,0.0,False,False,False
1500,0.0397182931596094,1.699952695468725,45.09253591559892,False,False,0.0,False,False,False
1560,0.0404258473484426,1.846534958686982,44.79578268102376,False,False,0.0,False,False,False
1620,0.0402923552514912,1.8643460551658584,44.652716015563314,False,False,0.0,False,False,False
1680,0.0403301860892767,1.762127415912753,45.70738308668072,False,False,0.0,False,False,False
1740,0.0403446568024063,1.8188029628610205,45.44706211356675,False,False,0.0,False,False,False
1800,0.0417133180806963,1.7856608143700212,44.720237518506806,False,False,-0.06881644692228406,False,False,False
1860,0.0396748679868923,1.817726793952376,45.08903517062216,False,False,-0.14421767327776536,False,False,False
1920,0.0395902058167427,1.7661108289746044,44.92129139442165,False,False,-0.19845690135059613,False,False,False
1980,0.0393489818174017,1.7522950415712677,44.50947324246485,False,False,-0.3227226205546003,False,False,False
2040,0.0404927835380604,1.8568120438452824,45.16463393803194,False,False,-0.5168061314351462,False,False,False
2100,0.0409031778341767,1.7965509884032775,44.870291572005264,False,False,-0.6898806580788062,False,False,False
2160,0.0399088420338761,1.909193883346088,44.60399922538058,False,False,-0.4765167846048257,False,False,False
2220,0.0393278748184299,1.802500738098884,44.34293093586112,False,False,-0.5033936791043061,False,False,False
2280,0.039340415027447,1.7499917858210734,44.30282511723273,False,False,-0.37443801295782464,False,False,False
2340,0.0405204742302597,1.866254807327541,44.901243457891816,False,False,-0.12715582717753193,False,False,False
2400,0.0405946033369627,1.834063208863885,45.04663869093024,False,False,-0.23291443681290502,False,False,False
2460,0.0404345234146441,1.839251134639607,44.65376542546511,False,False,-0.08752457538845704,False,False,False
2520,0.039467592234169,1.864292436658868,45.419015198778446,False,False,0.019331054023240313,False,False,False
2580,0.0401857290584533,1.7647490001323272,45.06310186846192,False,False,0.11340889762840334,False,False,False
2640,0.0400933486473125,1.7931283213147946,45.386547449056295,False,False,0.13866637088494826,False,False,False
2700,0.0401749508773832,1.7907417090996591,45.008879053066686,False,False,0.31958073951953736,False,False,False
2760,0.0406971430223585,1.7302996870065566,44.70900528496055,False,False,0.24494706670731148,False,False,False
2820,0.0401788764390197,1.7857661318914548,45.16185254253698,False,False,0.28374861445249167,False,False,False
2880,0.0405431308504575,1.8721644907253483,44.47568615536208,False,False,0.047262966728908395,False,False,False
2940,0.0400540632555911,1.812816257604868,45.37897232609313,False,False,-0.021028795111533327,False,False,False
3000,0.0402312955189519,1.7273126882963707,44.6429081169218,False,False,-0.1431663995110597,False,False,False
3060,0.0405050305806708,1.7159846717700935,45.57282863784866,False,False,-0.29691644928608696,False,False,False
3120,0.0388342753441154,1.889897907172407,44.94671415586455,False,False,-0.1975651581273894,False,False,False
3180,0.0397442630269141,1.795122773446223,45.64943844154403,False,False,0.11511049581670818,False,False,False
3240,0.0396237018765657,1.7650398488921126,44.55908974349848,False,False,0.22199001498847792,False,False,False
3300,0.0394888977214053,1.785204444695562,44.7837461418318,False,False,0.07688808360643407,False,False,False
3360,0.0397798861990186,1.7202253812668642,45.31532812002406,False,False,0.32250508996482097,False,False,False
3420,0.0411959530489875,1.876847138073628,45.71233884771672,False,False,0.28102732626889804,False,False,False
3480,0.0393073351074454,1.7787751413703543,45.96262440956438,False,False,0.5394347968469759,False,False,False
3540,0.0407746226836731,1.873839682497875,45.15223269165092,False,False,0.5256790065029975,False,False,False
3600,0.0386537041827073,1.8027891925801551,46.05265207960743,False,False,0.7159492212054204,False,False,False
3660,0.0397320919760113,1.877194726626696,44.9911766437049,False,False,0.5984650647184964,False,False,False
3720,0.040130202452084,1.8138615029483267,45.68762238420267,False,False,0.4910284688041031,False,False,False
3780,0.0404689778650874,1.84607456379493,44.66937772894509,False,False,0.4870627640170966,False,False,False
3840,0.0405689812638342,1.8388310244887704,45.352798135259945,False,False,0.47452889066228465,False,False,False
3900,0.0406346777881599,1.8336577175776063,43.97408101580366,False,False,0.6267102753152329,False,False,False
3960,0.0397210199422012,1.8187884617678665,44.58636168480889,False,False,0.472760598640221,False,False,False
4020,0.0396301185658683,1.7874260613297586,45.3827252440794,False,False,0.5431082921895012,False,False,False
4080,0.0406863807050057,1.9034334733449343,44.495397073342325,False,False,0.24125078232157193,False,False,False
4140,0.0398469565400947,1.751025402804821,45.36732095924074,False,False,0.18178380403972483,False,False,False
4200,0.0389794509413296,1.800232612686531,45.609304868655904,False,False,0.003259128037257142,False,False,False
4260,0.0390933702287972,1.8008038372612103,44.90764536629415,False,False,0.20404888891614803,False,False,False
4320,0.0392644381711987,1.8217318006805503,44.67605863921976,False,False,0.30987514946143335,False,False,False
4380,0.040397728595243,1.776808477121697,44.92567146353306,False,False,0.0732814448156347,False,False,False
4440,0.0401139405888564,1.8169963005018377,44.6820882662719,False,False,0.3418483552356264,False,False,False
4500,0.0405523882832542,1.7908825003990398,45.1166173012596,False,False,0.13612654735489116,False,False,False
4560,0.0396581978829307,1.7145745640583534,45.22049904711516,False,False,0.26982947680799896,False,False,False
4620,0.0401268317528613,1.8005158234578698,45.01867832752629,False,False,0.03648423877903895,False,False,False
4680,0.0405004723151738,1.7405694720163718,46.01109266357167,False,False,0.23957680873051856,False,False,False
4740,0.0397525227682238,1.7063431688277595,44.81644078803834,False,False,0.29249800536152293,False,False,False
4800,0.0403654201900459,1.807391159317227,45.87408894191305,False,False,0.6721658024239758,False,False,False
4860,0.0394704592471466,1.8263457004690569,44.65998238853291,False,False,0.6897472595096446,False,False,False
4920,0.0397095569227479,1.8284416942736472,45.2192204460633,False,False,0.6182399108223962,False,False,False
4980,0.0396946096848013,1.8306272181790637,45.776614019770136,False,False,0.5853208792696876,False,False,False
5040,0.0390433282835287,1.695640192869207,45.75296954602632,False,False,0.0709626953584177,False,False,False
5100,0.0403895779846284,1.726505085892997,44.97939167545312,False,False,0.25430530673749274,False,False,False
5160,0.0396244781278378,1.9065701575879384,45.46928513874247,False,False,0.023921722287212788,False,False,False
5220,0.0400099952949821,1.74345072695584,45.40456947494248,False,False,0.29600542006056685,False,False,False
5280,0.0403845973271247,1.8329854156813807,44.92623999821756,False,False,0.2016409641129968,False,False,False
5340,0.0403572249408239,1.7629053684300444,45.50641421049154,False,False,0.35101737240518105,False,False,False
5400,0.0405323080871782,1.8043023279204484,46.13191498234725,False,False,-0.06249837310083706,False,False,False
5460,0.0399212116123924,1.765804273077226,45.438748883255954,False,False,0.1919422180026089,False,False,False
5520,0.0396613613503646,1.8303232223494608,45.48830639466354,False,False,0.18501188436178495,False,False,False
5580,0.0399362254312748,1.8073858023351017,45.54343534863213,False,False,0.15428731146018038,False,False,False
5640,0.0386501324528335,1.7757923522232115,44.47909921025777,False,False,0.7223801834898325,False,False,False
5700,0.0388423100220615,1.7432907055372415,45.44192950494205,False,False,0.5969006840983297,False,False,False
5760,0.0389418403101164,1.814459806664596,44.70566703532321,False,False,0.42976280746111684,False,False,False
5820,0.0392022025379188,1.7345131848517,44.92133300679714,False,False,0.519016563134258,False,False,False
5880,0.0403198193813787,1.8230839762745248,46.29947702214386,False,False,0.5743852827466753,False,False,False
5940,0.0392756167557119,1.9418301850879929,45.09410498112377,False,False,0.4156284323971846,False,False,False
6000,0.0396974699567684,1.8729091827681488,44.85287838820963,False,False,0.8252325925360537,False,False,False
6060,0.0410393826382288,1.838790785892285,45.801486384211,False,False,0.5594389334621752,False,False,False
6120,0.0397149888231508,1.795377205921978,44.75358624774269,False,False,0.3825870227792336,False,False,False
6180,0.0405900124547736,1.6953073581418097,45.00594483147261,False,False,0.5732433703990409,False,False,False
6240,0.0392531058559921,1.72859653462139,45.8564101419641,False,False,0.018722794836818935,False,False,False
6300,0.0398356499537059,1.8692708142295469,45.25549749502856,False,False,0.3126694475033247,False,False,False
6360,0.0392399823560715,1.757353171673262,44.45554484421488,False,False,0.27757065732504316,False,False,False
6420,0.0397287735392795,1.7622403866991416,45.51056782834302,False,False,0.32142690116688755,False,False,False
6480,0.0406722465099659,1.791054874313063,45.04256973456203,False,False,0.48959135212612637,False,False,False
6540,0.0386181436614461,1.742649502022286,46.01295807325397,False,False,0.2835097417236483,False,False,False
6600,0.0403475389148366,1.7337544883342118,44.94216851057536,False,False,-0.07043372429454564,False,False,False
6660,0.0401901884818658,1.797274400069803,45.77310462565895,False,False,-0.003943519442444199,False,False,False
6720,0.0395246800354425,1.7518574094477102,46.13757030938241,False,False,0.02118370029647565,False,False,False
6780,0.0388431537164892,1.7599849966919396,44.826479335697336,False,False,-0.07890468714111876,False,False,False
6840,0.0400577036061711,1.7578156845880617,45.1575740916276,False,False,0.15967971419088656,False,False,False
6900,0.0395764058327489,1.8282074515470612,45.45072289348248,False,False,-0.15234756730497168,False,False,False
6960,0.0401861409690837,1.7874652127132509,44.829967034536736,False,False,-0.13394093255045902,False,False,False
7020,0.0400174817164187,1.790357113733732,45.39601703857131,False,False,-0.3832310485026653,False,False,False
7080,0.0412814231130567,1.83223507845468,45.15063907586797,False,False,-0.5937706557445495,False,False,False
7140,0.0398085154980215,1.7923298611554213,45.14279508822784,False,False,-0.5174639248743489,False,False,False
7200,0.0391812020059025,1.7849742965033126,45.29202772478215,False,False,-0.29442641927263935,False,False,False
7260,0.040143420507965,1.8254043192007887,45.30542054062094,False,False,-0.43319596266024973,False,False,False
7320,0.0401759973471774,1.836082683552112,45.35395822177325,False,False,-0.19475422203740322,False,False,False
7380,0.0410873500601923,1.7920580310265355,44.9748343189104,False,False,-0.1645620482666459,False,False,False
7440,0.0406680889967316,1.804352819883508,44.998891283867486,False,False,-0.3798641512855738,False,False,False
7500,0.0402854968473196,1.7577833275944004,45.21941300603352,False,False,-0.4499124143130757,False,False,False
7560,0.0411706423129756,1.7535231156691156,45.2585576342316,False,False,-0.26758625184011464,False,False,False
7620,0.0390489895565417,1.841533965106208,45.06374143927976,False,False,-0.37079369740212087,False,False,False
7680,0.0394881987738002,1.8240268713774097,45.44736558469964,False,False,-0.321389954821484,False,False,False
7740,0.0392587392468755,1.8245861156744951,44.38024454372261,False,False,0.013369893444107106,False,False,False
7800,0.0396881521574753,1.8151661348311785,44.92462194300929,False,False,-0.20022962698254787,False,False,False
7860,0.0388986510819549,1.8024949768940075,45.15212081376591,False,False,-0.12894818948763032,False,False,False
7920,0.0405081207574515,1.8376062421044297,44.8662567877556,False,False,-0.11831174913179154,False,False,False
7980,0.0398222218423209,1.8504958730952303,46.11114304307892,False,False,-0.18939236267647175,False,False,False
8040,0.0388233549643978,1.849206312280295,45.30820461344051,False,False,-0.08747090699185378,False,False,False
8100,0.0391875367350339,1.7945579925389168,45.38938818359456,False,False,-0.10228774535273999,False,False,False
8160,0.0402508110779601,1.8748976074150772,45.06161764490244,False,False,-0.13634067798743388,False,False,False
8220,0.0406705012543155,1.8123368768135453,45.29757319310226,False,False,-0.12595259332523767,False,False,False
8280,0.0415973847133534,1.834148314398553,44.70006557554094,False,False,-0.5686702347732222,False,False,False
8340,0.0423310899728058,1.8152327461050837,45.22501344404834,False,False,-0.8040379491362586,False,False,False
8400,0.0403315275466207,1.8133383622041452,44.84364740220156,False,False,-0.5153049744828877,False,False,False
8460,0.0392083695039745,1.7602693925264827,45.17567947852493,False,False,-0.48452793827839,False,False,False
8520,0.0382943629754149,1.8378729452706208,44.03665264215533,False,False,-0.3747260631475484,False,False,False
8580,0.040214169169875,1.9536458973250128,44.75483897548838,False,False,-0.2070065773816765,False,False,False
8640,0.0393496471237517,1.7797610659613357,46.05303343637088,False,False,-0.03533704798901738,False,False,False
8700,0.0396677141918562,1.8038337146329475,45.73849876307106,False,False,0.11484969289493563,False,False,False
8760,0.0395103225607521,1.7759049157252478,45.98504921087847,False,False,0.03931290709373059,False,False,False
8820,0.0398873672908668,1.7736469253156557,46.02161983215987,False,False,0.2797238519290488,False,False,False
8880,0.0408527841846301,1.8834002718184084,45.66648256381022,False,False,0.7033540323269989,False,False,False
8940,0.0401256388539562,1.763659565042717,45.10578416344198,False,False,1.0403449469740735,False,False,False
9000,0.039873092130369,1.7743996544382166,44.8158226874023,False,False,0.8936383792807163,False,False,False
9060,0.0391714769977393,1.7142753875185095,45.91005011766353,False,False,1.0586094761449516,False,False,False
9120,0.0386602536442365,1.7590889668747187,45.371191456535946,False,False,0.8297675523519956,False,False,False
9180,0.0396109536727413,1.7077464057805192,46.58814853193677,False,False,0.8955147137762083,False,False,False
9240,0.0399569739593453,1.8341174537574445,45.16081779014401,False,False,0.9429991521238321,False,False,False
9300,0.0414143439308639,1.9511836499792148,46.33204435994319,False,False,1.0429604455518557,False,False,False
9360,0.0401042196171783,1.780199345142872,45.26943019160865,False,False,1.1761261975110386,False,False,False
9420,0.0407861916088184,1.7099950716185273,46.01808003998944,False,False,0.9932730685743536,False,False,False
9480,0.0396005635211686,1.8485999818792056,46.200631264379886,False,False,0.9658214179204521,False,False,False
9540,0.0390520449868663,1.7607460522177716,44.84304008607687,False,False,0.5603233853081946,False,False,False
9600,0.0392279065902141,1.8701647342498915,45.11424566542536,False,False,0.5197669887768939,False,False,False
9660,0.0394198191483714,1.784770431419343,44.842484746125095,False,False,0.29817830891278163,False,False,False
9720,0.0417027757859481,1.76588195278953,44.746231769248816,False,False,0.41332870815264755,False,False,False
9780,0.0393428906566204,1.790390291989733,45.696967093043966,False,False,0.051678123097929074,False,False,False
9840,0.040670791362989,1.8409199450905545,45.26734913706056,False,False,0.1646048604092556,False,False,False
9900,0.0392776582575303,1.7877192859391946,45.3940761381837,False,False,0.06749596563533089,False,False,False
9960,0.0407452584102994,1.77317686604914,45.64824219847884,False,False,0.18989012105689085,False,False,False
10020,0.0403079607728846,1.789263093439141,44.44365886853831,False,False,0.35500690340494145,False,False,False
10080,0.0398746896818735,1.7313198200369522,46.01796494177786,False,False,0.7854611462343257,False,False,False
10140,0.0399673899790916,1.821439706523875,45.20226451253294,False,False,0.9839888447287564,False,False,False
10200,0.0394761698436564,1.703516763932375,45.64524190172539,False,False,0.6467814800704303,False,False,False
10260,0.0403568577611856,1.7760174414642622,45.69162732262431,False,False,0.5818948020086196,False,False,False
10320,0.0396360132157273,1.84100680127686,46.06889883779552,False,False,0.36611456993936997,False,False,False
10380,0.0390195153889862,1.8163646072783668,45.333301517925655,False,False,0.3080771483924565,False,False,False
10440,0.0389776499405443,1.8318773109412647,44.32614113669927,False,False,0.0053255245933314654,False,False,False
10500,0.0401380703341777,1.7964875336731845,45.41875332735109,False,False,0.03243826238309566,False,False,False
10560,0.0412632730051283,1.8631662937732176,45.492772604108666,False,False,-0.1450530114019557,False,False,False
10620,0.0401279932908587,1.849933756625569,44.87751839986138,False,False,-0.282390624844453,False,False,False
10680,0.0399050893391121,1.8240916142293744,45.47062381105148,False,False,-0.7382912500796124,False,False,False
10740,0.040228660911682,1.8500874719749316,45.21859892087543,False,False,-1.1306460352575556,False,False,False
10800,0.0410448013933654,1.8405228719377933,44.72996081800088,False,False,-0.7816377360294666,False,False,False
10860,0.040175506001091,1.776268970279268,45.73930989455035,False,False,-0.7780524481957087,False,False,False
10920,0.039671258215333,1.727429458768668,45.123934526000376,False,False,-0.6546316375281123,False,False,False
10980,0.0408850309680479,1.8226995547955016,45.20483714848431,False,False,-0.5381283023182846,False,False,False
11040,0.0403430051507692,1.8294888184648967,45.17896698661286,False,False,-0.6993114145070081,False,False,False
11100,0.0412286047935967,1.8588854875214824,46.030225363392056,False,False,-0.5599147645287417,False,False,False
11160,0.0401465875497775,1.749438651147554,45.394257638176846,False,False,-0.3459328515529023,False,False,False
11220,0.0390204247746236,1.7510527227990331,45.456495283740026,False,False,-0.13032287619034832,False,False,False
11280,0.0389054726406034,1.82483461438062,45.19885695067748,False,False,0.12418758129746266,False,False,False
11340,0.041320742345785,1.7961569826019337,45.652838093401705,False,False,0.4081441199453195,False,False,False
11400,0.0413789325766266,1.698168873029159,46.09829336090315,False,False,0.2995307797667266,False,False,False
11460,0.0398563846293739,1.8202558408427263,45.74979439982464,False,False,0.28042399000943874,False,False,False
11520,0.0396934501430912,1.6999691625905964,45.77152712615238,False,False,0.19271377425997116,False,False,False
11580,0.0411691554337937,1.7489561461988377,45.73343840283069,False,False,0.4315609310534114,False,False,False
11640,0.0391143634543652,1.872990794134446,44.7424316326365,False,False,0.41016341734399475,False,False,False
11700,0.0392842183848353,1.898543466961584,44.99672319284608,False,False,0.10927358454736691,False,False,False
11760,0.0405146614357512,1.7343545561025142,45.33451856629966,False,False,-0.2620510800639977,False,False,False
11820,0.0396843159017123,1.7822128569797149,45.07630989625617,False,False,-0.517858924039615,False,False,False
11880,0.0399959025066239,1.8023016162462504,44.90920305952836,False,False,-0.8535623617571986,False,False,False
11940,0.0398692456811803,1.8961862540894048,44.50761335587463,False,False,-0.9162983361278947,False,False,False
12000,0.0402700596390391,1.7733850768174824,44.77266627414642,False,False,-0.577680641649053,False,False,False
12060,0.0411259854890509,1.774248262756203,45.31989775644576,False,False,-0.533928251596322,False,False,False
12120,0.0400724679255213,1.8836311801569945,45.41567700611118,False,False,-0.36881892581784825,False,False,False
12180,0.0405151510346214,1.7797613857532142,45.0560929558589,False,False,-0.3947076954284938,False,False,False
12240,0.0383598623191751,1.838998892284189,45.494312104669376,False,False,-0.10469336986029987,False,False,False
12300,0.0399610252784559,1.720234279883929,45.24016233227714,False,False,0.10403800759486614,False,False,False
12360,0.0393254157837657,1.7907534318190144,46.00459560082182,False,False,0.2859993505359171,False,False,False
12420,0.039024949551661,1.710381770730374,45.38072557952604,False,False,0.2975088831183825,False,False,False
12480,0.039297478106457,1.743006575828392,45.81193355664289,False,False,0.37434128103356556,False,False,False
12540,0.0397327012474393,1.8453168731782223,45.56760465149294,False,False,0.4729867575203315,False,False,False
12600,0.0407327220338848,1.7973051088813177,44.76719190512714,False,False,0.22447529335333627,False,False,False
12660,0.0389388858258083,1.7827682900101394,45.42512799128414,False,False,0.18821986239160537,False,False,False
12720,0.0400245051940755,1.7595675203050305,44.85487468389196,False,False,-0.03091062809888001,False,False,False
12780,0.0396126644533331,1.7880845720449707,45.420855968851406,False,False,-0.12461393713705604,False,False,False
12840,0.0397378615245104,1.816260111023437,45.10458063374809,False,False,-0.07819278613899883,False,False,False
12900,0.0408022062602436,1.8530774751489352,45.670357213509405,False,False,-0.09014313113567596,False,False,False
12960,0.0404304923496031,1.6582420790587726,44.81042818243747,False,False,-0.29556000277301564,False,False,False
13020,0.0410699184859542,1.7550848965898085,45.49118591821385,False,False,-0.28235668022631444,False,False,False
13080,0.0398763954566,1.8085911970782065,45.7722724512593,False,False,-0.26543878422552325,False,False,False
13140,0.0394432459106634,1.7946613917380363,45.94209209903577,False,False,-0.20117501451170483,False,False,False
13200,0.0398209129464956,1.8217823170964431,45.10844008984272,False,False,-0.1830285592612455,False,False,False
13260,0.0401939974330169,1.814447175450834,45.501629109292,False,False,-0.10117537420050837,False,False,False
13320,0.0401412586867629,1.783537135398356,45.58705676404776,False,False,0.32991343200228584,False,False,False
13380,0.0391324895422133,1.7715499274166926,46.270776071766925,False,False,0.3816299073826599,False,False,False
13440,0.0400723918253023,1.786742919554283,44.75877755602404,False,False,0.19767905517298345,False,False,False
13500,0.0401825826641111,1.862032086890428,45.046120968267154,False,False,0.2821687402198023,False,False,False
13560,0.0420139792300271,1.7604715716230914,46.90613314157428,False,False,0.3512829200202816,False,False,False
13620,0.0415014756890253,1.7966084369502264,45.36958290763182,False,False,0.4640385315280895,False,False,False
13680,0.0393174053195529,1.8099004795559148,44.56286429906174,False,False,0.6022316430801169,False,False,False
13740,0.0397700933107606,1.8842589502132208,45.21931578674286,False,False,0.4962811757104646,False,False,False
13800,0.0388292463985304,1.783783354055239,44.12838390208833,False,False,0.45142500396089247,False,False,False
13860,0.0395274343888292,1.851775559424592,45.63551052345216,False,False,0.5906721549258123,False,False,False
13920,0.0402524840028722,1.8665268877763117,45.92217220176676,False,False,0.005648261070291483,False,False,False
13980,0.0409646828967105,1.796557269690505,45.06367828794684,False,False,-0.15562295960089045,False,False,False
14040,0.0394167329298051,1.7886211751298549,45.28637716930903,False,False,-0.16542188739791186,False,False,False
14100,0.0394766828479457,1.7822311017093964,45.98579586252281,False,False,-0.38993930712629776,False,False,False
14160,0.038282168776209,1.7861855507509006,44.65109070681888,False,False,-0.13688449211623777,False,False,False
14220,0.039869867263564,1.846128952471149,44.86764248754572,False,False,-0.30393833346306565,False,False,False
14280,0.0391500684705123,1.8124745387717975,45.41660015719123,False,False,-0.24686568764772687,False,False,False
14340,0.0395764484581071,1.812705644295173,45.15671998371921,False,False,-0.23911605234023625,False,False,False
14400,0.0392985113774659,1.739237930439489,45.38818360811939,False,False,-0.054719007700370526,False,False,False
14460,0.0399245899565979,1.7477555358217374,44.905471551556495,False,False,-0.20862414062854384,False,False,False
14520,0.0385938172869146,1.915746128537957,45.64673310862408,False,False,0.23035920558965017,False,False,False
14580,0.0388263638036872,1.7903974108344107,45.46718947747689,False,False,0.200252832426159,False,False,False
14640,0.0417033976896226,1.7581623122387686,45.81863092158697,False,False,0.28471503564608724,False,False,False
14700,0.0389700619349807,1.877279354941822,45.646465079114165,False,False,0.2564236985108863,False,False,False
14760,0.0391225715372362,1.815217661628912,45.65184001952561,False,False,0.2053602293573107,False,False,False
14820,0.041469530822657,1.831220365510684,44.8275709604161,False,False,0.42572078414259806,False,False,False
14880,0.0423240537353923,1.7925454579347972,45.79925006790717,False,False,0.19036877267473074,False,False,False
14940,0.0390627466969397,1.7827916531088526,45.38975074558607,False,False,0.1748858022626507,False,False,False
15000,0.0397054008345695,1.7908423358851464,45.47411444706705,False,False,0.3380342071286009,False,False,False
15060,0.0402732444407524,1.7253321388038745,46.08377544349083,False,False,0.5225792586726072,False,False,False
15120,0.0413829581155244,1.7952519198913257,45.20215513144055,False,False,-0.010833512673968926,False,False,False
15180,0.0392105143372574,1.8159857861603013,46.23969472833206,False,False,-0.05605219086010038,False,False,False
15240,0.0398037777232463,1.8999250146275628,46.28856986819268,False,False,0.24891308464803785,False,False,False
15300,0.0406218700608494,1.8046439495102815,45.94495409159188,False,False,0.44215280222731224,False,False,False
15360,0.0403478128595733,1.6739544397206436,45.08048112192956,False,False,0.5847634322681472,False,False,False
15420,0.0396990751430159,1.7949247866296305,44.47987455890337,False,False,0.574976254979731,False,False,False
15480,0.0398929416283871,1.9479332231878488,46.114668293250375,False,False,0.49820014380696875,False,False,False
15540,0.038900083353304,1.846783776689192,45.63317302118951,False,False,0.5665450507091379,False,False,False
15600,0.0398094610048202,1.7562119970343362,45.207111409516806,False,False,0.3735259433536555,False,False,False
15660,0.0397868900079928,1.83191975177925,46.168720971208906,False,False,0.0034115464117263627,False,False,False
15720,0.040185735911701,1.759931275055954,45.15339001329577,False,False,0.545993332285974,False,False,False
15780,0.0395557382249447,1.7268943939444696,45.37432147902277,False,False,0.9783837680643614,False,False,False
15840,0.0403772308180361,1.7811880543853602,45.8510739447003,False,False,0.7253234881817292,False,False,False
15900,0.0408101726542558,1.8049424277188983,45.03405700113793,False,False,0.8559060851428342,False,False,False
15960,0.0401243434621347,1.6989036028685969,45.53834761654541,False,False,0.7962854356265012,False,False,False
16020,0.0402814051267193,1.7379453983109137,46.13988631770919,False,False,0.8301701378793922,False,False,False
16080,0.0400425242780622,1.8005581204118473,45.70310275196664,False,False,0.7421990157670848,False,False,False
16140,0.0400000675144731,1.7779586484965966,46.22349020297148,False,False,0.5977943829697807,False,False,False
16200,0.0394227535731657,1.821319808641889,46.16880786796621,False,False,0.5196473161280863,False,False,False
16260,0.0402531954093386,1.7344079103253378,45.60810551057759,False,False,0.548307922749899,False,False,False
16320,0.0399221707212692,1.8385621424218783,44.438095309591645,False,False,0.3308962011177101,False,False,False
16380,0.0416745346471444,1.7360770087587496,45.05580950456626,False,False,0.2683041583283341,False,False,False
16440,0.0412586839219802,1.888707652304632,45.99259236276972,False,False,0.3220794802062983,False,False,False
16500,0.0403086772420452,1.707349052643571,44.8380292508384,False,False,0.09768803331225229,False,False,False
16560,0.0393895542322441,1.7410020693992958,45.45203832109114,False,False,-0.09274783237904671,False,False,False
16620,0.0391100708224132,1.8225380233637187,45.7868545766327,False,False,-0.32996771205047537,False,False,False
16680,0.040952914362471,1.8898685955808725,46.3546292720725,False,False,0.032172626810094584,False,False,False
16740,0.0402101993801177,1.8170123239502731,45.33456373036811,False,False,-0.022716567771865925,False,False,False
16800,0.0403841147227132,1.830394327689849,45.30255937845732,False,False,-0.08365162463574904,False,False,False
16860,0.0386043312104206,1.8009469926903452,45.60031000415471,False,False,-0.06377935959847036,False,False,False
16920,0.0407419507852465,1.7445744834777797,45.80421902671107,False,False,0.09963708092448087,False,False,False
16980,0.0403635362705714,1.7735325291950736,45.55386878251154,False,False,0.1843088796899508,False,False,False
17040,0.0391116554524684,1.7345568751210112,46.15785602505606,False,False,-0.0612958071382792,False,False,False
17100,0.03962278015404,1.730949661740049,45.23587958850249,False,False,0.0359520098495949,False,False,False
17160,0.0402109737634852,1.8216944416432663,45.69776162610981,False,False,0.1730565511993234,False,False,False
17220,0.0400419734386849,1.73934838896725,45.86251716894737,False,False,0.24465590242760982,False,False,False
17280,0.0397662630513571,1.8172559163630613,45.442024063274495,False,False,0.24318734868759861,False,False,False
17340,0.0399172093855472,1.7297015713800608,46.06422509091098,False,False,0.4737864472449189,False,False,False
17400,0.0397984180974344,1.8160046830863048,45.721079047655735,False,False,0.39757893017700496,False,False,False
17460,0.0401220500096819,1.773611141276,46.04325228801426,False,False,0.6010548698586575,False,False,False
17520,0.0411771935783945,1.8759572388171348,45.74811113986611,False,False,0.6243644343976058,False,False,False
17580,0.0379466732472549,1.8174808203612696,45.84149102598887,False,False,0.3158511648708924,False,False,False
17640,0.0398105197883922,1.866732276221684,45.33932251622415,False,False,0.34035034630311145,False,False,False
17700,0.0401412099370979,1.7591950773130396,45.34236219645678,False,False,0.16086156756334447,False,False,False
17760,0.0402367951917496,1.803031740373185,46.27217594342035,False,False,-0.2792918747971669,False,False,False
17820,0.0397024683349429,1.747021293461721,45.9799625801197,False,False,-0.29898806154893975,False,False,False
17880,0.0385946225740171,1.7776653168918015,45.1529544291519,False,False,-0.0747774551438738,False,False,False
17940,0.0402623963869712,1.78584637197179,45.75709837899408,False,False,-0.05677076746526666,False,False,False
18000,0.0413818801713313,1.7608036560828946,44.48200829430253,False,False,-0.005584699620499123,False,False,False
18060,0.038772910876067,1.7343628456223326,45.38415589362409,False,False,-0.20048079488634585,False,False,False
18120,0.0406910624109585,1.7236700645227567,46.15386946818733,False,False,-0.34042463679486445,False,False,False
18180,0.0397371798215016,1.673653601751801,45.61301248992535,False,False,-0.29508280184172975,False,False,False
18240,0.0399509405233369,1.742957290970813,45.73677127351752,False,False,-0.2721032928936751,False,False,False
18300,0.0391576811914368,1.83388467042028,44.17185396982797,False,False,-0.011709460897918689,False,False,False
18360,0.0397324350621153,1.7136810792712829,45.486147438423565,False,False,0.3823513759871702,False,False,False
18420,0.0410400356757591,1.7261213663023216,45.853640013808814,False,False,0.42919822118641093,False,False,False
18480,0.0404661241935901,1.8967085228465772,45.91937849399795,False,False,-0.06888172403331794,False,False,False
18540,0.0413858492843279,1.7656292133081943,46.17014106636952,False,False,-0.17197186586143687,False,False,False
18600,0.0409419295111821,1.8173364844949007,45.5860639892192,False,False,-0.33851406271793394,False,False,False
18660,0.0403512693431436,1.8346851259110268,45.6105946131974,False,False,-0.29677370877215026,False,False,False
18720,0.0413951476209342,1.835776411008189,45.02959345920812,False,False,-0.4107516361661965,False,False,False
18780,0.0403511945269906,1.7177950315471648,45.59562105873001,False,False,-0.30438357742431776,False,False,False
18840,0.0406623905414376,1.7875227772854276,45.06932395152128,False,False,-0.19098833454876285,False,False,False
18900,0.0397627432371722,1.712615727446007,44.77840607722104,False,False,-0.4067091326812857,False,False,False
18960,0.0400532366526873,1.9321011643811572,45.16198110647202,False,False,-0.516277607656292,False,False,False
19020,0.0394420609413597,1.7138767357431577,46.46114289983287,False,False,-0.7628962763038345,False,False,False
19080,0.0407916671476758,1.7434166281810295,45.57374949957781,False,False,-0.5203923346937529,False,False,False
19140,0.0390573571015081,1.743807553838559,45.8211984362497,False,False,-0.7702251346503459,False,False,False
19200,0.0406258802739341,1.7191803342569645,45.45674128354255,False,False,-0.5313808855162137,False,False,False
19260,0.0398474791539958,1.8730400711268536,44.8204435538192,False,False,-0.3688925744043985,False,False,False
19320,0.0409369976747738,1.9308121866585088,46.18600528041357,False,False,-0.3477492277053216,False,False,False
19380,0.040600695190985,1.774309547557119,44.63407930242449,False,False,-0.5902944523659386,False,False,False
19440,0.0414565169261174,1.7286971500704018,45.44501168836002,False,False,-0.684761244888449,False,False,False
19500,0.0405846197529109,1.6792060230687949,45.69733024073439,False,False,-0.7209736592338061,False,False,False
19560,0.0387423677954774,1.7868181291998066,45.84211215727791,False,False,-0.4922263733982106,False,False,False
19620,0.0399464374616814,1.782916267149282,45.36586218770212,False,False,-0.2542020332833488,False,False,False
19680,0.0390623942459241,1.7648300091765523,44.81234590284264,False,False,-0.3274998436126566,False,False,False
19740,0.0395853761261069,1.8119542637147164,45.33300965260597,False,False,-0.18148529142118264,False,False,False
19800,0.0412089827466213,1.8213393497120365,45.36140695936742,False,False,-0.1709385389497271,False,False,False
19860,0.0405100270487181,1.8174464959286467,45.35146886000329,False,False,0.08891360698994788,False,False,False
19920,0.039440855657137,1.7829292569137016,46.22527455708819,False,False,0.32357516020063315,False,False,False
19980,0.0391890261068476,1.74051242120299,45.13567352731839,False,False,0.41263275554914003,False,False,False
20040,0.040026225674301,1.8359549872815628,45.89519420801061,False,False,0.5267164964123054,False,False,False
20100,0.0390267518804951,1.8006757430087628,45.82608274380406,False,False,0.5114545831684865,False,False,False
20160,0.0394630877780827,1.8479713063410712,46.229391418334494,False,False,0.4134178044127452,False,False,False
20220,0.040249607577241,1.8426640796715008,45.684827598133765,False,False,0.29960461009599726,False,False,False
20280,0.0409242496288853,1.7232248482714558,46.14918867200458,False,False,0.16808545404910546,False,False,False
20340,0.0404870091777795,1.7225520007972894,45.66974277376231,False,False,0.3351380122658014,False,False,False
20400,0.0381669683931215,1.7592008011880116,45.97527876050533,False,False,0.4861071706322946,False,False,False
20460,0.0402434933832242,1.742961667952304,45.00884160799288,False,False,0.4009765875541973,False,False,False
20520,0.040057626858586,1.8407835959027092,44.44340276787451,False,False,0.32173040352901694,False,False,False
20580,0.0403311122282981,1.818970722503348,45.95354488720656,False,False,0.3669745475260697,False,False,False
20640,0.0412929677453209,1.8593559356644067,45.98259267784682,False,False,0.31545877692379065,False,False,False
20700,0.0383494093785562,1.8214102881401897,46.00698193580671,False,False,0.4490165275315263,False,False,False
20760,0.0395271172598471,1.8112670774211617,45.508994166257,False,False,0.49536474731591795,False,False,False
20820,0.0404727250582346,1.8647854081385853,46.51855120414309,False,False,0.9800223926983307,False,False,False
20880,0.0387347244804368,1.825365276345693,45.545980824572965,False,False,0.9853241829144963,False,False,False
20940,0.0411807592384428,1.803677452025637,45.98858889668122,False,False,1.0790178670032446,False,False,False
21000,0.0402946852901605,1.879944463832257,46.07769715375065,False,False,0.815406777397186,False,False,False
21060,0.0406772671886747,1.8062197676902507,46.64197877552673,False,False,0.743767720852702,False,False,False
21120,0.0395432450707825,1.7835656073344324,45.626323540160826,False,False,0.706835161678967,False,False,False
21180,0.0406510109519729,1.754757544026007,45.46047155134473,False,False,0.826684498280656,False,False,False
21240,0.0408547772447912,1.8379633747884525,45.04022496665522,False,False,1.3410827321409187,False,False,False
21300,0.0401863024161097,1.8668007292594933,46.56771081659768,False,False,1.4335963698281944,False,False,False
21360,0.0401875207141589,1.7972682803225948,46.00446242119428,False,False,1.2674267804599566,False,False,False
21420,0.0402162745914253,1.8706274436841115,46.02251717502073,False,False,0.9742166545560451,False,False,False
21480,0.0393093237882085,1.693619188273535,47.35656839713911,False,False,0.9050468291223694,False,False,False
21540,0.0398819770558077,1.7970055177603723,45.962968301473865,False,False,0.8349197441153677,False,False,False
21600,0.0398779819740381,1.7978348747463604,45.15151488273427,False,False,0.8588981271584544,False,False,False
21660,0.0403067150914828,1.7607423038900034,45.70695345219136,False,False,0.6236677955787115,False,False,False
21720,0.0407998593975282,1.9287284960510207,45.31974368966709,False,False,0.36920191093413735,False,False,False
21780,0.0391531711344172,1.796425597834807,45.6114303512036,False,False,0.42381219043274143,False,False,False
21840,0.0398999927757443,1.7779825383333607,45.610299401521246,False,False,-0.12088267428106292,False,False,False
21900,0.0411851644381271,1.8014019541254094,45.5203116617686,False,False,-0.23882166729384835,False,False,False
21960,0.0394051294169499,1.6918480581196051,45.11941225902798,False,False,-0.15114079525271507,False,False,False
22020,0.0393421999861677,1.758967132031375,46.6145339829454,False,False,-0.011458951059267974,False,False,False
22080,0.0401618449534649,1.853094958350052,45.96993684273201,False,False,0.4744220297496753,False,False,False
22140,0.0406755081523882,1.7660369508336302,45.71000645756627,False,False,0.4233937133141268,False,False,False
22200,0.0400091408444485,1.7552407412087854,46.20379104407783,False,False,0.464025762805349,False,False,False
22260,0.0410631684723495,1.8707143843717775,46.06273542114822,False,False,0.5580298180178289,False,False,False
22320,0.0406854351860532,1.8723737376513987,45.96727680449811,False,False,0.9212080578637796,False,False,False
22380,0.040673456053512,1.8279174854967015,46.17416012891408,False,False,0.6159443556051087,False,False,False
22440,0.0404432932010592,1.775423663961912,45.90085811881355,False,False,0.6891209801051161,False,False,False
22500,0.0418621224802768,1.7870685624837186,46.17123112983359,False,False,0.805398047943882,False,False,False
22560,0.0398358706489071,1.7565759020749525,46.214906206180245,False,False,0.6658197411730242,False,False,False
22620,0.0383971821663467,1.7462822515724532,45.92193907766133,False,False,0.3356762490311809,False,False,False
22680,0.0412834034892137,1.7436015096313446,45.73261211780044,False,False,0.11737317118075907,False,False,False
22740,0.0396338404552345,1.7666250620335988,46.61023791967902,False,False,0.0909915546572222,False,False,False
22800,0.0400863043554744,1.744125066503024,45.60831790346892,False,False,0.18974869279566065,False,False,False
22860,0.0410476405478884,1.71555992359867,46.04515512797288,False,False,-0.020345122341538513,False,False,False
22920,0.0387181923671528,1.811847744166711,46.0586821875323,False,False,-0.23951237992720564,False,False,False
22980,0.038998682228715,1.8126681613682456,45.54917871043452,False,False,-0.29793119496277143,False,False,False
23040,0.0387189776503049,1.891842808955129,45.45227609831415,False,False,-0.6986994595711735,False,False,False
23100,0.0393646909679796,1.763909728108846,45.68149093493855,False,False,-0.8155335134045174,False,False,False
23160,0.0403517092848135,1.8159894318396568,45.61453817318923,False,False,-0.4514532380019034,False,False,False
23220,0.0404193502742502,1.8168864792808392,45.13381097336117,False,False,-0.24368109105306246,False,False,False
23280,0.0402210193434628,1.7862927716992212,45.53935836732453,False,False,-0.47925010305810645,False,False,False
23340,0.0388697872928861,1.8401940137924824,46.00044705530502,False,False,-0.3798963975206391,False,False,False
23400,0.0381519172506938,1.8418623760899384,46.502537009465605,False,False,-0.46448491574514605,False,False,False
23460,0.0400434828683123,1.8176801991406677,46.148990539381685,False,False,-0.16985256641643787,False,False,False
23520,0.0396225791730893,1.7861954559274191,44.57425727701333,False,False,0.059424934220459136,False,False,False
23580,0.0403675086173732,1.780693374138055,46.19690603798067,False,False,0.07202517499786154,False,False,False
23640,0.040561562900977,1.7261412894649588,45.59940794205772,False,False,0.40873673014212386,False,False,False
23700,0.0401105931456469,1.7564804399546448,46.10725352675302,False,False,0.43492367844035584,False,False,False
23760,0.0406081064683006,1.766411593709309,45.875875514207394,False,False,0.23677389377293423,False,False,False
23820,0.040183369099292,1.7393055248288103,45.78882898517286,False,False,0.1126716565628243,False,False,False
23880,0.0404240517644811,1.8237558942011336,45.836284588638776,False,False,0.3561314055589122,False,False,False
23940,0.039436261389704,1.8646179049252989,45.87841995288852,False,False,0.27790497393277747,False,False,False
24000,0.0398563108689348,1.750964628654226,46.5640642474721,False,False,0.34677227262938004,False,False,False
24060,0.0401574208773255,1.8153058375302105,45.884261322288,False,False,-0.0029222016582082233,False,False,False
24120,0.0406564227803339,1.7441579984653957,46.43908913682471,False,False,-0.10448489074431677,False,False,False
24180,0.0396850070622203,1.783534202769285,46.36850365756051,False,False,0.011972032314758962,False,False,False
24240,0.0404169338045856,1.7627222027244,46.23430315283308,False,False,0.14569258701187948,False,False,False
24300,0.0397873289664676,1.832502365024748,45.00970062337998,False,False,-0.12490524910059264,False,False,False
24360,0.0399059662661374,1.7633454386125225,46.46355601592919,False,False,-0.2542992137110076,False,False,False
24420,0.0406636152336192,1.854629662340159,45.67851869518416,False,False,-0.04671895387717484,False,False,False
24480,0.0384055517031566,1.7867310782222412,46.26756263719291,False,False,-0.26479264167880956,False,False,False
24540,0.0389628221375401,1.764921399681879,45.42566223443888,False,False,-0.1147169718551595,False,False,False
24600,0.0388142516820457,1.7323215158333611,45.32162128381103,False,False,-0.0754037815628692,False,False,False
24660,0.0381331071041213,1.813673043555949,46.90458232828182,False,False,0.16365344240023205,False,False,False
24720,0.0394573884478758,1.8483417937202136,45.44012608085073,False,False,0.17204020375639573,False,False,False
24780,0.0405995471197821,1.8147593478529915,46.49390058819923,False,False,0.24980581318398265,False,False,False
24840,0.0397720927468939,1.9208969099863789,45.98228708379518,False,False,0.21996770601788285,False,False,False
24900,0.0401582320655534,1.8772085224334023,45.71524654830041,False,False,0.3353644396342901,False,False,False
24960,0.0408713739973686,1.7833935007052812,45.90512178971896,False,False,0.23994295214100703,False,False,False
25020,0.0410621489058141,1.7828265185744183,45.27921863802197,False,False,0.11852626138021094,False,False,False
25080,0.039944689652219,1.8253636228522088,45.92511835088658,False,False,0.5409879266307058,False,False,False
25140,0.0410828687116555,1.754746964257013,45.392855038146784,False,False,0.15307405613539515,False,False,False
25200,0.0400737013267472,1.8629795685527544,45.73873295234133,False,False,0.20141377674156047,False,False,False
25260,0.039330081420938,1.8195264281795536,46.40133428588668,False,False,0.16202259683090858,False,False,False
25320,0.039524479718241,1.8138487811863608,46.06800949658429,False,False,0.064478799026503,False,False,False
25380,0.0388155707899479,1.837095498059624,45.20205856326877,False,False,0.1427115855153147,False,False,False
25440,0.039289492917013,1.8930328137019288,46.37111753056953,False,False,0.07244040432283327,False,False,False
25500,0.0397135866495404,1.8092315890181252,45.9440532405616,False,False,0.09301303101227631,False,False,False
25560,0.0406428680155028,1.7938958199729451,45.67874014171506,False,False,0.3094922427944766,False,False,False
25620,0.0413766158649327,1.8814708596594192,46.325400582277766,False,False,0.2726386943342902,False,False,False
25680,0.0388942547876983,1.8522477224635212,45.870688666238365,False,False,-0.12942595692484815,False,False,False
25740,0.0403142619746079,1.782667088619279,45.37369106917758,False,False,-0.05157963931867471,False,False,False
25800,0.0391675648486739,1.8002800682275872,46.8826562492588,False,False,-0.14125161141222975,False,False,False
25860,0.0403797576707705,1.8105505694606951,45.95233732649208,False,False,0.030940403446194864,False,False,False
25920,0.0398951306794498,1.819537899008669,45.92251810010003,False,False,-0.18241584713125292,False,False,False
25980,0.0385352753393219,1.726743608049288,45.76288777087941,False,False,-0.29842987690688005,False,False,False
26040,0.0407426375932547,1.7167058311787158,46.557652880877065,False,False,-0.23082803406737185,False,False,False
26100,0.039515999429753,1.7520809388118674,45.70746041148082,False,False,0.06396216856597903,False,False,False
26160,0.0395728798093011,1.7479041240773876,45.199639390549606,False,False,0.10662753369436473,False,False,False
26220,0.0391441980709682,1.765233503245485,45.63502014341098,False,False,0.04607689975588869,False,False,False
26280,0.0394765733786499,1.8342743746728605,46.63997592898994,False,False,0.33326156308822874,False,False,False
26340,0.0403423123525559,1.790877825558464,46.39488436389466,False,False,0.3264930665772141,False,False,False
26400,0.0398486045272508,1.8106053086705505,45.85354011123975,False,False,0.24676802973608858,False,False,False
26460,0.0402629296018259,1.733887615857718,46.66990516279348,False,False,0.19553777756786417,False,False,False
26520,0.040289537483143,1.775071321042269,46.35947836078776,False,False,0.3829932225318373,False,False,False
26580,0.0410565293244225,1.8317119137342213,45.85444221896307,False,False,0.5356308155119365,False,False,False
26640,0.0397257710793085,1.8321274327415475,45.90701162763341,False,False,0.5067528579962044,False,False,False
26700,0.0388185137465234,1.760873013277853,46.15685507556023,False,False,0.26586376605517614,False,False,False
26760,0.0408537779332575,1.808729768864496,45.57848238915918,False,False,0.19347027416544904,False,False,False
26820,0.0397348094623222,1.918737784088046,45.99890805114932,False,False,0.13094805875100235,False,False,False
26880,0.0408916739556619,1.7990497118201956,46.15314185510486,False,False,0.037843263525275006,False,False,False
26940,0.0403067016905459,1.762567904908308,45.15763170789752,False,False,0.1428802143008454,False,False,False
27000,0.0398950899758373,1.7906168309744437,45.908684320321406,False,False,0.0480138172928406,False,False,False
27060,0.040279020715237,1.8049775638064487,45.85404604332607,False,False,-0.07439545028324801,False,False,False
27120,0.041560810048101,1.7918369074427103,46.52183780039265,False,False,0.15453597948318532,False,False,False
27180,0.041661584423243,1.798306846163469,45.087784947910535,False,False,-0.055046264048257854,False,False,False
27240,0.0400555049081062,1.722053872965411,45.82151008936777,False,False,0.1090571097924311,False,False,False
27300,0.0401281524746536,1.748017954345359,45.7736154299409,False,False,0.3522671744449042,False,False,False
27360,0.0408609921259731,1.7919358971981392,46.49675788998756,False,False,0.10585155670638358,False,False,False
27420,0.0393234711737861,1.7910755296187884,45.99717877774788,False,False,0.254381745584908,False,False,False
27480,0.0402664562980946,1.76942577915756,46.91922903966008,False,False,0.1497256507559115,False,False,False
27540,0.0399793097216369,1.7904412663518725,46.35451806219065,False,False,0.31240842647106604,False,False,False
27600,0.040251126569166,1.8032948021923672,45.82052952854626,False,False,0.1844914958579551,False,False,False
27660,0.0393333049552404,1.8480283266523243,46.14770002832408,False,False,0.2020752375605923,False,False,False
27720,0.0387283460053528,1.7946425662977934,45.85306592976343,False,False,0.2519165920641484,False,False,False
27780,0.0383416132512069,1.8215515730861056,46.46202803409694,False,False,0.5213822904534879,False,False,False
27840,0.0391060927096083,1.7707535837225683,45.36846078660979,False,False,-0.027822177468848963,False,False,False
27900,0.0396330597720485,1.830893169074318,45.6249413093732,False,False,-0.15637574419673683,False,False,False
27960,0.0397654467306809,1.8202894360710675,46.26686391133989,False,False,0.0809155787903677,False,False,False
28020,0.0415497849299436,1.8467541181717104,46.654126830827806,False,False,-0.27049204551241246,False,False,False
28080,0.0408847946959258,1.8385268649720024,44.942493962799965,False,False,-0.6181906920947995,False,False,False
28140,0.0392303271069267,1.8317917236355816,46.73294352326834,False,False,-0.8709204885342672,False,False,False
28200,0.0402781667619607,1.79468545993248,45.9778700054627,False,False,-0.605083643333856,False,False,False
28260,0.0396743374109197,1.8132267182604012,45.108229743111686,False,False,-0.6147234734663414,False,False,False
28320,0.0397725089295679,1.8574294821363824,44.551532957539166,False,False,-0.6682817127656904,False,False,False
28380,0.0401482605195323,1.7647879732522491,45.28993349998326,False,False,-0.9141243481346635,False,False,False
28440,0.0404953368935803,1.7660659799503693,46.047003759368266,False,False,-0.7029054195812279,False,False,False
28500,0.0397285932128927,1.80979729548932,46.0261368227901,False,False,-0.6297513399397872,False,False,False
28560,0.0408510812261874,1.8224251032743344,46.37791571345276,False,False,-0.6189463314150316,False,False,False
28620,0.039086449419086,1.7554982490397435,45.78880156172119,False,False,-0.23985042302516035,False,False,False
28680,0.0400050712498898,1.795962821575681,45.51175453168215,False,False,-0.0466066878773006,False,False,False
28740,0.0420781389812766,1.7949240661916457,45.86146126547836,False,False,0.35426735175470014,False,False,False
28800,0.0401784637941002,1.680374873757413,46.087039257168165,False,False,0.3156577766270914,False,False,False
28860,0.0411465716052849,1.788141924580027,46.18785016559358,False,False,0.3163830821064977,False,False,False
28920,0.0400732161425385,1.7915048370261828,45.68011107288331,False,False,0.019628096330180256,False,False,False
28980,0.0404646216762638,1.791344181087557,46.52764642709076,False,False,0.18686599514397528,False,False,False
29040,0.0399545734444858,1.8764593708271728,45.76845434546463,False,False,0.13563227639060926,False,False,False
29100,0.0398636739350686,1.7343468918805207,45.64652370456776,False,False,-0.12742839720176846,False,False,False
29160,0.0393764140826196,1.755470381154951,45.81241628539964,False,False,-0.016088383685897156,False,False,False
29220,0.040344241087166,1.658941426890756,46.623261782388646,False,False,0.1208377026209746,False,False,False
29280,0.0393187702486513,1.7740305000265963,46.02167312247059,False,False,0.35893611891208366,False,False,False
29340,0.0405324681890507,1.778635248077196,45.74304425180959,False,False,0.12178638653493579,False,False,False
29400,0.0408682296035567,1.7724612324779505,46.55558453297232,False,False,0.38260302812356883,False,False,False
29460,0.0402932251257897,1.859814576332123,47.166134582125984,False,False,0.4432049221108798,False,False,False
29520,0.0397710010131554,1.846473346206196,46.20183128370966,False,False,0.5505455956420207,False,False,False
29580,0.0403631724634469,1.8042042631104345,46.716140851391465,False,False,0.1878768132924904,False,False,False
29640,0.0397530615555628,1.7799868951088476,46.61948825064972,False,False,0.5804685561295599,False,False,False
29700,0.0407484377003721,1.8554142420777704,45.80085905393672,False,False,0.5160750861155634,False,False,False
29760,0.0385348751326279,1.798933075568864,46.11922567440757,False,False,0.35616692877698597,False,False,False
29820,0.039731514105505,1.7558134178984033,45.46686592372102,False,False,0.2792559374937156,False,False,False
29880,0.0384073504039008,1.7073225714158342,46.00789675979577,False,False,0.494343896495252,False,False,False
29940,0.0388039513358182,1.7761690173296332,45.79950236281729,False,False,0.663061134665071,False,False,False
30000,0.0410910897838511,1.840750755327321,45.91338422319591,False,False,0.4162548628190166,False,False,False
30060,0.0407161479855773,1.922933089235327,45.74210934049712,False,False,0.21460172433306468,False,False,False
30120,0.0394244158133721,1.803326958694232,45.97573810649308,False,False,0.11957519818015783,False,False,False
30180,0.0387979972351672,1.7586708021835036,46.387632508126885,False,False,0.2734140885231966,False,False,False
30240,0.0376283769297266,1.7360118787526524,46.063999864178,False,False,0.20892153278823855,False,False,False
30300,0.0395652035936538,1.8298055644005025,45.19378887492387,False,False,0.50062806647135,False,False,False
30360,0.0419363320097979,1.7047107331712494,45.755144845755886,False,False,0.549196942840382,False,False,False
30420,0.0403479074171709,1.829718635475864,45.37073510632957,False,False,0.3339812309592247,False,False,False
30480,0.0395523421711604,1.8441564267381971,46.25469455000315,False,False,0.16611999043020376,False,False,False
30540,0.0403720641676002,1.8235590904745749,46.38655277344292,False,False,-0.17719798038756096,False,False,False
30600,0.0387512333176044,1.788138269715318,46.26539785674648,False,False,-0.2189021427306983,False,False,False
30660,0.0397621413098418,1.830506795291528,45.74565120357328,False,False,0.12211010146732804,False,False,False
30720,0.0400795819784125,1.809230672040928,46.26501001919214,False,False,0.39608412774732926,False,False,False
30780,0.0399311194785431,1.757981312539528,45.90875558114566,False,False,0.4804808757851333,False,False,False
30840,0.040632644897352,1.8999222654082517,45.57692963855854,False,False,0.2977155838331669,False,False,False
30900,0.0402757161809888,1.781009313501032,46.519236977691705,False,False,0.3934627902379475,False,False,False
30960,0.0405346608144863,1.8418906242242952,46.55951554910269,False,False,0.22919999656602386,False,False,False
31020,0.0394493021742153,1.6693948287344311,46.62717906718613,False,False,0.18209299355046937,False,False,False
31080,0.0407182523267284,1.8689294276701705,45.85078668103171,False,False,0.006431601102548257,False,False,False
31140,0.0413031495580991,1.8793132422113477,46.74687179179804,False,False,-0.002194765748143368,False,False,False
31200,0.0392238803842788,1.8016110245048385,45.91262916419104,False,False,-0.2962374787419435,False,False,False
31260,0.0392898434754283,1.830173635875839,46.4884006050279,False,False,-0.42702955322117475,False,False,False
31320,0.0410686274690561,1.8301598198068083,45.90842326777887,False,False,-0.5566259009095234,False,False,False
31380,0.0398469248106439,1.7652896872394008,46.05411817119289,False,False,-0.45678193021355185,False,False,False
31440,0.0411230571136532,1.8295446044937245,44.95774997877474,False,False,-0.21311368205971348,False,False,False
31500,0.0396459714304862,1.756333954626882,46.019611954664455,False,False,-0.4541288352559576,False,False,False
31560,0.0411640364610165,1.7671271261231525,46.21834319966899,False,False,-0.3282293630711024,False,False,False
31620,0.0401051886534443,1.860854929733464,45.97000306199813,False,False,-0.194802399090662,False,False,False
31680,0.0402065830586581,1.852631515297811,47.05535155912618,False,False,-0.15041088656309398,False,False,False
31740,0.0412517744173359,1.7618557228857472,45.59825413682454,False,False,0.04528961356560046,False,False,False
31800,0.0397105836180446,1.760386877450944,45.89992621533878,False,False,0.5507675648387078,False,False,False
31860,0.03924710232326,1.7651377834672857,45.73151018330139,False,False,0.6367529697982235,False,False,False
31920,0.0396411486335773,1.8395625365891368,45.90428765320014,False,False,0.6326186933848561,False,False,False
31980,0.0403618671605145,1.7460008218362386,46.7041123285718,False,False,0.5815962625472508,False,False,False
32040,0.0387473927422555,1.819262482507941,46.9296513486685,False,False,0.491705745156338,False,False,False
32100,0.0405099767221209,1.840329727774252,45.84246880044911,False,False,0.6071020210625164,False,False,False
32160,0.0395689829459058,1.7952347456841726,45.83359098895055,False,False,0.5869185468710469,False,False,False
32220,0.0409182501285868,1.854543439630706,45.61876009041876,False,False,0.5415468244308386,False,False,False
32280,0.0380845917560796,1.7835672508475513,46.85269676237894,False,False,0.41386319205209077,False,False,False
32340,0.0393707473799166,1.7884517975463288,46.762285926981,False,False,0.4280195249998684,False,False,False
32400,0.0386508254790127,1.7472287035188798,46.15102247793203,False,False,0.4370234913428561,False,False,False
32460,0.0393390164269088,1.8549275767714912,45.50819343417655,False,False,0.039857960186182595,False,False,False
32520,0.0401981327208871,1.758607895863141,45.55514140400543,False,False,-0.07638710845751007,False,False,False
32580,0.0398566186996401,1.8188876781566128,46.29601706632942,False,False,-0.045674138006532417,False,False,False
32640,0.0397972979448415,1.7961489323751996,46.48760095476394,False,False,-0.11281271472007859,False,False,False
32700,0.0398726521028959,1.7431497145919703,45.18208924743368,False,False,-0.14355384119653536,False,False,False
32760,0.0401627105924959,1.7671084302335407,46.05673634907889,False,False,0.006961999016112941,False,False,False
32820,0.0391931711664455,1.8746751009082,47.028768903530086,False,False,-0.10594661292050489,False,False,False
32880,0.0405654797127192,1.810889507302262,46.11309600983982,False,False,0.07122917337972012,False,False,False
32940,0.0405301327763083,1.7455058815661906,46.96889931295384,False,False,0.016683595284476382,False,False,False
33000,0.0403080303501248,1.8164877275168292,46.55083298643994,False,False,-0.005206112605620206,False,False,False
33060,0.040445226754201,1.7921098422938946,45.68639977594798,False,False,0.20880587902799164,False,False,False
33120,0.0402371344006469,1.9865185057211856,46.0844335840933,False,False,0.4643075079875274,False,False,False
33180,0.0416280586421848,1.8153966874324827,46.16865176590045,False,False,0.3406363669071908,False,False,False
33240,0.0399303246631579,1.7794462582584163,45.75897275552961,False,False,0.23377722839933313,False,False,False
33300,0.0397543334253323,1.876681507560504,45.75252418257446,False,False,0.27534781128562713,False,False,False
33360,0.039397177935714,1.7005840469661864,46.99307214444279,False,False,0.21487916397930462,False,False,False
33420,0.0391741898635377,1.8050932884445796,45.7532371929406,False,False,0.5353289590391483,False,False,False
33480,0.0390044225699191,1.907699138712778,46.78336519539498,False,False,0.5100266528067436,False,False,False
33540,0.0392889621494152,1.7937252386445732,46.028134572411695,False,False,0.454146985342021,False,False,False
33600,0.0399434556946783,1.7064017435890038,46.23578680105618,False,False,-0.04516579297508372,False,False,False
33660,0.0402674361027981,1.7786204299218278,46.53175832952063,False,False,0.13567968779767625,False,False,False
33720,0.0400409136468417,1.878543974211788,45.953786438352566,False,False,-0.18044043292053402,False,False,False
33780,0.0393875717780562,1.8203077582013216,46.53924758595574,False,False,-0.03068114049804649,False,False,False
33840,0.0407201476512159,1.754701770086324,45.234310233837846,False,False,-0.008110181450504683,False,False,False
33900,0.0405915301378407,1.7629968884123328,46.479608432222925,False,False,-0.13057925223232303,False,False,False
33960,0.0398722813540623,1.76977618535791,45.02771933013336,False,False,-0.3036163108517087,False,False,False
34020,0.0394776670842682,1.819504685738916,46.15079068347352,False,False,-0.42764453365279564,False,False,False
34080,0.0404387423366638,1.8722625911786877,46.693565193885554,False,False,-0.3623673117485424,False,False,False
34140,0.0401503788699888,1.8568308426911555,46.57982100865907,False,False,-0.3144577956065433,False,False,False
34200,0.0388414981924679,1.824624657833893,45.62169777055247,False,False,-0.22013875706805663,False,False,False
34260,0.0399456157952124,1.728091182956896,45.68830046639025,False,False,-0.12889663408414265,False,False,False
34320,0.0402096286496595,1.7282916442443543,45.931026298679264,False,False,0.10892955253450509,False,False,False
34380,0.0392802441708097,1.8287956091455435,46.37069990442322,False,False,-0.1742319466979012,False,False,False
34440,0.0401518747142699,1.7273445607116238,45.26385503262586,False,False,-0.0547446891094836,False,False,False
34500,0.0388361420117937,1.7878193808622953,46.275439494127006,False,False,-0.13146517227012566,False,False,False
34560,0.0410689488800097,1.8164241240940533,46.43999562335488,False,False,-0.13129234320825844,False,False,False
34620,0.0409983599880475,1.738569924250415,46.14499200042293,False,False,-0.23912679917202695,False,False,False
34680,0.0397979861325576,1.7446898339446215,46.55140072928851,False,False,-0.25831741419310106,False,False,False
34740,0.0402907634702712,1.794917462513338,46.40283197882866,False,False,-0.34231416805899073,False,False,False
34800,0.0380720624273601,1.827197115526299,46.02237242436967,False,False,-0.04677016288677294,False,False,False
34860,0.0390749218717877,1.857322013602343,45.32733452834295,False,False,-0.10716306172663792,False,False,False
34920,0.0397649768638782,1.8327808854776095,46.36436540366167,False,False,-0.17938051102886732,False,False,False
34980,0.0391422935828585,1.8039774561295785,45.82335083466483,False,False,0.1046828456390756,False,False,False
35040,0.0405715171861045,1.759705483307919,46.012946859252615,False,False,-0.022037295825526826,False,False,False
35100,0.0415978372245983,1.742171022224396,46.5439099350685,False,False,0.0037546111421136175,False,False,False
35160,0.0390587082244565,1.772412637230226,47.0152441722077,False,False,0.14994094106539535,False,False,False
35220,0.0393300292767318,1.822136521588951,46.28977707317309,False,False,0.17295688141624055,False,False,False
35280,0.0401883586946479,1.8181776801578768,46.5880692075206,False,False,0.31312706927704426,False,False,False
35340,0.0412888929187997,1.6866052927708437,45.59102677312478,False,False,0.28472890299326536,False,False,False
35400,0.039022100549968,1.7575734404735548,46.43825788860232,False,False,0.42779121690865907,False,False,False
35460,0.0401992288978455,1.8650434077867324,46.28777278366978,False,False,0.3448027007030703,False,False,False
35520,0.0414570390806504,1.8042776125814235,46.934569197225024,False,False,0.5913958547892122,False,False,False
35580,0.0386785926814565,1.7234815186924388,46.05195582330112,False,False,0.4092663397052121,False,False,False
35640,0.0389751446345233,1.9272143438063003,46.20359590713788,False,False,0.6314424924986781,False,False,False
35700,0.0396611147148313,1.7984371464550029,46.85605160368903,False,False,0.5621531718379487,False,False,False
35760,0.0395835292697156,1.820754033802924,46.28285712832888,False,False,0.6584079204913706,False,False,False
35820,0.0406500810302029,1.8215743368264368,45.77668298828613,False,False,0.872218211294836,False,False,False
35880,0.0401933277758566,1.78014984482735,47.6091499699784,False,False,0.7850685408771483,False,False,False
35940,0.0385800303522863,1.7607110211816448,45.796266606068535,False,False,0.8583088631930025,False,False,False
36000,0.0404123283223206,1.914570449193561,46.30544260136571,False,False,0.8625469369061562,False,False,False
36060,0.0395379688901154,1.8541731169593585,46.51336637455684,False,False,0.778465399990381,False,False,False
36120,0.0410195577735529,1.8443846088598683,46.47606070546316,False,False,0.39807944353354685,False,False,False
36180,0.0394979299708504,1.8311196163527836,46.24960975334797,False,False,0.7296045485218059,False,False,False
36240,0.0394907077735182,1.745820860920469,46.25433107449159,False,False,0.48533433114799607,False,False,False
36300,0.0404329052886436,1.8689866303539748,46.23147498101433,False,False,0.6927438215371922,False,False,False
36360,0.0406103411858695,1.7544708364673656,45.79320363926618,False,False,0.5900729219676748,False,False,False
36420,0.0403584794911489,1.8152974871001348,47.42850983017681,False,False,0.5965802355461705,False,False,False
36480,0.0386515221460921,1.711472945104913,46.24563441851232,False,False,0.4420656061867305,False,False,False
36540,0.0404304275519426,1.689793622065034,46.65632502818412,False,False,0.4199845205472741,False,False,False
36600,0.0391725535586604,1.817187724943268,46.19276275733534,False,False,0.27703938706959264,False,False,False
36660,0.0401882208892706,1.756308639571475,46.18493700440197,False,False,0.21059702888528875,False,False,False
36720,0.0388610124516807,1.6925849511499471,46.13682666364845,False,False,0.32875246469947683,False,False,False
36780,0.0403570577180344,1.8291929131591425,45.59185525539222,False,False,-0.03043717424412762,False,False,False
36840,0.0393547208765541,1.9144843616367424,46.288697233730026,False,False,-0.06902718706757582,False,False,False
36900,0.0389738922797915,1.8750362539633236,46.16773363103427,False,False,-0.0517439830773867,False,False,False
36960,0.0405710561091859,1.7861048341956538,46.959229367189934,False,False,0.04725655805256679,False,False,False
37020,0.0401933156173414,1.800477646561635,45.77734670820886,False,False,-0.19183626145557753,False,False,False
37080,0.0395088185588856,1.8479361378663317,46.089352832627256,False,False,-0.199643360621522,False,False,False
37140,0.0411609430792168,1.860594913071085,45.93093584243121,False,False,0.01109567659786137,False,False,False
37200,0.0396474780627442,1.7814490711834123,47.10365092721772,False,False,-0.02112500130151318,False,False,False
37260,0.0400256861391767,1.8018455966491271,45.94991116218805,False,False,-0.17607436088059103,False,False,False
37320,0.0402151307581428,1.816233199565285,46.66799496138202,False,False,-0.27870548009254037,False,False,False
37380,0.0395042672526971,1.829909321295057,46.87415543012551,False,False,0.034019063930060156,False,False,False
37440,0.0403769090347199,1.7928138721313915,46.318242892118384,False,False,-0.23408246387887743,False,False,False
37500,0.0395732381222682,1.7935153967662878,45.70512850175943,False,False,-0.14162441387908586,False,False,False
37560,0.039670689342227,1.874510945806737,45.71368672725138,False,False,-0.2434201760437702,False,False,False
37620,0.0410901141118426,1.865314117931916,46.82787534343483,False,False,-0.15942549249746207,False,False,False
37680,0.03916753115799,1.8257801709655488,45.76992595604042,False,False,-0.07233598902598715,False,False,False
37740,0.0380697757352564,1.8928318897812384,46.59846592537389,False,False,-0.2977906920106079,False,False,False
37800,0.0412887495960095,1.7791319288397736,46.46185682915779,False,False,-0.3864189434341512,False,False,False
37860,0.0420394623620856,1.8876405662259863,46.59547817080657,False,False,-0.04787049658797571,False,False,False
37920,0.0396757845876405,1.82929583395092,46.64493398697757,False,False,0.1280004348516144,False,False,False
37980,0.0384505295675038,1.976635410599588,45.94453584524924,False,False,-0.5588968803995158,False,False,False
38040,0.0397516128190432,1.7356059759537463,45.92583680235439,False,False,-0.09079952963077176,False,False,False
38100,0.0397710216401274,1.7627753563802635,46.77329411331553,False,False,-0.4011806951596384,False,False,False
38160,0.0398480609271822,1.8226150827228296,46.103387895386696,False,False,-0.33890674073795424,False,False,False
38220,0.0391092895664625,1.8214506388608656,45.045215609069885,False,False,-0.16719262139925206,False,False,False
38280,0.0404636489139811,1.905307505145451,46.746897158417966,False,False,-0.14036873928756677,False,False,False
38340,0.0404196059002288,1.7639077671018253,45.90661851984521,False,False,0.18858513071884886,False,False,False
38400,0.0388044755041445,1.8488656000094696,46.66054675723579,False,False,0.2991037936334209,False,False,False
38460,0.0405593573853559,1.862773002252828,47.12561939734522,False,False,0.4035615918406279,False,False,False
38520,0.0416421479855567,1.838050982939915,46.43981935572128,False,False,0.1315395052437509,False,False,False
38580,0.0401375682659496,1.7481061975360868,46.93155069732563,False,False,0.740424789603324,False,False,False
38640,0.0397301398703451,1.8760189754837264,46.51279627616554,False,False,0.7785810463032448,False,False,False
38700,0.0398863974284739,1.8663835462910323,47.23184175437157,False,False,1.012703145366828,False,False,False
38760,0.0404922054135748,1.8323775640686804,45.90930319032602,False,False,0.9034931320722279,False,False,False
38820,0.0386154627155942,1.811034775109284,46.438478908899896,False,False,0.7724714704393705,False,False,False
38880,0.0401315125623818,1.812209832542396,46.78139685603245,False,False,0.8759579891364808,False,False,False
38940,0.0396876288404297,1.7957482672190737,46.35183982941025,False,False,0.7366004302578233,False,False,False
39000,0.0414782600103648,1.8346023972496428,47.025384860645175,False,False,0.7479780389564041,False,False,False
39060,0.039860661812956,1.8016812820590289,46.235485246967016,False,False,0.7414755588398663,False,False,False
39120,0.0413343100888956,1.754179651330957,47.48842024694042,False,False,1.2204212500728886,False,False,False
39180,0.0391170074417744,1.7433760511793102,47.51706307766567,False,False,0.8968765899797262,False,False,False
39240,0.0404698073334422,1.7593900423027762,46.599229978046765,False,False,0.7667051121422901,False,False,False
39300,0.0402555202110329,1.8119951410976705,46.73672422451399,False,False,0.7823414714476655,False,False,False
39360,0.0393047622017081,1.798544384832499,47.05848900655256,False,False,0.8273365474888408,False,False,False
39420,0.0401419168917095,1.8116285648375925,45.87128424366013,False,False,0.723235883925355,False,False,False
39480,0.0409700150694652,1.82704390921149,45.81111259025848,False,False,0.5264826027385965,False,False,False
39540,0.0397409666365707,1.766124670000489,47.09755170887976,False,False,0.26604193085735517,False,False,False
39600,0.0386464298806641,1.8791456490906489,46.60856614279101,False,False,0.3017190265488665,False,False,False
39660,0.039985949738818,1.7855436153394364,46.360548937768186,False,False,-0.038019578910009955,False,False,False
39720,0.0392780615241659,1.7765949428217986,46.48159286660223,False,False,-0.13886048393089823,False,False,False
39780,0.0397261272490689,1.8260488568159523,45.28524013338318,False,False,0.4403535894843742,False,False,False
39840,0.0399347297842519,1.700828449071746,46.38520936674029,False,False,0.4382866826867513,False,False,False
39900,0.0386354782271875,1.7573111397149623,46.10619680877574,False,False,0.4950194460937922,False,False,False
39960,0.0387074733285434,1.852977931129359,46.94398564958346,False,False,0.28260724712599483,False,False,False
40020,0.0403856534684204,1.706179215830646,46.98469487637149,False,False,0.2627531432230654,False,False,False
40080,0.0395818250430642,1.8603490066343904,46.77774925864801,False,False,0.37006284254569266,False,False,False
40140,0.0379482045265435,1.8816013745833933,46.68936812038619,False,False,0.540242593550829,False,False,False
40200,0.0406278752292865,1.7800494117575176,45.74519507603006,False,False,0.6581872202844465,False,False,False
40260,0.0402178958042193,1.815757889441021,46.7914196447922,False,False,0.47698560744254337,False,False,False
40320,0.0394289001407708,1.8604307025819555,46.81302673195901,False,False,0.38960701133848374,False,False,False
40380,0.0389465358311534,1.77479338384565,47.12315374048526,False,False,-0.05831608137457067,False,False,False
40440,0.0406686463170514,1.8468598781084136,47.56189197421956,False,False,-0.10117401666479964,False,False,False
40500,0.0402794804980483,1.7637579650629438,45.65873638562223,False,False,-0.223964648828769,False,False,False
40560,0.0419060818261472,1.7742094761600085,46.31300796400249,False,False,-0.16614649313952157,False,False,False
40620,0.0403361508789799,1.7568358309264516,46.13834271263634,False,False,0.06003577388368342,False,False,False
40680,0.0403101625130096,1.8185029487565196,46.59795927981126,False,False,-0.3183063112234237,False,False,False
40740,0.0398664576559131,1.86253032883854,46.52063626913132,False,False,-0.6595808906004237,False,False,False
40800,0.0406534206937606,1.7900579016656732,46.39912395788579,False,False,-0.9866518305223622,False,False,False
40860,0.0405000681609985,1.7313525453647305,47.032196829530015,False,False,-0.7499457071291573,False,False,False
40920,0.0410013800068521,1.741533831596512,45.96991719764261,False,False,-1.0593349005966957,False,False,False
40980,0.0395829416650901,1.8213083687540093,46.00229322394026,False,False,-0.8720671439057668,False,False,False
41040,0.0396516740216448,1.8995822863232903,46.01297097649111,False,False,-0.7073507202454152,False,False,False
41100,0.0396167174632704,1.8212611499629776,46.34714947273071,False,False,-0.9320254845539182,False,False,False
41160,0.0406326413769431,1.7791075862648325,45.915247812891344,False,False,-0.7334175994623138,False,False,False
41220,0.0411986995522373,1.8413739342099156,46.5074868308512,False,False,-0.8626815177842104,False,False,False
41280,0.0396329276054805,1.7870670736783156,46.451257132338974,False,False,-0.44045057538815513,False,False,False
41340,0.0396601810177655,1.779572598262333,46.142974327058425,False,False,0.09498048389428959,False,False,False
41400,0.0402512617790958,1.7482432082924555,46.97534466548964,False,False,0.24224695324939205,False,False,False
41460,0.0398033907999896,1.8760562375893035,46.51094092872174,False,False,0.3525662634786073,False,False,False
41520,0.0407616429225119,1.6628827724552342,47.07424452928458,False,False,0.5020806112171954,False,False,False
41580,0.0381985781675047,1.8430843968150803,46.44762557607002,False,False,0.35993807297516867,False,False,False
41640,0.0393386359624664,1.774957773358933,46.535282711960136,False,False,0.14648564434048694,False,False,False
41700,0.0393740669328308,1.7778416005016129,46.26821860813852,False,False,0.3630743784996895,False,False,False
41760,0.038143715190091,1.891385018430362,46.5483161946152,False,False,0.3715565791488302,False,False,False
41820,0.0392290892445049,1.7614369210211973,46.91018477235253,False,False,0.3716968559320577,False,False,False
41880,0.0392678751073232,1.763276265682466,46.350631657554935,False,False,0.14561407253344782,False,False,False
41940,0.0398391162763849,1.7929587110983454,46.81773440936098,False,False,-0.11283636763647564,False,False,False
42000,0.0408903727133282,1.8223477588338608,46.15438460197434,False,False,-0.33519643725868775,False,False,False
42060,0.0398039514790474,1.776139787756185,46.94251301966189,False,False,-0.03287143001358572,False,False,False
42120,0.039175349023783,1.715011617751062,46.27526447764839,False,False,-0.016918702662124474,False,False,False
42180,0.0399544363670291,1.7532522982323848,46.99328698232244,False,False,-0.06202976905234436,False,False,False
42240,0.040839338897153,1.869192028249084,46.60016497132831,False,False,-0.04210076584840294,False,False,False
42300,0.039219232947108,1.8040379466133176,47.33238322121058,False,False,-0.19419737784718905,False,False,False
42360,0.0392715400928628,1.8243587133200063,45.99710214579151,False,False,-0.3775226387494399,False,False,False
42420,0.0404468391674193,1.785883254812656,45.838277276666254,False,False,-0.4349687473961126,False,False,False
42480,0.0398227711074153,1.7643871244066436,46.27048669473797,False,False,-0.20431482833576808,False,False,False
42540,0.0405179877525675,1.8905887502932723,45.88851949811217,False,False,-0.10881950121296313,False,False,False
42600,0.0399890825665637,1.7898376397192417,45.89168717931874,False,False,0.160630093165949,False,False,False
42660,0.0405613309184716,1.7760580265055352,46.8960596611664,False,False,-0.1844123552203456,False,False,False
42720,0.0391719375087674,1.8591916877831884,46.58542453863369,False,False,0.1800426732163487,False,False,False
42780,0.0399903322793693,1.7609925406211613,46.34990310139146,False,False,0.18474026494739348,False,False,False
42840,0.0398314479885094,1.7678847234362045,46.39849194549444,False,False,0.14794833803820495,False,False,False
42900,0.0390272872607167,1.8005533209369124,46.29558406638756,False,False,0.4460061918119891,False,False,False
42960,0.038749217641705,1.8000145856207617,47.421617136863816,False,False,0.45191928620640454,False,False,False
43020,0.0405485992282197,1.8140190127867737,46.23090935353634,False,False,0.7023520680110096,False,False,False
43080,0.0397192380942256,1.9129501308273564,45.93982491271978,False,False,0.4337432259515879,False,False,False
43140,0.0391821757746821,1.818157405303028,47.00114682490816,False,False,0.48170257997888655,False,False,False
43200,0.0399230568504613,1.671585086011457,46.49747335889465,False,False,0.5286155344826682,False,False,False
43260,0.0409024150858794,1.8176201429453045,47.626967669381074,False,False,0.5564511994206782,False,False,False
43320,0.0381754097237024,1.8020455197024383,46.34670765997863,False,False,0.194967838310248,False,False,False
43380,0.0388026890480773,1.8023463013149787,47.03503222365767,False,False,0.2665747826745246,False,False,False
43440,0.0392616908464837,1.8132811547073933,47.15536845348248,False,False,0.48086176803815306,False,False,False
43500,0.0411689430933762,1.7984513724655609,46.3558315264854,False,False,0.12970298856507156,False,False,False
43560,0.0402260695863354,1.797158946975009,46.247268713035446,False,False,0.2070863087795658,False,False,False
43620,0.0406138537923689,1.8331043873276225,46.99164201685899,False,False,-0.332289169977912,False,False,False
43680,0.039087871264699,1.770727636951497,46.91063436475407,False,False,-0.05587460156624502,False,False,False
43740,0.0391043712997835,1.7488249378754843,45.9201130098452,False,False,-0.2713287112988496,False,False,False
43800,0.0403582509733781,1.9632841984416087,46.06342989645188,False,False,-0.4042806295228303,False,False,False
43860,0.0400466194647483,1.7613436980358137,45.3616623665338,False,False,-0.7296650698800704,False,False,False
43920,0.0404389910550913,1.805407717272844,46.929800450400776,False,False,-0.6504811098262309,False,False,False
43980,0.0398498632072572,1.7192343464527302,46.50342308124706,False,False,-0.553572846231674,False,False,False
44040,0.0402225149811637,1.8062892944127769,46.55549112173087,False,False,-0.6578062966673315,False,False,False
44100,0.040126495267924,1.749605820262776,45.79307393777115,False,False,-0.3146593879875752,False,False,False
44160,0.0406222139112679,1.7761064610860997,46.09197446448098,False,False,-0.08647021835567159,False,False,False
44220,0.0406456066255555,1.8564334919516408,46.40427583914542,False,False,0.40788401957388487,False,False,False
44280,0.0387041024044865,1.825488516692416,46.30932214975887,False,False,0.2887709277829913,False,False,False
44340,0.0382021851557273,1.8306941143270403,46.70663264199516,False,False,0.5596299983995863,False,False,False
44400,0.0408013963181212,1.7043549387268395,46.94167832195582,False,False,0.5376416767730632,False,False,False
44460,0.0409501800746095,1.8991923391707668,47.78698019768608,False,False,0.7511105948174333,False,False,False
44520,0.0391835015843893,1.7356384092091388,46.644395052431584,False,False,0.5452469760480199,False,False,False
44580,0.0385121316747635,1.8825422839718688,47.21433455339909,False,False,0.35920358895046434,False,False,False
44640,0.0400792278568057,1.8551633687630005,46.2438764877643,False,False,0.49849513089294817,False,False,False
44700,0.0407446705810804,1.8311759680563728,45.82361937317007,False,False,0.1905999543382535,False,False,False
44760,0.0414380756179474,1.7538308218309475,46.48717136170625,False,False,-0.17987192410843988,False,False,False
44820,0.0404130380576811,1.8081858516202545,45.86669098052776,False,False,-0.37495295928674466,False,False,False
44880,0.0397026266427314,1.7745702438251776,46.67511807745301,False,False,-0.3745047430560362,False,False,False
44940,0.0392854955027321,1.8015681368612857,46.279784086017685,False,False,-0.7823734553062707,False,False,False
45000,0.0400091610333365,1.78650689800938,45.6951051092983,False,False,-0.7564749913480142,False,False,False
45060,0.0397605882368918,1.68991503264509,47.54248303000925,False,False,-0.6694319793168546,False,False,False
45120,0.0391879456754169,1.860576344153168,46.40791925493004,False,False,-0.28585621770396585,False,False,False
45180,0.0416390045206906,1.7956202135463346,45.86012011441419,False,False,-0.3471107032417393,False,False,False
45240,0.0414281347216577,1.7738207784268794,47.1302453155435,False,False,-0.5923703705846464,False,False,False
45300,0.0409088389468443,1.7697423294271926,46.31908189342378,False,False,-0.25917571536636785,False,False,False
45360,0.0392633196817527,1.8193568171238053,47.23070174594232,False,False,0.0868413626752016,False,False,False
45420,0.0406840154594378,1.7517371577320986,46.32115121616153,False,False,0.4476075911998407,False,False,False
45480,0.0405117011275983,1.6782205198424016,46.41962919277272,False,False,0.38023039936014413,False,False,False
45540,0.0403540364993632,1.821985009373247,46.86472354704622,False,False,0.7076351390992812,False,False,False
45600,0.040999732213635,1.8280315618896683,46.991147037063314,False,False,0.8168155958983618,False,False,False
45660,0.040508296914289,1.7892198814674078,47.08100886978513,False,False,1.0267447725589562,False,False,False
45720,0.0405920113890434,1.7380132447397396,46.65412608615373,False,False,0.9389805163814771,False,False,False
45780,0.0405095250266977,1.8048025192080213,46.965534670699256,False,False,0.9897229993760277,False,False,False
45840,0.0402726331264016,1.7209152521110662,47.07627026778724,False,False,1.2284519358864827,False,False,False
45900,0.0385731110962286,1.7445295477788665,46.80597018801252,False,False,1.0453415172300424,False,False,False
45960,0.0400668968619284,1.7594623114287753,46.63658621650052,False,False,0.7734676176308994,False,False,False
46020,0.0395550464329207,1.845572709828144,45.987497453420666,False,False,0.3437916228326827,False,False,False
46080,0.0389761272338879,1.7804190086764065,47.0119616603298,False,False,0.27152276181526247,False,False,False
46140,0.0413454532954406,1.7758152137640713,46.73569108591394,False,False,0.24534173557302097,False,False,False
46200,0.0413831962727085,1.9055533958322075,46.51002596457158,False,False,0.23533378261767268,False,False,False
46260,0.0410873764802364,1.8190329748481904,47.35794672694634,False,False,0.24537890833862264,False,False,False
46320,0.0402041707334847,1.8183057035656407,46.00737638309741,False,False,0.1455602375741165,False,False,False
46380,0.0410805000967621,1.7800361597587262,47.54554101164008,False,False,0.23535872167558125,False,False,False
46440,0.0400096425444814,1.767795929947614,46.71461586904397,False,False,0.09278043941930036,False,False,False
46500,0.0401622378215182,1.681934052239074,46.88674125201622,False,False,0.21186658019708204,False,False,False
46560,0.0391252229036304,1.852311988723872,46.53268975990321,False,False,0.5746246614110504,False,False,False
46620,0.040317593043599,1.8242087241108444,45.89890501531024,False,False,0.48040344755048636,False,False,False
46680,0.0400483087427395,1.7903250363664758,46.664866176742585,False,False,0.455687295028838,False,False,False
46740,0.0389578783065324,1.7925897581008423,46.90427323382544,False,False,0.41241972563820184,False,False,False
46800,0.0399590423105467,1.839751790162097,47.07724315798391,False,False,0.44703455912926415,False,False,False
46860,0.0399362163489145,1.716045656053688,46.64234348996672,False,False,0.21139594765816128,False,False,False
46920,0.0414380489333157,1.7681464080960945,45.647319822987534,False,False,0.24935853689503062,False,False,False
46980,0.0407153706628107,1.7386396454038031,45.974988725702,False,False,0.23622441608598876,False,False,False
47040,0.0400091563512731,1.8956615012542843,47.77405886427853,False,False,0.2874969007029762,False,False,False
47100,0.0401990298478408,1.8472853987200784,46.20401071491439,False,False,0.2040146525751112,False,False,False
47160,0.0400353699024833,1.6810545973786903,47.46603309032362,False,False,-0.20037641346910107,False,False,False
47220,0.0398376688121635,1.7182568721614413,46.28769464689878,False,False,0.07540256080262964,False,False,False
47280,0.0391340582420893,1.7928533336386958,46.66573971514722,False,False,0.25744732329232534,False,False,False
47340,0.0398791584979144,1.7744882285480892,47.071801454214665,False,False,0.24107493993068374,False,False,False
47400,0.0394031213946779,1.728483360763848,46.35132975552785,False,False,0.024366595110819844,False,False,False
47460,0.0389997475688614,1.9050171608331263,47.55976420110137,False,False,0.10657387207911029,False,False,False
47520,0.040408977451638,1.8168771553550596,46.80375046665963,False,False,0.24503061493568623,False,False,False
47580,0.0403130117279465,1.825640081434607,46.998541365178816,False,False,0.39650075627042725,False,False,False
47640,0.0385706339909055,1.7626311927414604,46.63654209242299,False,False,0.4737104416138749,False,False,False
47700,0.0399018522900039,1.8390028039476125,47.101935394344665,False,False,0.3802958358495374,False,False,False
47760,0.0407965611087199,1.7794566309069717,47.56420127516462,False,False,0.6394084077483058,False,False,False
47820,0.040847378991117,1.784699468619795,46.711391590831646,False,False,0.47817006517158234,False,False,False
47880,0.0408206694743081,1.832994105830564,47.64412060942144,False,False,0.49754827151490133,False,False,False
47940,0.0400311305655211,1.7120341314867438,46.47569596426083,False,False,0.36130219796763186,False,False,False
48000,0.0393239637376246,1.886239504431953,47.16577154252981,False,False,0.465589681110373,False,False,False
48060,0.0391330409381135,1.8098490175950892,47.03051034537905,False,False,0.3027035307873831,False,False,False
48120,0.0402756839238002,1.8691709872741429,46.2538917953199,False,False,0.2058631003484095,False,False,False
48180,0.0403034240274921,1.7419273331425835,46.89731733838333,False,False,0.25579844515078776,False,False,False
48240,0.041029864889284,1.7501490833024775,46.79632510939341,False,False,0.14944687686971747,False,False,False
48300,0.0408799837202736,1.7372573880336102,46.36827570673337,False,False,0.1744915900266193,False,False,False
48360,0.039894217074775,1.8135160743239012,46.97610266637242,False,False,-0.019903169676254606,False,False,False
48420,0.0390046352969113,1.8035630983035853,46.87247587673319,False,False,0.04199539077788472,False,False,False
48480,0.0397447147223912,1.7749217617615165,46.76526728442889,False,False,0.23930762837669306,False,False,False
48540,0.0401737849558484,1.745240263584195,46.769501677956725,False,False,0.47210500267134137,False,False,False
48600,0.0398383334036884,1.7316038014345343,46.761014937427824,False,False,0.5296200677935303,False,False,False
48660,0.0395376847135378,1.7973818693745849,46.62439991067004,False,False,0.6150113771022063,False,False,False
48720,0.0402023078519759,1.7748583139022156,46.88039642320425,False,False,0.3385281686823731,False,False,False
48780,0.0395968338068715,1.762977222412654,46.490751923918445,False,False,0.20002638610326073,False,False,False
48840,0.0394975471330197,1.883542832251107,48.1433434302389,False,False,0.4156190233926509,False,False,False
48900,0.0402491622674427,1.7955544133775925,46.11250171617481,False,False,0.26141697003005504,False,False,False
48960,0.0396784059358966,1.868582318432054,46.52702995469381,False,False,0.46265221501937503,False,False,False
49020,0.0401952835111826,1.7712043821351344,46.56875659542614,False,False,0.345236750228878,False,False,False
49080,0.0402185632182817,1.8132179193251277,47.84410400928044,False,False,0.1377867512675408,False,False,False
49140,0.0390884567991267,1.797004295122158,46.16601963153299,False,False,0.12556126967677983,False,False,False
49200,0.0396150071009076,1.7083283952860215,47.04127775991836,False,False,0.2134259196827344,False,False,False
49260,0.0411502215519331,1.8771302685382516,46.95474329785215,False,False,0.13413793449834088,False,False,False
49320,0.0390703363898125,1.7927017052202496,46.99957707206971,False,False,0.1968389590101225,False,False,False
49380,0.0383066764408235,1.84030658386018,47.45317715544148,False,False,-0.01927711372684371,False,False,False
49440,0.0385105238774059,1.7593904489870758,47.44514990841312,False,False,-0.4046340243548343,False,False,False
49500,0.0400232879572613,1.7910984033946928,46.61398646968309,False,False,-0.2283390953423492,False,False,False
49560,0.0400247338224261,1.7531899725641389,46.9387032620937,False,False,-0.44799861633029536,False,False,False
49620,0.0399059113156599,1.8667439180692236,45.9118731756742,False,False,-0.5310651293649897,False,False,False
49680,0.0409713518631428,1.8168161047623368,46.89570035041481,False,False,-0.4095070880854763,False,False,False
49740,0.0378617324535176,1.819820890440768,46.45138878664145,False,False,-0.6780941597378813,False,False,False
49800,0.0403167470995446,1.873341943943669,46.75742194198072,False,False,-0.8123459296203777,False,False,False
49860,0.0412491505614428,1.8624424300325475,46.0101568769562,False,False,-0.7387095599412277,False,False,False
49920,0.0390977753880866,1.8413284969513597,47.05750860712765,False,False,-0.7209963778386594,False,False,False
49980,0.039696154790568,1.7232267232599772,46.00901777038388,False,False,-0.44687051274209466,False,False,False
50040,0.0393976864662171,1.762433327546099,46.93367407597105,False,False,-0.2177580451972858,False,False,False
50100,0.0392845231631379,1.745790040655387,46.24850863046754,False,False,-0.07774062257908554,False,False,False
50160,0.0397389903959815,1.8392868194557928,46.43917056381444,False,False,0.18228096309464092,False,False,False
50220,0.0411419882269476,1.8092152048545027,47.443586787058535,False,False,0.3592156746112636,False,False,False
50280,0.04146990934039,1.7249123285839478,47.16240936314633,False,False,0.34778399541372096,False,False,False
50340,0.0397312486199678,1.7898078124973935,47.44528161342836,False,False,0.4566626910535092,False,False,False
50400,0.0415240481712515,1.719317933871186,47.652773265247305,False,False,0.25149990846686876,False,False,False
50460,0.0400284611815877,1.797129549644233,46.48871999983034,False,False,0.3804308032279522,False,False,False
50520,0.0414029528213608,1.710609884784692,47.62685483902423,False,False,0.46663874362049285,False,False,False
50580,0.0399253610802772,1.8285566846427688,46.146845834117904,False,False,0.47781568516495554,False,False,False
50640,0.0401048462608369,1.82040998180584,47.25487848388338,False,False,0.3022110069273367,False,False,False
50700,0.0402923795781142,1.903029218640732,46.637389113714505,False,False,0.4039732499168309,False,False,False
50760,0.042543082943494,1.8457851576328568,46.42113755409841,False,False,0.21789326986520052,False,False,False
50820,0.0406810284598758,1.777162630185585,47.195752213473845,False,False,0.24676350208279985,False,False,False
50880,0.0394341883760388,1.8441757850368223,47.3632226968098,False,False,0.1301761734427629,False,False,False
50940,0.0407751982962206,1.7245261504289604,47.35061078195204,False,False,0.11907740911489384,False,False,False
51000,0.0397105339703325,1.7480264794012217,47.00263618747972,False,False,0.24270097279129743,False,False,False
51060,0.039608199853679,1.817989696732056,46.96341454810052,False,False,0.21659704846784678,False,False,False
51120,0.0407268810879136,1.683454518211612,47.163098844689415,False,False,0.31603009250954983,False,False,False
51180,0.0400248684702169,1.7979933176135705,47.05377724400163,False,False,0.22769831788160388,False,False,False
51240,0.0402228607316094,1.744905782225605,47.17480278043959,False,False,0.31421585843631306,False,False,False
51300,0.0400111881774922,1.8054705809782765,47.00835424560552,False,False,0.031689848172518964,False,False,False
51360,0.0402692665012843,1.7418022366654478,47.32997608170692,False,False,0.09910453343820791,False,False,False
51420,0.0403399727179489,1.82290939942258,46.09720992058209,False,False,0.4434784138769743,False,False,False
51480,0.0384504264538356,1.801043680878039,46.84740674071767,False,False,0.3362562789078396,False,False,False
51540,0.0405332581348876,1.875619759511592,46.22334988574165,False,False,0.6118962602044746,False,False,False
51600,0.0392143844641357,1.8003636648414876,47.05585379587045,False,False,0.7401638230335834,False,False,False
51660,0.0388461606915524,1.758493288532081,47.740697529398425,False,False,0.5905464603961263,False,False,False
51720,0.039953271004913,1.7866681637853268,46.68491970490165,False,False,0.558422878194051,False,False,False
51780,0.0400671848026515,1.7274112345610966,46.98781776542732,False,False,0.4557118113066565,False,False,False
51840,0.0394451950683421,1.821931411754094,47.30466476214309,False,False,0.13025719251041323,False,False,False
51900,0.0406648254861343,1.8318519133010247,45.89478959320258,False,False,-0.02335826396277696,False,False,False
51960,0.0389262598669032,1.933336585981412,46.66982547241732,False,False,-0.11555362423132465,False,False,False
52020,0.0396744450009819,1.7664208565073622,47.115368197529406,False,False,-0.2707002675393113,False,False,False
52080,0.0395321006920536,1.7855390930215402,45.486842659467904,False,False,-0.29526990417978993,False,False,False
52140,0.0399627301837285,1.7689090396803364,46.44916543016263,False,False,-0.24288164715487426,False,False,False
52200,0.0402230914277177,1.8114541398610864,47.490228317794326,False,False,-0.35680146798021894,False,False,False
52260,0.0391936856403011,1.8206112888618995,47.44352743573261,False,False,-0.16780647190158504,False,False,False
52320,0.0405794261419649,1.7971177584008604,47.13141775359586,False,False,-0.13909488382088853,False,False,False
52380,0.0400504018946677,1.858661599511144,47.38758711428597,False,False,-0.10993895793190234,False,False,False
52440,0.0384864429973504,1.7666831067972422,47.05627006592868,False,False,0.08082011806668277,False,False,False
52500,0.0384331268476823,1.8532533985860984,47.22864505684267,False,False,0.3282427768948111,False,False,False
52560,0.0399901445656565,1.8290788840966183,46.79535040310478,False,False,0.5047996448675605,False,False,False
52620,0.0398232261457709,1.799350384325457,47.0133132533897,False,False,0.45201163404530575,False,False,False
52680,0.0399172639091402,1.782993421399114,46.64145137312431,False,False,0.4709794428145955,False,False,False
52740,0.0399776140347758,1.931040058971494,47.59160789282694,False,False,0.11045530171416829,False,False,False
52800,0.0401804478716081,1.7558815328599278,47.722875579890456,False,False,0.237116693842907,False,False,False
52860,0.0407581196878786,1.8160883915562944,47.654281929891454,False,False,0.16623420578676473,False,False,False
52920,0.0391111160792659,1.759488170206925,46.76250080310756,False,False,0.05334961410862604,False,False,False
52980,0.0390624227256793,1.8964235204255504,46.49189781866751,False,False,0.20257290470738099,False,False,False
53040,0.0391253409136901,1.847888621755157,47.609501323128704,False,False,0.41599882463819426,False,False,False
53100,0.0402311333337349,1.7633691065425785,47.245197748452895,False,False,0.41103417230299044,False,False,False
53160,0.0409959579029171,1.8276801296452865,47.13976597232258,False,False,0.3161002540896618,False,False,False
53220,0.0396549284494083,1.813915568948934,46.66088741349175,False,False,0.16500035652812528,False,False,False
53280,0.0379986401246722,1.7721022628533645,47.19276501668628,False,False,0.46901092385139975,False,False,False
53340,0.0386368057099117,1.8409408677303212,46.439523734940494,False,False,0.652891937720895,False,False,False
53400,0.0393335706217631,1.8210224911196384,47.301423597214544,False,False,0.36547932915020453,False,False,False
53460,0.0395538168900038,1.8116477305498413,47.6760654233817,False,False,0.5579938612733741,False,False,False
53520,0.0396732890981962,1.7977363355929143,47.80437449993615,False,False,0.8755930321918584,False,False,False
53580,0.0400308648983847,1.8232769426003808,47.34534340944064,False,False,0.6529227350598035,False,False,False
53640,0.039750602935342,1.812386933720593,46.30230026197874,False,False,0.8810103215621865,False,False,False
53700,0.0408394716884347,1.803191039983351,47.09420575666588,False,False,1.0901867626314043,False,False,False
53760,0.0394591861554549,1.7653851405366716,48.06761121762528,False,False,1.0060783236532274,False,False,False
53820,0.0393101456324195,1.8914633770011744,46.56569420477886,False,False,1.180098613681409,False,False,False
53880,0.0403831004308163,1.7432773230591785,46.97263886794846,False,False,0.8588668200360416,False,False,False
53940,0.0387714863440591,1.8230923558195065,47.71122148470762,False,False,0.6135442750864115,False,False,False
54000,0.040311753364256,1.7827069999157226,47.315255924247495,False,False,0.928297221682044,False,False,False
54060,0.040082042546981,1.8950155525502623,48.24899677985682,False,False,0.5266645618393966,False,False,False
54120,0.0398820460080654,1.751211942989913,46.64471358040354,False,False,0.2723739112215071,False,False,False
54180,0.0412706208857194,1.760295783864942,46.51850003355099,False,False,0.3775407134148736,False,False,False
54240,0.0395022340437642,1.7476298245838615,47.62767029874256,False,False,0.2605953841203359,False,False,False
54300,0.0416482385364192,1.817467112751333,46.419897921092776,False,False,-0.04335943798295716,False,False,False
54360,0.0398196548406175,1.7258552643832934,46.92168289522333,False,False,-0.10143648238472736,False,False,False
54420,0.0389783868440238,1.7741594612830809,46.98947327160589,False,False,-0.42738679264803636,False,False,False
54480,0.0400559356647958,1.6837722455658686,47.5425209351322,False,False,-0.15435675351217526,False,False,False
54540,0.0391390038397449,1.812982753122917,47.33388983685544,False,False,0.5307983972654284,False,False,False
54600,0.0393985953217492,1.772988397627162,47.25751796433481,False,False,0.3713271209413591,False,False,False
54660,0.0403176266400123,1.71964493582768,46.82999972269912,False,False,0.5020309750082816,False,False,False
54720,0.0404444656709201,1.8586229077605991,47.64094682559448,False,False,0.3274976717544007,False,False,False
54780,0.0395022658397965,1.7293859874872133,49.04858649182072,False,False,0.3452586580953607,False,False,False
54840,0.0407899241160371,1.843034959261524,47.3835451743221,False,False,0.11448526745678578,False,False,False
54900,0.0409260062064169,1.7621437955046586,47.08996988303763,False,False,0.23447458701197377,False,False,False
54960,0.0411490414052506,1.886484854406353,46.3934319481717,False,False,0.2759100174839091,False,False,False
55020,0.0404235307257005,1.840475729102012,46.72585236341278,False,False,0.49405732306389893,False,False,False
55080,0.0410907429696685,1.7455654149728026,46.93996762550126,False,False,0.2933581823340319,False,False,False
55140,0.0384953612576207,1.7504775421806436,46.78175227674492,False,False,-0.29133730293298754,False,False,False
55200,0.0397456747610972,1.8326983610821128,47.043243134018624,False,False,-0.21539398625475314,False,False,False
55260,0.0393063957949412,1.785831580941651,47.94251974408927,False,False,-0.056966735554667025,False,False,False
55320,0.0400953806889019,1.7908555046208463,47.6793248187738,False,False,-0.11319560605500101,False,False,False
55380,0.0395428406246426,1.8687008985356932,46.97855465625862,False,False,-0.1985995531338034,False,False,False
55440,0.0398670737264402,1.7595708008380224,46.45606069656339,False,False,-0.057500979335074476,False,False,False
55500,0.0415057399041632,1.8049298636974749,47.73111414475109,False,False,-0.15135252803129617,False,False,False
55560,0.0398642241628637,1.8515499008572245,47.04013284097277,False,False,-0.39064274167154167,False,False,False
55620,0.0403310338537521,1.8436923443728224,46.20363941930584,False,False,-0.7610267760534413,False,False,False
55680,0.0398141845360606,1.7913809159538838,47.42533434575711,False,False,-0.6603973762074702,False,False,False
55740,0.0400605706303654,1.7843990824339564,47.58419228303089,False,False,-0.40123502944474865,False,False,False
55800,0.0400048133443488,1.70610396502387,45.86062439285039,False,False,-0.5925963919861772,False,False,False
55860,0.0403586592527785,1.7429627703960795,46.66353092865484,False,False,-0.6702264705520662,False,False,False
55920,0.0409322460284377,1.817191398235036,47.02281089847101,False,False,-0.3589591449503473,False,False,False
55980,0.0413179151980826,1.7925543617971194,47.447523014182735,False,False,-0.313437844279818,False,False,False
56040,0.0402476960655273,1.804046062242576,46.82462392061991,False,False,-0.4399924957038621,False,False,False
56100,0.0404716375088284,1.8561196949202392,46.66865591634859,False,False,-0.5737870912471124,False,False,False
56160,0.0390793083926515,1.7358845521106372,47.45054114657928,False,False,-0.45042265188760666,False,False,False
56220,0.0399296986060675,1.7872462636794368,46.855024989485614,False,False,-0.004181551678598794,False,False,False
56280,0.0407522315719068,1.8101903920242055,47.36244315582061,False,False,-0.16267149974717654,False,False,False
56340,0.0406927749107337,1.7619753633709765,46.53788765746253,False,False,-0.645435000401207,False,False,False
56400,0.040169287786236,1.8772997641520808,46.4197086297352,False,False,-0.5938353083397203,False,False,False
56460,0.0407091151676543,1.84906368728711,47.475739372542165,False,False,-0.7196867319721179,False,False,False
56520,0.040392613367195,1.8156671996627929,47.22659440331915,False,False,-0.5462222699686095,False,False,False
56580,0.0409602450066074,1.896888516083744,47.563791969182205,False,False,-0.5945024185908636,False,False,False
56640,0.0402314873255656,1.7190596549010524,46.83849725650696,False,False,-0.39859184199437436,False,False,False
56700,0.0397154413475431,1.799582780820293,46.70947076013137,False,False,-0.04050298491942783,False,False,False
56760,0.0402686730055464,1.8197821963224396,47.78961250954527,False,False,0.22805354330120053,False,False,False
56820,0.0376555244993177,1.7506140274731283,46.35000333818114,False,False,-0.13429881962778722,False,False,False
56880,0.040306308589108,1.8162385852581573,47.73944272917225,False,False,-0.24441948416075832,False,False,False
56940,0.0370812697398281,1.7402445453354547,47.7761943827267,False,False,0.060795041135321526,False,False,False
57000,0.0386212292740756,1.8372900951868096,47.54821644052211,False,False,0.1745065779032302,False,False,False
57060,0.0403614148807527,1.857123077478961,46.77649757928742,False,False,0.03407816474027925,False,False,False
57120,0.0403820234698134,1.8147060036609295,46.71436907383352,False,False,-0.16240116461598575,False,False,False
57180,0.039070056975888,1.699948917986493,47.01983276010068,False,False,0.16373152083438924,False,False,False
57240,0.0394303183664968,1.7477931498570345,46.479570462587645,False,False,-0.15898606798117498,False,False,False
57300,0.0410964327908913,1.8304943401735108,46.64847295603011,False,False,-0.37945303764946914,False,False,False
57360,0.0396127758947418,1.801144726749668,47.45391675556501,False,False,-0.17904860146131796,False,False,False
57420,0.0417943362499223,1.6545238586446056,47.45845382132613,False,False,0.3009778475914402,False,False,False
57480,0.0399984641174589,1.867112840728885,46.61122150535014,False,False,0.575305968318446,False,False,False
57540,0.040326428941505,1.807379451337707,47.47629954067122,False,False,0.6128352882140149,False,False,False
57600,0.0412934995187988,1.7557699681439976,47.36761988029465,False,False,0.7207936789859701,False,False,False
57660,0.0401048216929547,1.8537276022686,47.89764100911687,False,False,1.1319069443187146,False,False,False
57720,0.0391981248154473,1.7634128393030275,47.42949575716565,False,False,0.8610994471968496,False,False,False
57780,0.0399122180386445,1.7628235856493724,47.67644771750264,False,False,0.6581722848345208,False,False,False
57840,0.0399715114110479,1.819351043154758,47.38792564050412,False,False,0.7762690374596843,False,False,False
57900,0.0389082066782387,1.896176076799084,47.64158105429118,False,False,0.8980020831569817,False,False,False
57960,0.0397953343429273,1.887673707610536,46.510287575562266,False,False,0.7896028770448424,False,False,False
58020,0.039406246324802,1.819424420940822,47.09520357969427,False,False,0.5440698370663739,False,False,False
58080,0.0407394862057499,1.8249688255779173,47.138814078539525,False,False,0.4900845084242462,False,False,False
58140,0.0400276894993482,1.842740942332581,47.03866014358921,False,False,0.3477375327359198,False,False,False
58200,0.0397737634006819,1.7321228815300551,47.38470808661879,False,False,0.2281414072881205,False,False,False
58260,0.0399150544555019,1.8347840102062072,47.48218425311186,False,False,0.23616344378457654,False,False,False
58320,0.0401784976147249,1.7603600327202495,47.363352618803134,False,False,0.33649347731669366,False,False,False
58380,0.0404934513597518,1.8171978156070157,47.080981794060456,False,False,0.35227017625584267,False,False,False
58440,0.0392002302170644,1.7877167481092038,46.80381834915213,False,False,0.26585909305048006,False,False,False
58500,0.0391667298939029,1.827065249664168,47.72250608055638,False,False,-0.1272979162724397,False,False,False
58560,0.040883743372322,1.806377587110349,47.35100910618875,False,False,-0.3893917712196213,False,False,False
58620,0.0396701305022362,1.63405636537565,46.66906542308569,False,False,-0.3283600634709529,False,False,False
58680,0.0388665263259225,1.80966015243208,47.08375823586415,False,False,-0.31812809150936516,False,False,False
58740,0.0403550501675064,1.83467625942416,46.31118182223885,False,False,-0.028722533783422932,False,False,False
58800,0.0403706958448261,1.8240801308102763,47.20274662266982,False,False,0.005479729837858827,False,False,False
58860,0.0387754277941946,1.7944603589047368,47.08810099860037,False,False,-0.016940712782130163,False,False,False
58920,0.0401835853723708,1.8886767313642416,46.90228714912556,False,False,0.23835528125286487,False,False,False
58980,0.0405884664739427,1.8168141489725695,47.98405037360856,False,False,0.23071266964262804,False,False,False
59040,0.040299509161365,1.823634358210428,46.61590287333932,False,False,0.47703109916933784,False,False,False
59100,0.0405055851870091,1.8564025622787308,47.5494060633551,False,False,0.6023924802159684,False,False,False
59160,0.0388765847215274,1.8195800219836165,48.29179332238344,False,False,0.5032278219754289,False,False,False
59220,0.0402648321239969,1.751507041315633,47.73930284817941,False,False,0.26214126958076633,False,False,False
59280,0.0397579041924236,1.6683297796559005,47.18712915967576,False,False,0.11232186336562222,False,False,False
59340,0.0396137678730202,1.7742354712910235,46.63809388541654,False,False,-0.24495652918380983,False,False,False
59400,0.0406964444875357,1.8410910583975804,46.526326771239546,False,False,-0.3391841895528671,False,False,False
59460,0.0411834196085393,1.7809327981034386,47.00381166645658,False,False,-0.6142105048547535,False,False,False
59520,0.0414354960436802,1.8432636321032132,46.86831680138196,False,False,-0.5911749813757439,False,False,False
59580,0.0410518462972047,1.8080313214996948,46.85427336826341,False,False,-0.7455720365601479,False,False,False
59640,0.0399122126546958,1.869555567794158,47.05311974941041,False,False,-0.9117017437943957,False,False,False
59700,0.040282176130421,1.7840582978154844,47.167382585106765,False,False,-0.7222748999108006,False,False,False
59760,0.0406134582974273,1.8252512006346555,47.46334175977582,False,False,-0.6045755340523726,False,False,False
59820,0.0400969423594395,1.8273177934849092,46.60406733062553,False,False,-0.2922273338071335,False,False,False
59880,0.0401046113503292,1.8810865011220843,46.88407319669378,False,False,-0.182614664663717,False,False,False
59940,0.0406590025055009,1.707841585457949,47.14758870775264,False,False,-0.14846646146826004,False,False,False
60000,0.0399525738831792,1.7752459531741296,47.13191180685581,False,False,0.04726378731506031,False,False,False
60060,0.039416570450901,1.8458198696909796,48.15009591167773,False,False,0.10032917243211159,False,False,False
60120,0.0396684215473313,1.883478409908047,47.35023700873651,False,False,-0.12438982247503816,False,False,False
60180,0.0405071283021869,1.8129638616826724,46.42954846079844,False,False,-0.032262927840861266,False,False,False
60240,0.0400023946329599,1.7841939751212397,47.447663701975095,False,False,0.22723739864598258,False,False,False
60300,0.0402721679814946,1.84088439190842,47.51363453695728,False,False,0.28617118864731594,False,False,False
60360,0.0405360633937617,1.846909944462511,47.18046831586648,False,False,0.41264853022816794,False,False,False
60420,0.0397001268296819,1.7805782693519654,46.63856364718782,False,False,0.332287172102653,False,False,False
60480,0.0406049985309038,1.817836594857588,48.12651898645272,False,False,0.4658159704758873,False,False,False
60540,0.0403030740827667,1.8637484721702464,46.71477933640893,False,False,0.6217063369860938,False,False,False
60600,0.0390121495304708,1.9020847856368204,47.58233705081109,False,False,0.678094492011212,False,False,False
60660,0.041153843832949,1.8401006677987055,47.354205866538656,False,False,0.6067410092798582,False,False,False
60720,0.0395994042049944,1.802383500419942,47.55681553092514,False,False,0.5461555051853253,False,False,False
60780,0.0386759237254518,1.797079940493953,48.11206887289749,False,False,0.39479705141019394,False,False,False
60840,0.0391639650323309,1.830099414088456,47.54168900128791,False,False,0.21913250706320753,False,False,False
60900,0.0391831638714573,1.7937536665061098,46.9837671060992,False,False,0.13588943379134832,False,False,False
60960,0.040041738654926,1.810240586947209,47.818325011588506,False,False,0.10622736950925571,False,False,False
61020,0.039780919595563,1.7428746817153329,46.95200880340603,False,False,0.11267815888240307,False,False,False
61080,0.0397305344258875,1.8700410886105223,47.351567188529295,False,False,0.10065915319334806,False,False,False
61140,0.0404957615723859,1.7384300247339717,46.62547603322733,False,False,-0.009850991616318083,False,False,False
61200,0.0402719002889541,1.7766659649355374,46.75760687797042,False,False,-0.0992702084374315,False,False,False
61260,0.0402528382965154,1.805270036085998,47.30217048126045,False,False,-0.044482678936120124,False,False,False
61320,0.0403278627658629,1.9075132915139863,47.46275015473637,False,False,0.14303651644686965,False,False,False
61380,0.0404929077344017,1.7771751188179743,46.42974114350398,False,False,0.4024564308867582,False,False,False
61440,0.038313637326578,1.7640351460461383,47.5318097932534,False,False,0.3388089041957585,False,False,False
61500,0.0397084493981884,1.7702558864639752,46.87568127535748,False,False,0.3782580651331813,False,False,False
61560,0.0382558319484084,1.889580447051011,47.92746942589579,False,False,0.273304989442849,False,False,False
61620,0.0400288479414382,1.6481332623506748,47.11387285805152,False,False,0.17026329630544978,False,False,False
61680,0.0399962936222205,1.7458521473439763,46.730273592092345,False,False,0.04158291353689947,False,False,False
61740,0.0408364258198317,1.947489590294616,47.33221666025053,False,False,0.28605860379678916,False,False,False
61800,0.0409501075141768,1.8319076319685483,46.83842653513511,False,False,0.22106048718403315,False,False,False
61860,0.0401622200386019,1.7402768127356822,47.9332462607946,False,False,0.1377175593608797,False,False,False
61920,0.0395997111380824,1.7977364289625624,47.30126844824816,False,False,-0.0581326101500963,False,False,False
61980,0.0403881288900365,1.8036425465676649,47.22739468733853,False,False,0.01545903617119393,False,False,False
62040,0.0395776658901405,1.8456907632789028,47.60136316275425,False,False,-0.22617565681932206,False,False,False
62100,0.0399988858788453,1.8993331081524183,46.80521858809216,False,False,-0.2527359449143205,False,False,False
62160,0.0407889090535686,1.8209817907890775,46.66534513443162,False,False,-0.16306258166828513,False,False,False
62220,0.0395537829232084,1.7708514316373,47.51632740622026,False,False,-0.07381336697827123,False,False,False
62280,0.040644542911394,1.8425025598733031,46.764545916898605,False,False,-0.23610573760744558,False,False,False
62340,0.0405419210949538,1.7622943543694056,46.76660584843185,False,False,-0.614896453204949,False,False,False
62400,0.0392361665462953,1.7441997752165923,47.73721859532059,False,False,-0.7787954617481034,False,False,False
62460,0.0407791153025739,1.704964920914352,47.58360228910568,False,False,-0.3902359930452661,False,False,False
62520,0.0405588530762972,1.7154830666969785,46.69638511729083,False,False,-0.29383161509262834,False,False,False
62580,0.0400815407098981,1.7515919615692894,47.01596152145018,False,False,-0.43498098007381714,False,False,False
62640,0.0393901412335778,1.736399352544153,46.87589341935125,False,False,-0.10794477194676233,False,False,False
62700,0.0393126351851395,1.8169147724782349,48.21814850074827,False,False,-0.11124240572144117,False,False,False
62760,0.0395698699384775,1.7352323014055022,47.78522371991685,False,False,-0.0927772805872138,False,False,False
62820,0.0404340755706335,1.630242019690664,47.12402573753248,False,False,-0.1199309791286538,False,False,False
62880,0.0392354998660788,1.7436287641721688,47.62477515961043,False,False,0.07394743407613191,False,False,False
62940,0.0403500097988959,1.7745195790230437,46.66081437637684,False,False,0.46703998050475093,False,False,False
63000,0.0390065955768972,1.767305727654914,47.00481404815107,False,False,0.5886496375848509,False,False,False
63060,0.0398367451324489,1.882054332682696,47.39579841112033,False,False,0.4449278287315792,False,False,False
63120,0.0400877182036592,1.766868701798386,47.57171180712591,False,False,0.3205994717179692,False,False,False
63180,0.0419561041160471,1.8475698670127567,47.29909652419981,False,False,0.305155894977446,False,False,False
63240,0.0388981474755837,1.7989749396172334,47.4740624967172,False,False,0.33362796686981255,False,False,False
63300,0.0411776116531921,1.7977155448136797,47.39145362574022,False,False,0.35555151972826593,False,False,False
63360,0.0401198739311898,1.754889464402206,47.27272634915607,False,False,0.4521930711413802,False,False,False
63420,0.0403289375344127,1.7968257368146383,47.20867190847535,False,False,0.3397868141793765,False,False,False
63480,0.0400946783307105,1.7586848091475396,47.14584192263546,False,False,0.21345968436945384,False,False,False
63540,0.0403557814545561,1.809181312969747,47.477172767692224,False,False,-0.03175858815330912,False,False,False
63600,0.0398770519165103,1.7872425198383208,47.56884146238122,False,False,-0.02612312372295378,False,False,False
63660,0.0411632401451659,1.7489900916076535,47.46484290584448,False,False,0.1317624066090275,False,False,False
63720,0.0396348230846202,1.853562294343832,46.7785944515881,False,False,0.42024586006709796,False,False,False
63780,0.0409057876577434,1.823049385921157,46.8706587054206,False,False,0.3326619772118704,False,False,False
63840,0.0394845063038295,1.7758046123563187,47.5717931883698,False,False,0.3953273538698028,False,False,False
63900,0.0399517985228789,1.8078566245399068,48.11041859013477,False,False,0.37603293192647413,False,False,False
63960,0.0391424299581678,1.795473583838894,47.45301932498228,False,False,0.2905465854302065,False,False,False
64020,0.040364018976278,1.7531500893877832,47.17320704236796,False,False,0.3637581862940493,False,False,False
64080,0.0411561007655412,1.803806796367143,47.49344113073142,False,False,0.5401081449716969,False,False,False
64140,0.0399381150561433,1.766465365240402,46.81508984615688,False,False,0.6700673254615594,False,False,False
64200,0.0398424914410368,1.7489735728765148,48.0402017900854,False,False,0.7270287791481138,False,False,False
64260,0.0391083064295456,1.7123705641656075,47.48125693847475,False,False,0.43290177303860844,False,False,False
64320,0.0398165658771581,1.780635202908914,47.05546091401903,False,False,0.1779198096481167,False,False,False
64380,0.0387257645922227,1.830616415617521,47.30902144198143,False,False,0.31754286805208665,False,False,False
64440,0.0392696976106249,1.7624883949175416,47.13113071339963,False,False,0.18489492843768573,False,False,False
64500,0.0401814288368873,1.9361182693765304,48.05271347224342,False,False,0.2501180135307237,False,False,False
64560,0.0410552105581931,1.8478270252972475,47.297988093515045,False,False,0.2895348627316423,False,False,False
64620,0.0422473686889836,1.8704338271636656,47.479020665699935,False,False,0.34033908962446446,False,False,False
64680,0.0395307319319432,1.842943122651983,47.69043067537135,False,False,0.0812708996835596,False,False,False
64740,0.0411482401253163,1.900054708646683,47.035413799567,False,False,0.07105240342782793,False,False,False
64800,0.0401950019843213,1.7575018928924828,47.504881488920425,False,False,0.0040053134737974005,False,False,False
64860,0.0398790018826029,1.6617201811744344,47.54747419495352,False,False,0.055633228812467905,False,False,False
64920,0.0403460755613809,1.7759092171489443,46.63544665414967,False,False,0.18637899206551367,False,False,False
64980,0.0400495331869439,1.8301438030795671,47.54106396345235,False,False,0.18428947936752138,False,False,False
65040,0.0400883165804897,1.8081819164743909,47.39406434099555,False,False,0.3608971124721734,False,False,False
65100,0.0396733334697386,1.8148755209922605,47.48415817392868,False,False,0.15821066218416036,False,False,False
65160,0.0388815122721609,1.8713291401441727,47.43921953901953,False,False,-0.003721692018302747,False,False,False
65220,0.0387650998379823,1.820631109020975,47.553219273152855,False,False,0.02614702380085987,False,False,False
65280,0.0405225959066249,1.8431412980899151,48.09453560391947,False,False,0.3927302725903985,False,False,False
65340,0.0397786399279314,1.7492636119399512,46.83833993944239,False,False,0.5035480516098545,False,False,False
65400,0.039523128880275,1.740848740782334,47.25924713213831,False,False,0.768395150148109,False,False,False
65460,0.0400068045013785,1.8871621518433224,47.7658622687735,False,False,0.6774783892763878,False,False,False
65520,0.0406359458023325,1.8054486828979417,47.67524554255961,False,False,0.7554099111947323,False,False,False
65580,0.0401442911544211,1.7663456240939088,47.66671503977026,False,False,0.7103380000430946,False,False,False
65640,0.0394751560506872,1.7664446973484558,48.81603052533945,False,False,0.412251907273685,False,False,False
65700,0.0409810343645191,1.764947351431534,47.74853933396471,False,False,0.6356467986730223,False,False,False
65760,0.0412633484023853,1.7617162128635246,48.00917012443743,False,False,0.6512452926237273,False,False,False
65820,0.0403956453242582,1.7307100186594024,47.292394851287234,False,False,0.6264427174914431,False,False,False
65880,0.0407789308090752,1.7189772982800926,46.95170434816841,False,False,0.5677612840994897,False,False,False
65940,0.040993567997451,1.7894697636066614,47.293231474903806,False,False,0.4171730515805194,False,False,False
66000,0.0409040794531236,1.7679820030026985,47.80859992959589,False,False,0.1970268719330619,False,False,False
66060,0.0404912793416901,1.859786601413938,47.65826342574235,False,False,0.13362792747749097,False,False,False
66120,0.0404786776376599,1.8158261392764132,47.658704838030765,False,False,0.1284472479690777,False,False,False
66180,0.0404157284586772,1.8143271547242112,47.352136613736334,False,False,0.1865237808120952,False,False,False
66240,0.0391221298603623,1.7598714979920598,47.27463715213197,False,False,0.15025225311387658,False,False,False
66300,0.0405605785254876,1.7934644655478813,47.373839493795394,False,False,0.21831277010548433,False,False,False
66360,0.0389153488230987,1.8194940595960976,47.8282354954282,False,False,0.19356799893563448,False,False,False
66420,0.0393643204358999,1.8386745699444844,47.88859113883438,False,False,0.19099323614821628,False,False,False
66480,0.0410428520542464,1.7949298413680084,46.96733625431712,False,False,0.21993368562309001,False,False,False
66540,0.0406721761301553,1.8582726840835075,47.85385801327202,False,False,0.3559977837396531,False,False,False
66600,0.0411899186317486,1.800431422681029,47.14955577258175,False,False,0.30344316601080834,False,False,False
66660,0.0397826604930501,1.8428137443999548,47.711606868283965,False,False,0.4574604429996896,False,False,False
66720,0.0390782009269785,1.773547980736186,47.38339282553576,False,False,0.42188523344536577,False,False,False
66780,0.0398076502423437,1.7021202282052934,48.26449962579007,False,False,0.24003619293256406,False,False,False
66840,0.0400816250377924,1.8144913853530005,47.27479769108356,False,False,0.25701297545448654,False,False,False
66900,0.040063190973072,1.8391674994099176,47.5753705804251,False,False,0.1979943118811036,False,False,False
66960,0.0409069443830053,1.8310687559176089,47.791590893160986,False,False,0.2652712667796777,False,False,False
67020,0.0397109836599972,1.8227980797176215,47.0535445437234,False,False,0.13518849549038237,False,False,False
67080,0.0402816275774423,1.7811763038384307,47.45632509547493,False,False,0.06208606067546896,False,False,False
67140,0.0392090982804523,1.756435702421938,47.3616908352804,False,False,-0.17501877418092704,False,False,False
67200,0.040360253822435,1.829793326528364,47.24030619029256,False,False,-0.356504451077285,False,False,False
67260,0.0400024868401485,1.823028160474707,47.27958108565748,False,False,-0.3913230581637208,False,False,False
67320,0.0394001493293723,1.7697114490944337,48.057679539871074,False,False,-0.7012111937736307,False,False,False
67380,0.0398113365102601,1.8599089062163712,47.20462652782607,False,False,-0.5052741717384492,False,False,False
67440,0.0398526594027878,1.7523252622144296,47.78933549094562,False,False,-0.40631422721416754,False,False,False
67500,0.0397838758965303,1.768489737545284,47.66565870502895,False,False,-0.40336555422047127,False,False,False
67560,0.0414170729938141,1.88836696146645,46.81210080052936,False,False,-0.5081146208773362,False,False,False
67620,0.0399212431981537,1.8469034246376312,47.77240523203373,False,False,-0.4373265179900301,False,False,False
67680,0.0398048831118581,1.7806674974818848,46.808293562345234,False,False,-0.6701885230534259,False,False,False
67740,0.0383220392339118,1.815518558320752,47.83132573571022,False,False,-0.5307202232029908,False,False,False
67800,0.0392846341184164,1.8083587812042876,47.26591365446579,False,False,-0.1819279862244514,False,False,False
67860,0.0397895412604349,1.6517368512912216,47.52592275706301,False,False,-0.2146847523888482,False,False,False
67920,0.0394513178590586,1.7510504067284374,46.87682881002518,False,False,-0.09505721481674811,False,False,False
67980,0.0411053660747022,1.7972542826760989,47.58738960104432,False,False,-0.21629200500493084,False,False,False
68040,0.039868049779683,1.7807429802657977,47.9919033026308,False,False,-0.02564592408708677,False,False,False
68100,0.0410307553994546,1.8133435385008427,47.12717503403774,False,False,-0.43953903561094876,False,False,False
68160,0.0400493637072403,1.860992044899188,47.22930385938061,False,False,-0.051011094709622284,False,False,False
68220,0.0400297822691372,1.782637067628688,47.76242756863993,False,False,-0.0052018513816278755,False,False,False
68280,0.03992896284183,1.7428866410093653,47.77715587308323,False,False,0.2534397211324375,False,False,False
68340,0.0400030370012971,1.8175419895595968,46.32248671645907,False,False,0.048834150502159446,False,False,False
68400,0.0413750360024398,1.7823623399873387,48.54950920195827,False,False,-0.2249690411333347,False,False,False
68460,0.038144311418599,1.7915725709556174,47.80831241624463,False,False,-0.1126472007248509,False,False,False
68520,0.038398763404449,1.7842442191657335,47.8947246601005,False,False,-0.0966610656729614,False,False,False
68580,0.0395654633351551,1.9210592412005931,47.476724759946585,False,False,0.08373862921797581,False,False,False
68640,0.04001162230555,1.679001969906111,46.62304788340504,False,False,-0.079441769597409,False,False,False
68700,0.0405520835398112,1.7790299692308371,47.890315322709846,False,False,0.29067284256051096,False,False,False
68760,0.0403784697584219,1.7998007926149868,47.272589932372846,False,False,-0.0020582066937038235,False,False,False
68820,0.0396926032696955,1.75781830541673,47.829379447983534,False,False,0.12238980455180126,False,False,False
68880,0.0408152349545934,1.8485905949349275,47.45024272016406,False,False,-0.19653799969920271,False,False,False
68940,0.0408241563225221,1.8439159146508608,47.680892599257184,False,False,0.25880691590084837,False,False,False
69000,0.0401472462650172,1.797421250601619,47.17660437339794,False,False,0.5696888790894832,False,False,False
69060,0.0407701260579894,1.7853836172114406,47.9985266898456,False,False,0.6518883153974855,False,False,False
69120,0.0402181162107457,1.7939543309514911,46.97437235318086,False,False,1.0363123441314883,False,False,False
69180,0.0395508135785736,1.7943415207030182,48.69357623998286,False,False,0.8341515100348715,False,False,False
69240,0.0405582534712,1.795767856481209,48.691995499210336,False,False,1.1067519030689255,False,False,False
69300,0.0400884904980629,1.7898480485180928,48.39160062885366,False,False,0.9838626440508449,False,False,False
69360,0.0400010718774035,1.8136322629879893,48.21521998341122,False,False,0.905348343939707,False,False,False
69420,0.0411783628577516,1.8406734515007048,47.53743596581072,False,False,0.9244205656009257,False,False,False
69480,0.0380393022971679,1.733565952029677,48.16521315220471,False,False,1.3967703706152577,False,False,False
69540,0.0388658526638723,1.74326414944141,47.53608120459661,False,False,1.0969862114792903,False,False,False
69600,0.0390503436589005,1.7055800264078895,46.80964033701559,False,False,0.7146186687175771,False,False,False
69660,0.0397093914819449,1.8467854596193105,48.34022946955715,False,False,0.6048846855183996,False,False,False
69720,0.0397963134641871,1.813517457832285,48.15527064840663,False,False,0.2162409254890889,False,False,False
69780,0.0387941394817815,1.8272844458603696,47.57741851752122,False,False,0.32565868806014464,False,False,False
69840,0.0392118735741513,1.7228070951283727,46.98272559708693,False,False,-0.1406400325414694,False,False,False
69900,0.0393113266571811,1.8963871986355276,47.30444704186659,False,False,0.20388781695818636,False,False,False
69960,0.0419659392736607,1.7671220509601506,46.68920424211589,False,False,0.022610435713374955,False,False,False
70020,0.0414413935581977,1.809083113584008,48.0745471152722,False,False,-0.322398673218828,False,False,False
70080,0.0396706004658522,1.846136771676632,46.80258185993469,False,False,-0.6105654713911548,False,False,False
70140,0.0397091333677545,1.7467030931870122,47.74988143284368,False,False,-0.6142192221301315,False,False,False
70200,0.0390806368022493,1.770498484640316,47.18684897828407,False,False,-0.12965149320218927,False,False,False
70260,0.0384734956694197,1.8096752758284476,46.89757358407774,False,False,-0.34596070134443835,False,False,False
70320,0.0399064958508731,1.9543035460750944,47.732332507620335,False,False,-0.24377551319439306,False,False,False
70380,0.0392017184134047,1.8162607361140093,47.4484849227286,False,False,-0.585978886366874,False,False,False
70440,0.0399321195746703,1.8867435021340588,48.03670882250087,False,False,-0.574240718522276,False,False,False
70500,0.0387198353207652,1.8651063498403655,46.9860412898274,False,False,-0.6903264322915845,False,False,False
70560,0.0393904204333517,1.819872541970704,47.243416255858406,False,False,-0.11855699858443813,False,False,False
70620,0.0401189016762422,1.7465834283319437,46.43048212875344,False,False,-0.00019757947517007324,False,False,False
70680,0.0402929676782271,1.8572266949841847,46.53435954623849,False,False,0.08211380479740171,False,False,False
70740,0.0403339775669936,1.7191020415510054,48.52785874679528,False,False,-0.15326213642052267,False,False,False
70800,0.0389436088126743,1.886447256678563,48.67279131825943,False,False,-0.5590538410683479,False,False,False
70860,0.0406837485841084,1.8108002866437856,47.67958495322513,False,False,-0.5795299685993172,False,False,False
70920,0.0393598306427185,1.6568879284458986,47.22353712206347,False,False,-0.664101818748307,False,False,False
70980,0.0405062863316858,1.781612670868281,47.48845669667524,False,False,-0.3637651977056464,False,False,False
71040,0.0399914890587054,1.8353131823298388,48.07669791506704,False,False,-0.34074657408211806,False,False,False
71100,0.0388988900007376,1.7872007108558527,47.3849459583164,False,False,-0.5397635019399161,False,False,False
71160,0.039747041836335,1.838610313793653,47.76318705615184,False,False,-0.6409391230977235,False,False,False
71220,0.040292290993651,1.754098694943536,47.64022175179394,False,False,-0.8117818043940304,False,False,False
71280,0.0404903723043796,1.7294769518694693,47.36442309639669,False,False,-0.9159463434790638,False,False,False
71340,0.0398872096820444,1.7961419482354293,47.38796271284576,False,False,-0.7055684935955071,False,False,False
71400,0.0412254231124808,1.8017045460336556,47.79994917608801,False,False,-0.43387589414750494,False,False,False
71460,0.0408060086167892,1.7811872450426347,47.16707432645511,False,False,-0.022150709343904396,False,False,False
71520,0.0397946767068802,1.8662737219186785,47.88361272186416,False,False,0.24692915649544034,False,False,False
71580,0.0406000974497095,1.754088801742491,47.424188223631376,False,False,0.23722227447761668,False,False,False
71640,0.0415470347881505,1.816910942795947,47.725891010183645,False,False,0.3918858231586597,False,False,False
71700,0.0415683876806264,1.803670378442836,48.35641829534738,False,False,0.359168059551493,False,False,False
71760,0.039017600095342,1.7159373385846517,47.58257064405319,False,False,0.26162241504400185,False,False,False
71820,0.0392587735110742,1.7287723700819004,48.12879849116623,False,False,0.8446347825064038,False,False,False
71880,0.041187935029387,1.8006431948774262,46.77510954753188,False,False,0.6925135765824564,False,False,False
71940,0.0391533751593298,1.906984799929096,47.438174123057074,False,False,0.7602965141237377,False,False,False
72000,0.0389419670933666,1.831280569842536,47.68942959481897,False,False,0.6868913324749002,False,False,False
72060,0.0396110446954407,1.7068157194421898,48.639480278287735,False,False,0.5381334945463294,False,False,False
72120,0.0403361813675796,1.6320336444835557,46.70006855145812,False,False,0.42728572408509535,False,False,False
72180,0.0399180826347111,1.8395848940222368,47.63416931654525,False,False,0.7017514946823411,False,False,False
72240,0.0394795491036755,1.7948044719218772,48.41284832735334,False,False,0.9575094071893631,False,False,False
72300,0.0394606300306203,1.86162836235356,47.29422335366534,False,False,1.0099866021157027,False,False,False
72360,0.0394301303484698,1.752441232281582,47.58254380548951,False,False,0.7593359618274746,False,False,False
72420,0.0392963922970728,1.8189114748843604,47.85706235763368,False,False,0.5478372184359017,False,False,False
72480,0.0418253063018208,1.8456933670035047,47.78567679637087,False,False,0.8140499769494056,False,False,False
72540,0.0402380088569484,1.77583696353685,48.478537411640254,False,False,0.74608337603145,False,False,False
72600,0.0407094072435237,1.7769913792075225,47.92211873335323,False,False,0.574303661931765,False,False,False
72660,0.0396087380255048,1.8013641928793132,48.36399793047728,False,False,0.4615737682310339,False,False,False
72720,0.0398512346582511,1.8293045227142577,47.52233695846879,False,False,0.4317139676430628,False,False,False
72780,0.0394291568149037,1.7992259637563568,47.334308085902165,False,False,0.122463642061021,False,False,False
72840,0.0378786333320646,1.8525958022390123,47.593938849421065,False,False,-0.12471950453353031,False,False,False
72900,0.0388975925785217,1.7750554997795804,47.12947855365064,False,False,0.0010078044801815622,False,False,False
72960,0.0385515050560156,1.7282666589049922,47.95301560284307,False,False,0.020816582916836524,False,False,False
73020,0.0382001729776387,1.906756669878112,47.52055035276396,False,False,0.07205094891214969,False,False,False
73080,0.0390437128205615,1.767349778226708,47.379824613556416,False,False,-0.06733776535899949,False,False,False
73140,0.0410599645435053,1.7693041274792416,47.967277922759216,False,False,0.13993742359136263,False,False,False
73200,0.0399644510658365,1.796446620662102,47.14832048336514,False,False,0.19785667485416525,False,False,False
73260,0.0410324510098569,1.803627779921315,48.10765913368375,False,False,0.1871227922476777,False,False,False
73320,0.0403287860615207,1.7791190833056327,47.48546898691375,False,False,0.19731045123080548,False,False,False
73380,0.0406260470605721,1.7990585695647536,48.30641555761008,False,False,0.21703241081044666,False,False,False
73440,0.0392792824037563,1.7978528395028786,47.53272820085177,False,False,0.41752800860307104,False,False,False
73500,0.0404191607633541,1.809440243659124,48.047281477649086,False,False,0.1957394531714982,False,False,False
73560,0.0405829713872594,1.672695677214685,47.82333748566015,False,False,0.43755360995410797,False,False,False
73620,0.039538682166213,1.901567320578424,48.1077368900345,False,False,0.061713214763329916,False,False,False
73680,0.0404476322964929,1.792046431069134,47.79298905365464,False,False,0.42966670423629694,False,False,False
73740,0.0404529502068598,1.8313536214501371,46.90854655581277,False,False,0.34524479773813255,False,False,False
73800,0.0395603579030959,1.7255825275571628,48.24687168600903,False,False,0.1742567528331591,False,False,False
73860,0.0391017852541832,1.7745659858925404,47.700863109562576,False,False,0.2364845428033675,False,False,False
73920,0.0390526973344813,1.7636949432186977,48.14169226387251,False,False,0.2885284920908475,False,False,False
73980,0.0400692044335371,1.8793650832834612,48.09428711803309,False,False,0.24261993729197684,False,False,False
74040,0.0402616078950314,1.7683660652308624,47.36474529349656,False,False,0.12761403506320335,False,False,False
74100,0.0393659793356336,1.840936319294765,47.29622548581815,False,False,0.07252033310173545,False,False,False
74160,0.0400212682730608,1.7648772955556475,48.08353039353386,False,False,0.031903438022624186,False,False,False
74220,0.0404564296289107,1.775558577258687,47.60645798250768,False,False,0.1425579570585569,False,False,False
74280,0.0404945525717322,1.786740291079163,48.22852679134974,False,False,-0.06759052390052034,False,False,False
74340,0.0412415040960979,1.8693276368487823,47.67344133458855,False,False,-0.1095847365256617,False,False,False
74400,0.0410215846657584,1.6979479564123736,48.27647634914778,False,False,0.15922887737519886,False,False,False
74460,0.0391989668537947,1.7289541680151808,47.97865335693175,False,False,0.40740195819809344,False,False,False
74520,0.0413468689676304,1.69484552105275,47.91321826608784,False,False,0.26680985152326286,False,False,False
74580,0.0395752187963554,1.7412748855328817,47.5844548242642,False,False,0.42201390861379195,False,False,False
74640,0.0408358982499635,1.7561735972356265,47.88990388506866,False,False,0.41863673366215437,False,False,False
74700,0.0400543893008408,1.712818012279119,48.37234608991783,False,False,0.5556284388063091,False,False,False
74760,0.0396702804972344,1.760356021682808,47.751041657513376,False,False,0.7848474955600722,False,False,False
74820,0.03855384251218,1.6912054180295957,48.04596626309053,False,False,0.9184171184089536,False,False,False
74880,0.0398627483918269,1.7450286089165452,47.80578873377703,False,False,0.9093929036752542,False,False,False
74940,0.0387524934117555,1.8648227015951508,47.84714037142845,False,False,0.7782772468084431,False,False,False
75000,0.0407738393886742,1.8217937557951795,48.64877338292845,False,False,0.7015488735681998,False,False,False
75060,0.0412134341257114,1.8101232542973165,48.39016267438265,False,False,0.3858651714538581,False,False,False
75120,0.0393624712085626,1.745849957960928,47.8312292208643,False,False,0.4526214283187926,False,False,False
75180,0.0402415765940154,1.717051412211585,47.90098401163803,False,False,0.3715873442603481,False,False,False
75240,0.0394196867823936,1.738485571921149,47.445051370298096,False,False,0.363699847113935,False,False,False
75300,0.0394972122158905,1.797666669347615,47.71173050334468,False,False,0.4565191194453888,False,False,False
75360,0.0406195957630923,3.46688154610524,47.95514482465502,True,True,0.1666253850977597,False,False,True
75420,0.0399691693905252,3.4687278405253075,48.227982380068845,True,True,0.1233935276874405,False,False,True
75480,0.0413917184335448,3.4540530675741,48.1795156881433,True,True,-0.11003133598450177,False,False,True
75540,0.0396142140170376,3.380171929340331,47.25250536613916,True,True,0.049046725687617254,False,False,True
75600,0.0407994690659795,3.4213256909498155,48.2978559138343,True,True,0.3036175659946707,False,False,True
75660,0.0400779307303662,1.7826475033779887,47.76720736320978,False,False,0.5019599260285474,False,False,False
75720,0.0406366224077953,1.7891357527712834,47.32032817946335,False,False,0.4943202346966018,False,False,False
75780,0.039642273874136,1.91000490643583,48.484245880421646,False,False,0.590718886926652,False,False,False
75840,0.0399603529299587,1.7048519872018049,48.54992266447823,False,False,0.5727257737849101,False,False,False
75900,0.0399076008965608,1.787327451940198,47.95238631168315,False,False,0.6079388849704941,False,False,False
75960,0.0393311543081233,1.8654344409885928,48.177139275869,False,False,0.37601016033815426,False,False,False
76020,0.0405296652276654,1.720841859268189,48.20869673369217,False,False,0.5347695625063267,False,False,False
76080,0.0405201992044626,1.7652376390356226,48.52508786012965,False,False,0.7901884953861611,False,False,False
76140,0.0404748437559244,1.7714319211313474,48.19346570084295,False,False,0.7120233686765971,False,False,False
76200,0.0412295725231341,1.787942355009085,47.167816953811375,False,False,0.3621605522597946,False,False,False
76260,0.041159475840989,1.7138183133812643,48.83879462141979,False,False,0.1755023850533064,False,False,False
76320,0.0397000442481206,1.832145447258254,48.36894884607781,False,False,0.14775407703727694,False,False,False
76380,0.0402984418547473,1.8359795132557095,47.583587953104974,False,False,0.02056634425328241,False,False,False
76440,0.0395011194485934,1.8274522675509688,47.32576717396623,False,False,0.044336733421545205,False,False,False
76500,0.0400186842528916,1.7529998215882816,48.095216079750536,False,False,-0.11539480648211509,False,False,False
76560,0.0395202004407049,1.804671582702514,47.70590899976828,False,False,-0.16423687595569447,False,False,False
76620,0.0412960562473088,1.7514302270632691,48.01226635035511,False,False,-0.404478358748662,False,False,False
76680,0.0402909585202743,1.7820397803183383,48.22120174839833,False,False,-0.5435257153725104,False,False,False
76740,0.0398255766975164,1.9162872680672276,47.56850703816436,False,False,-0.5368102449396446,False,False,False
76800,0.0409548948574851,1.8051675503901976,47.29590364022417,False,False,-0.4747505696388856,False,False,False
76860,0.0382635076721636,1.7358735648966928,48.04909652490589,False,False,-0.4138677590049582,False,False,False
76920,0.0383887179241077,1.8097381083958517,47.591723017734985,False,False,-0.35090789068541994,False,False,False
76980,0.0406366709241758,1.7270030199925812,47.933694492643234,False,False,-0.35525808990917085,False,False,False
77040,0.0400483747584939,1.7352534388041894,47.19121303569948,False,False,-0.5787206531904303,False,False,False
77100,0.0402003570402086,1.743779350658765,47.73901454634685,False,False,-0.515516591457569,False,False,False
77160,0.0389388831173451,1.7760072895814332,48.22481150850774,False,False,-0.3276866205879827,False,False,False
77220,0.0399814130313197,1.850596325761817,48.172531471214704,False,False,-0.18111481663153484,False,False,False
77280,0.041602807528321,1.8312335026929092,47.47761588635824,False,False,0.019381000002738347,False,False,False
77340,0.0406593596958366,1.828241747725356,47.28989234153941,False,False,-0.1586376279562245,False,False,False
77400,0.0401357652361142,1.7406580734581107,47.8841360254779,False,False,-0.21103749004022632,False,False,False
77460,0.039648756871916,1.770769024806475,48.15900023351528,False,False,-0.07925552332569907,False,False,False
77520,0.0396843417185044,1.814688059771692,48.083301059505416,False,False,-0.1701758251344785,False,False,False
77580,0.0382966416886399,1.7660707207890258,47.62686322163206,False,False,-0.3857674313985484,False,False,False
77640,0.0402061123367369,1.7849682122237407,48.034085019459575,False,False,-0.3512667260912963,False,False,False
77700,0.0406763864867854,1.823833369396617,48.63858018825784,False,False,-0.21377735017185273,False,False,False
77760,0.0387395045382635,1.7811662752151298,47.99220445067792,False,False,-0.11362569964686031,False,False,False
77820,0.0394708664861545,1.8122072178115092,47.07528779351768,False,False,-0.3766146560007684,False,False,False
77880,0.0390740282942132,1.8860073366250567,47.99569158488087,False,False,-0.6450305378390055,False,False,False
77940,0.0392277190441529,1.7907196248547022,48.91829955584042,False,False,-0.3996353632048937,False,False,False
78000,0.0400427853014575,1.8636842417248367,47.25485531807988,False,False,-0.16070218522865787,False,False,False
78060,0.0383324782760092,1.8302059836345972,47.91564270995576,False,False,-0.2210471785562902,False,False,False
78120,0.0404914163506856,1.7207689323517146,47.78984231692875,False,False,-0.13437795461983626,False,False,False
78180,0.0406030840559469,1.7404846004197698,47.95318116748592,False,False,0.20040818015776551,False,False,False
78240,0.0397991179295704,1.7549858223142256,48.00459541882884,False,False,0.23355911162246912,False,False,False
78300,0.0380154331920123,1.7538389144856297,48.47968498968698,False,False,0.1236007784465869,False,False,False
78360,0.039202865099198,1.7951243537102322,47.95432029425949,False,False,0.16426353297886465,False,False,False
78420,0.0409863215472821,1.8331907785964183,48.55278808406868,False,False,0.1419812919938579,False,False,False
78480,0.0377776045754171,1.867778554502055,47.857560130472976,False,False,0.3520974509653598,False,False,False
78540,0.0397219812702451,1.8166414547911545,47.74354922728247,False,False,0.48234718478452976,False,False,False
78600,0.0390559993772261,1.7759333039731269,47.58625577715405,False,False,0.5401156536582192,False,False,False
78660,0.0406436562412678,1.6875589728439868,47.01453340851684,False,False,0.5704928059559506,False,False,False
78720,0.0394599088382852,1.803811837072536,48.06319728344341,False,False,0.42139015187368045,False,False,False
78780,0.0403231632165884,1.8013915904595297,48.954536376119975,False,False,0.2416371416603198,False,False,False
78840,0.0404523683353352,1.809878152691104,48.15888362493056,False,False,0.5050433375874519,False,False,False
78900,0.041468980671784,1.91373697607598,48.27536921777203,False,False,0.8011086271460215,False,False,False
78960,0.0398376464450597,1.866992213494426,47.72770953258753,False,False,0.903634550785938,False,False,False
79020,0.040300835495698,1.8423932895854995,47.81428815386149,False,False,1.1483462837560268,False,False,False
79080,0.038811955616698,1.7480478349761337,48.43100524806853,False,False,1.030426900955547,False,False,False
79140,0.0409523308506349,1.7722982835433758,48.94526097845037,False,False,0.9118243265444619,False,False,False
79200,0.0393915929215429,1.794878391225861,48.68711778060744,False,False,0.6265349589281755,False,False,False
79260,0.0395513966687298,1.7581280153034409,48.34799578197661,False,False,0.23758965180665825,False,False,False
79320,0.0399822017641206,1.8270250843491964,47.96517841121142,False,False,0.2171936689052103,False,False,False
79380,0.0387496925237281,1.819273077857648,48.0546922330534,False,False,0.4705150558313278,False,False,False
79440,0.0401830160231431,1.741231379175047,47.575308770609176,False,False,0.24369584995793048,False,False,False
79500,0.04077397301834,1.8646281022911908,47.23020832407554,False,False,-0.42533981859608616,False,False,False
79560,0.0402343470587978,1.8055247580256784,47.39312256025047,False,False,-0.44755149979400244,False,False,False
79620,0.038728881948657,1.7066301580759184,47.98365141079497,False,False,-0.5067881816943611,False,False,False
79680,0.0399009525645362,1.7972274856493715,47.81498491722424,False,False,-0.5644370678393358,False,False,False
79740,0.0405936231223835,1.815185148619837,47.228489849981294,False,False,-0.6832311406917313,False,False,False
79800,0.0384976089872272,1.85253078751753,47.94677866721984,False,False,-0.6296184798872417,False,False,False
79860,0.0391401871889458,1.7817762742311627,47.8084548489153,False,False,-0.5102270932281243,False,False,False
79920,0.0407012348832652,1.8447086664421493,47.38347523790979,False,False,-0.2928441008837126,False,False,False
79980,0.0402160763473578,1.810105667285592,47.78703981464537,False,False,-0.77915500984831,False,False,False
80040,0.0403295772657014,1.7289870511119707,47.813882474000806,False,False,-0.9164500830880229,False,False,False
80100,0.0414875958460986,1.7235809942319442,47.66827005880031,False,False,-0.5297679596524176,False,False,False
80160,0.0403748422228049,1.860618232988065,48.44215336555408,False,False,-0.5782436858159201,False,False,False
80220,0.0405263104083465,1.864583145632616,47.02959715652303,False,False,-0.32129797067250365,False,False,False
80280,0.0421685964217746,1.817437098441855,46.99037809661776,False,False,-0.3081221204678144,False,False,False
80340,0.0398289563535276,1.8807681629437216,47.98715013860136,False,False,-0.5587083328347262,False,False,False
80400,0.0393616937891052,1.8570569318482468,48.03580049547653,False,False,-0.5537429784457686,False,False,False
80460,0.0403422371185977,1.8369159513919049,48.19207412319344,False,False,-0.490914614798001,False,False,False
80520,0.0403511928235111,1.7507891796083817,47.72270945544796,False,False,-0.37869302966849716,False,False,False
80580,0.039578627686443,1.893497152555747,47.53546396144492,False,False,-0.06866630360310921,False,False,False
80640,0.0391740823843561,1.8289602773392468,47.99299745204717,False,False,0.014365365584282586,False,False,False
80700,0.041847875537672,1.7791647061709726,47.77809610512422,False,False,0.02569555967272663,False,False,False
80760,0.0402614747763104,1.763913419713514,48.77665052952963,False,False,-0.2191062738231011,False,False,False
80820,0.0394141716948783,1.8138663242017483,47.84123085664276,False,False,-0.4661452667899084,False,False,False
80880,0.0407327442418236,1.7097628094187234,47.97898156015038,False,False,-0.3235538893698475,False,False,False
80940,0.0399126838787509,1.8377823568690543,49.24551286021146,False,False,0.025806792931675204,False,False,False
81000,0.0397976948429457,1.7485071760065225,47.91265333145071,False,False,0.1766614124136936,False,False,False
81060,0.0404498182975315,1.8200128378765117,48.290341531819166,False,False,0.4536947929359769,False,False,False
81120,0.0389664941854146,1.7718325017826595,48.33764747031636,False,False,0.37999778472868684,False,False,False
81180,0.0402821017631337,1.785721389512866,48.382423229885866,False,False,0.3254077769182544,False,False,False
81240,0.0415303638461854,1.7591268668706863,48.16369569513595,False,False,0.49094154734989104,False,False,False
81300,0.0403729421297578,1.7912936107162367,48.11810211403915,False,False,0.7940778516334888,False,False,False
81360,0.0396990303169732,1.902026495484937,48.07357851615602,False,False,1.0871491966875766,False,False,False
81420,0.0395943157756574,1.8747932198606263,47.73764407452414,False,False,1.1742928078095218,False,False,False
81480,0.0396717280213239,1.8191418635697547,48.19063008146423,False,False,1.316044787748936,False,False,False
81540,0.0397968298575617,1.7986341096594929,49.04442325316045,False,False,1.2139768249927982,False,False,False
81600,0.0396977547737933,1.845586864297416,48.637670943333504,False,False,1.1157214511605105,False,False,False
81660,0.0407330491528596,1.861018401281808,48.18651865436761,False,False,1.107969318000059,False,False,False
81720,0.0386134327174328,1.7551898073607934,48.46470419671186,False,False,1.0413057561085566,False,False,False
81780,0.0406896000403297,1.7958183011478612,47.6044309976971,False,False,1.2170886887839458,False,False,False
81840,0.0396962507798859,1.7016142556033238,47.91099252936614,False,False,1.3055586504861196,False,False,False
81900,0.0403015582285563,1.8606475139540883,48.51740318296159,False,False,1.1735588972146331,False,False,False
81960,0.0390984096718393,1.9115113099158465,48.78929151200223,False,False,1.0487717744509695,False,False,False
82020,0.0410629048534795,1.8043244617296463,47.66250448362901,False,False,1.1284516234500472,False,False,False
82080,0.0409965079681375,1.6852494532552371,47.80837306936869,False,False,1.0001668406665516,False,False,False
82140,0.0407676724206,1.83288008789516,49.1430847754231,False,False,1.166476939219379,False,False,False
82200,0.0387881961793651,1.7511791850279497,48.10275715777189,False,False,1.130615379071216,False,False,False
82260,0.0406632968568528,1.7641791301501193,48.96853717364116,False,False,1.1125800083461712,False,False,False
82320,0.0403238840701085,1.8338351250487144,48.16251450033244,False,False,1.0372009200427783,False,False,False
82380,0.0387157830022939,1.813745922777687,48.18440563726082,False,False,0.8529198830214284,False,False,False
82440,0.0399805620929833,1.7736421261317157,47.910799706671725,False,False,0.6727722748423304,False,False,False
82500,0.0402916275912266,1.7649212958395102,48.53705237566035,False,False,0.2989293123770125,False,False,False
82560,0.0404448602190585,1.806795146981925,48.746893234460806,False,False,0.3054370652339884,False,False,False
82620,0.040141809093559,1.777888860164332,47.55273299864194,False,False,0.05856814819260592,False,False,False
82680,0.0402329851334779,1.7401011947854377,47.89623849200573,False,False,0.020308337685420952,False,False,False
82740,0.0411788891138024,1.7820415882001686,48.53223268470662,False,False,-0.05889691495693228,False,False,False
82800,0.0409808271279285,1.81833800165578,48.01214875803092,False,False,-0.1029923750687658,False,False,False
82860,0.0377063560369738,1.7903824127917398,47.83245999706004,False,False,-0.23955312939683893,False,False,False
82920,0.0397460491561298,1.723670535694598,48.58615346266491,False,False,-0.3511046525358097,False,False,False
82980,0.0398682791779648,1.8534094895542792,48.635338642490034,False,False,-0.3119758553387584,False,False,False
83040,0.0385983211418184,1.65210418240506,47.86102064920127,False,False,-0.3021846723590045,False,False,False
83100,0.0400753464465858,1.7758962816284645,48.19425461293488,False,False,-0.3458746158210886,False,False,False
83160,0.0409990062179284,1.7665092834540883,47.48606360539236,False,False,-0.5701515747851573,False,False,False
83220,0.0391307457123275,1.8080016594050563,47.6447902025087,False,False,-0.567186536106945,False,False,False
83280,0.0402691207509518,1.830329737621348,48.1568429282183,False,False,-0.7955972249613978,False,False,False
83340,0.0392673412181628,1.860845299646096,48.11269336034511,False,False,-0.7003788044964381,False,False,False
83400,0.0394624703810562,1.7615301368389833,47.61578157509343,False,False,-0.7971785731373302,False,False,False
83460,0.041181914907336,1.831675446216008,47.74346231299953,False,False,-0.9949738538695101,False,False,False
83520,0.0395659537439105,1.810574192945599,47.571156744788105,False,False,-1.1991038194244084,False,False,False
83580,0.0403697699912085,1.707576873740106,48.33343851262606,False,False,-1.0481664410045823,False,False,False
83640,0.0385030255071512,1.902629173793442,47.12431864022707,False,False,-1.1599456079971446,False,False,False
83700,0.0414898540491159,1.7223061431290292,47.60457927819649,False,False,-1.175186362546981,False,False,False
83760,0.0404821219570452,1.8226528527047243,47.181126773464,False,False,-0.803104285879698,False,False,False
83820,0.0398540001258797,1.8210578369866783,48.32433750371272,False,False,-0.7161078903276206,False,False,False
83880,0.0404604372079999,1.8148843862457704,47.21569008115994,False,False,-0.7252969621669507,False,False,False
83940,0.0388721444568417,1.7732928483632733,48.13515110985863,False,False,-0.8524976068007675,False,False,False
84000,0.0409460245934021,1.8446716431615875,48.94127817286814,False,False,-0.7501329434236226,False,False,False
84060,0.0397408121796028,1.715740156407073,48.96046281003345,False,False,-0.7677593537712113,False,False,False
84120,0.0398367443879612,1.7964452454116082,47.22302168921215,False,False,-0.5798732301115734,False,False,False
84180,0.0396066755080276,1.7695507674661672,48.27740992902061,False,False,-0.4725325689995259,False,False,False
84240,0.0395354788778035,1.7634259111283803,47.63594913441847,False,False,-0.24540710229229035,False,False,False
84300,0.0405557364893027,1.823152380522492,47.53609641915713,False,False,-0.1934643880437079,False,False,False
84360,0.0402047254800833,1.858183841306863,48.0781591142208,False,False,-0.2643324011221324,False,False,False
84420,0.0405213985131224,1.7814641888608094,48.75126932428596,False,False,-0.4243718883140417,False,False,False
84480,0.0399929642484115,1.842156778855992,48.43918283733314,False,False,-0.39934419489881634,False,False,False
84540,0.0404105598488617,1.8026859959340085,47.78401259038509,False,False,-0.5973016017707522,False,False,False
84600,0.0396649210048599,1.7517924607011477,48.4963297077351,False,False,-0.4761572826575957,False,False,False
84660,0.0417837854731276,1.7860705869649829,47.024188197492826,False,False,-0.3041076141003458,False,False,False
84720,0.0387456556668556,1.783827761897253,47.77179911862061,False,False,-0.05028249340250568,False,False,False
84780,0.0410087498588503,1.7623803647247058,47.73855589989017,False,False,-0.20453569407263217,False,False,False
84840,0.0410943259605767,1.8231380781474151,48.19189167251384,False,False,-0.3099224358311403,False,False,False
84900,0.0393182729552275,1.812670894136057,48.053546999217936,False,False,-0.09602807260759505,False,False,False
84960,0.0417834188884447,1.7141049162934514,48.08645508864157,False,False,-0.06786562434371035,False,False,False
85020,0.0407963922263562,1.7108175962570746,48.072060524802,False,False,0.15032887280324303,False,False,False
85080,0.0407769112054583,1.8229329604731108,48.17285356475318,False,False,0.4732569330095089,False,False,False
85140,0.0400224177496207,1.755974532845095,48.43394508214132,False,False,0.7030977766248441,False,False,False
85200,0.039826219073425,1.8163102223754173,48.24077476611697,False,False,0.7914628289806842,False,False,False
85260,0.0398324729383683,1.842170305217896,48.02616299916706,False,False,0.9281997280342296,False,False,False
85320,0.0403124244770556,1.7313685467801,48.3714427017753,False,False,1.123984168893685,False,False,False
85380,0.0411209490200271,1.7237769882528862,48.58585998810286,False,False,0.8997299027438856,False,False,False
85440,0.0401450513742891,1.890419310849346,47.897014925318736,False,False,1.2706492764893795,False,False,False
85500,0.0392708451014901,1.818984822279973,48.14755615974728,False,False,1.082688441224036,False,False,False
85560,0.0406595416499079,1.7773610045396435,48.76044046101048,False,False,0.7725788667455191,False,False,False
85620,0.0407369205971158,1.7495672155571018,47.63033649525707,False,False,0.46705425811872203,False,False,False
85680,0.0405237276227582,1.772436194159007,49.08629758642229,False,False,0.7197584497475304,False,False,False
85740,0.0405963991252199,1.7357090938498814,47.516598655328096,False,False,0.6024761180257343,False,False,False
85800,0.0397832574958737,1.847704257400892,48.01572349149909,False,False,0.5101278014140007,False,False,False
85860,0.0392568086662955,1.7580554377052586,47.71554045306701,False,False,0.49714908110226474,False,False,False
85920,0.0393054452554873,1.8590508677636783,49.28682860434327,False,False,0.21557154624278496,False,False,False
85980,0.0386916294012337,1.7783660383324194,47.943419745888576,False,False,0.21207638077157753,False,False,False
86040,0.0401895588892367,1.7436590900846651,47.94690383645145,False,False,-0.2219217617437721,False,False,False
86100,0.0399332409734187,1.7769797142472548,48.01417969914933,False,False,-0.3662402468703334,False,False,False
86160,0.0396480098363762,1.6582949940149234,48.24958512746983,False,False,-0.2325388003159503,False,False,False
86220,0.0376355049405239,1.7934784968596036,48.03979248847417,False,False,0.25597509283556974,False,False,False
86280,0.0390021460242446,1.7908135636789717,48.13979963001879,False,False,0.03574309581530599,False,False,False
86340,0.0408966725211225,1.8445361083135905,46.44386771022169,False,False,0.32921430816119823,False,False,False
86400,0.0394682991999494,1.6981395338888976,48.23928225913804,False,False,0.2537984188629281,False,False,False
86460,0.0402884733421254,1.862740783486632,48.221835306284014,False,False,0.27346539381929347,False,False,False
86520,0.0388874516560198,1.8443123619298736,48.73444604865045,False,False,0.15654834890840164,False,False,False
86580,0.0411509643858873,1.867610352439728,48.871921778487526,False,False,0.4064278297723831,False,False,False
86640,0.0398847778719562,1.7971530456957767,48.12576692805549,False,False,0.42019409364428384,False,False,False
86700,0.0402320323171868,1.8547504290415489,48.62996515399194,False,False,0.5291181525895468,False,False,False
86760,0.0418606238335053,1.7205528221150272,47.67329587733612,False,False,0.5604135982997036,False,False,False
86820,0.0412131520804715,1.8385045685210448,48.60998109331016,False,False,0.5027445293431185,False,False,False
86880,0.0397547475029703,1.758357210846603,47.94230167679837,False,False,0.3015187954511873,False,False,False
86940,0.0395254238521037,1.7108243010491615,47.63842049670421,False,False,0.15526000655566463,False,False,False
87000,0.0397395639907843,1.7392964120191243,48.14020454607077,False,False,0.16259219955941262,False,False,False
87060,0.0404079185987812,1.8002986814859807,48.93546476317526,False,False,0.17141187854808493,False,False,False
87120,0.0399158206925993,1.7554878427562497,48.32796096234536,False,False,0.08601498720224754,False,False,False
87180,0.0396838046839972,1.8203079707115728,48.987931922222685,False,False,0.12461773479766691,False,False,False
87240,0.0411737450005672,1.7023551720297831,47.86755114587917,False,False,0.02530410205038436,False,False,False
87300,0.0399086320865777,1.6851367326447435,48.76807270946463,False,False,0.39785161642558364,False,False,False
87360,0.0418396712744298,1.8741089214437527,47.92029679297573,False,False,0.4909541099678165,False,False,False
87420,0.0400725940510017,1.8488052069876773,48.36127080174237,False,False,0.3435722294930059,False,False,False
87480,0.0414282547153797,1.7433379708606545,48.359177534731046,False,False,0.23488449932270328,False,False,False
87540,0.0402858555381685,1.799838019252591,48.583811641766985,False,False,0.39134870123741905,False,False,False
87600,0.0407703684585995,1.855053381250872,48.38066573916414,False,False,0.4023231569739778,False,False,False
87660,0.0394203111587858,1.8226368328476927,47.88793281470113,False,False,0.1451494398014006,False,False,False
87720,0.03931699262193,1.808004047193908,48.69990821406189,False,False,0.36692777587573744,False,False,False
87780,0.0403677647640119,1.85913832039088,49.12781268958187,False,False,0.2338449794852977,False,False,False
87840,0.0407908425939722,1.7605415263391342,47.97231233569468,False,False,0.39282531111166463,False,False,False
87900,0.0400322052016003,1.80168363622789,47.34882766300379,False,False,0.6012994111207632,False,False,False
87960,0.038970885331933,1.799036173532211,48.51833313980677,False,False,0.4903336614264333,False,False,False
88020,0.0389117933069685,1.7852708494257636,48.105312813007366,False,False,0.44056725623799764,False,False,False
88080,0.038858290878251,1.7789505023832797,48.20758123645937,False,False,0.457460429280772,False,False,False
88140,0.0385859023096484,1.8039348848427383,48.553451196706085,False,False,0.2500290659340578,False,False,False
88200,0.0400875882875576,1.8018580047832184,48.04939575833135,False,False,0.28010305905736743,False,False,False
88260,0.0409000351373664,1.7433849073031356,48.14539564197588,False,False,0.2213611264589872,False,False,False
88320,0.0399892673704601,1.8432969791346243,48.23199152358299,False,False,0.1715584803433785,False,False,False
88380,0.0381916681941297,1.747275198780622,49.01915790544736,False,False,0.10902109975450003,False,False,False
88440,0.0398473916317323,1.7882153939944527,48.30154539291521,False,False,0.053147484732150474,False,False,False
88500,0.0398697608026939,1.7840548544731172,47.6709034548545,False,False,-0.39315188802275713,False,False,False
88560,0.0416767990001803,1.8193375950835975,47.693030659094994,False,False,-0.2596841945261872,False,False,False
88620,0.0388342896696643,1.685568387228264,48.36281451489892,False,False,-0.30261573967609934,False,False,False
88680,0.0396874579179206,1.8481091300061907,47.7307152081272,False,False,-0.2436611153036523,False,False,False
88740,0.0413646821444356,1.763442521228943,47.51650711941417,False,False,-0.3800132999268726,False,False,False
88800,0.0403599826730772,1.865878017917961,48.61765651274683,False,False,-0.3081056306762804,False,False,False
88860,0.0404506504588131,1.7741790940761275,48.64436737311771,False,False,-0.14745853628528494,False,False,False
88920,0.0400916675496191,1.7973624463703637,48.12027955914003,False,False,-0.012336572098007537,False,False,False
88980,0.0402639548309258,1.903344446163695,48.45340712606638,False,False,-0.23263705589599226,False,False,False
89040,0.0406220876242228,1.785023736725142,48.40286795699184,False,False,-0.22266001445453298,False,False,False
89100,0.0393524109448857,1.8668978937723668,48.6122464822822,False,False,-0.1992581671497078,False,False,False
89160,0.0407024468631265,1.8021084346204863,48.615641395671126,False,False,-0.34749035515855553,False,False,False
89220,0.0389015975864915,1.8224326168358485,47.01260180434118,False,False,-0.19835423301746857,False,False,False
89280,0.0402626943782652,1.8037777638282144,48.19747627326716,False,False,-0.1564007229964517,False,False,False
89340,0.040142992770629,1.8457839878202067,48.578907501001,False,False,-0.20119097345111925,False,False,False
89400,0.0395069655294463,1.7629812929059352,48.11695676579599,False,False,-0.08570412530313831,False,False,False
89460,0.0399818517797394,1.746861379756964,48.34251603534898,False,False,0.25506087942737565,False,False,False
89520,0.0395019678778675,1.7655168857196408,48.70199436096167,False,False,0.0675815131771742,False,False,False
89580,0.0391426389385106,1.805384360321501,48.36933664115228,False,False,0.36400666141156535,False,False,False
89640,0.039717108206709,1.7880757855802822,49.0850633875472,False,False,0.13780271520113274,False,False,False
89700,0.0391168090917026,1.838354843329444,48.8968264594739,False,False,0.06389347451356286,False,False,False
89760,0.0402582379712746,1.870455511790362,48.27628091125119,False,False,0.04032554932011578,False,False,False
89820,0.0390799316046781,1.7473047297893096,48.23876955677808,False,False,0.011794982946383925,False,False,False
89880,0.0405695816183928,1.7603667652528476,46.91486024394335,False,False,0.05005470279350277,False,False,False
89940,0.0390548167456569,1.722443071411106,48.17900085250234,False,False,0.13773802070500096,False,False,False
90000,0.0395469640675352,1.909640141500992,47.66784715899591,False,False,0.06522582353935036,False,False,False
90060,0.0395003172734278,1.8164521529525788,48.457326030755056,False,False,-0.11005559421896294,False,False,False
90120,0.0410601173830998,1.8259093252827847,48.42537626971831,False,False,0.29936225721998255,False,False,False
90180,0.0402642319564932,1.7276287472083234,48.69909844657526,False,False,0.29537098724327393,False,False,False
90240,0.0398306129579644,1.7999368205936288,49.05173545893954,False,False,0.5492142728653278,False,False,False
90300,0.0403989755528557,1.8274993911583064,48.34249516253302,False,False,0.7375054293088965,False,False,False
90360,0.0383142461221362,1.786351084711141,49.49806768773417,False,False,0.7263648064731854,False,False,False
90420,0.0399654931282872,1.8580881037406252,48.476314908786094,False,False,0.6681195299672282,False,False,False
90480,0.0415980113422438,1.9248388807847128,47.7072106437214,False,False,0.5849091705280216,False,False,False
90540,0.0401058772051221,1.7488586073369266,48.083512557428215,False,False,0.6031354713277324,False,False,False
90600,0.0400543305353354,1.7448072887172583,48.18040479923293,False,False,0.43155919204509985,False,False,False
90660,0.0404385027037137,1.752601172461457,48.6650713793671,False,False,0.2055647575683679,False,False,False
90720,0.0407164841946514,1.8867347546408904,47.89761250807933,False,False,-0.12139817396408148,False,False,False
90780,0.0384020266456881,1.856287187119603,48.22447917119285,False,False,0.1939906712791526,False,False,False
90840,0.0386541388145671,1.792681497839143,48.29517662660307,False,False,0.3527761199403443,False,False,False
90900,0.0401682330328689,1.8019742218776476,48.15386601757691,False,False,0.16786002183000903,False,False,False
90960,0.0394280987504819,1.755906644185377,48.78586376664811,False,False,0.42998670682288775,False,False,False
91020,0.0410496202097759,1.848061466518132,48.703046424444494,False,False,0.2992038594707225,False,False,False
91080,0.0397478604880918,1.7794853014981382,48.96789895216737,False,False,0.14320676783748354,False,False,False
91140,0.0384523754114295,1.78595586686943,48.22133244846335,False,False,0.07289759329925971,False,False,False
91200,0.0389855888665248,1.83287464766258,48.99033847724648,False,False,-0.042056986661862084,False,False,False
91260,0.0378002591842955,1.7898482733435062,47.70930580483756,False,False,0.0705362191302612,False,False,False
91320,0.0398126995701736,1.7873118363511162,47.69934185173473,False,False,0.0015118785894401299,False,False,False
91380,0.0398492926981884,1.80057106109857,47.78886281358761,False,False,-0.3510638424337884,False,False,False
91440,0.0396604298321744,1.8429491923448265,48.40259915735284,False,False,-0.22833983680321523,False,False,False
91500,0.0408631032312237,1.888910626076127,49.00141202372924,False,False,-0.05351386784644774,False,False,False
91560,0.0409588158692133,1.8316162565412888,48.10138157952412,False,False,-0.12724792477955305,False,False,False
91620,0.0398636892613151,1.8433789680757104,48.16633557176527,False,False,-0.06269260224758,False,False,False
91680,0.0382922450660185,1.7892078806465392,48.29890295099639,False,False,0.0013892285714263153,False,False,False
91740,0.0404938252643938,1.7617789153888894,48.69555564474845,False,False,0.004104233785398037,False,False,False
91800,0.0404442881828068,1.8353152565406965,48.172558585780905,False,False,0.1320541343443864,False,False,False
91860,0.0402475132561255,1.8092470045284308,48.14689241290351,False,False,0.136234491729752,False,False,False
91920,0.0407851837994464,1.7231780529675136,47.74313291458648,False,False,-0.11743479772053433,False,False,False
91980,0.0390681375228311,1.7822842403350176,48.132199645080334,False,False,0.010799178454334424,False,False,False
92040,0.0416070043089481,1.795523560731996,49.009020731540126,False,False,-0.18013114736923796,False,False,False
92100,0.0392324577974865,1.7724352751804622,48.46798251371527,False,False,-0.07186143393779787,False,False,False
92160,0.0405993783417606,1.8800137221052748,48.05482190875564,False,False,0.018209574947405827,False,False,False
92220,0.0386501218444693,1.82591130799272,49.04505080464764,False,False,0.04006267246128914,False,False,False
92280,0.0392557882501839,1.8741514455659871,48.13660172165664,False,False,0.13475930719478413,False,False,False
92340,0.0412130949173802,1.8142249641292167,49.141415916831534,False,False,0.5202646437306981,False,False,False
92400,0.0397912801415993,1.804394943166954,49.13547127044392,False,False,0.5970171493380576,False,False,False
92460,0.0406719380841062,1.7494237178490466,48.46390324908477,False,False,0.5977209838164868,False,False,False
92520,0.0401895643109753,1.8006441947926146,47.68885232661516,False,False,0.9142193193431467,False,False,False
92580,0.0399160334751998,1.8007049119864738,49.58510705237745,False,False,0.8199482064478474,False,False,False
92640,0.0410910802599461,1.7261758502621514,48.63622442724041,False,False,0.7618850387604539,False,False,False
92700,0.0398106729402784,1.7708655166323988,48.28287254115141,False,False,0.530550032544312,False,False,False
92760,0.0385754095139492,1.7825427396801166,48.9251096653028,False,False,0.264509249236184,False,False,False
92820,0.0393574079264386,1.822327895379009,48.80042675582952,False,False,0.3359334872872495,False,False,False
92880,0.0404409533829613,1.824912906047228,49.10697419166563,False,False,0.5965353196746008,False,False,False
92940,0.04031640728509,1.768608801973879,48.12256077678603,False,False,0.456873301505496,False,False,False
93000,0.0387463533998116,1.8253189585372616,48.61520103191674,False,False,0.4292214240849006,False,False,False
93060,0.0394205259844734,1.79016773781518,47.86525886481064,False,False,0.28192526174956356,False,False,False
93120,0.0395346229206382,1.6450405186578323,48.79359083220729,False,False,0.30256933444518097,False,False,False
93180,0.0397076243247086,1.7738260902746168,48.45118060392665,False,False,0.25731741768454697,False,False,False
93240,0.0388992691291187,1.8582653865676888,48.60538757088722,False,False,0.3435251132056578,False,False,False
93300,0.0394973031135044,1.7091824891421052,48.39393773562714,False,False,0.46834496529790215,False,False,False
93360,0.0394171116117923,1.806085324822439,48.34384784165677,False,False,0.5488460752296902,False,False,False
93420,0.0406172266078095,1.8856041055660056,48.03745631934716,False,False,0.6397291359452453,False,False,False
93480,0.0406472970487922,1.7589269005374342,48.8690166681002,False,False,0.6120151550739337,False,False,False
93540,0.0398833516335289,1.800116050343095,49.22088323353237,False,False,0.5509114156801189,False,False,False
93600,0.0396863681633034,1.7295831221096922,48.199926690110175,False,False,0.2533259107646444,False,False,False
93660,0.0401119394496312,1.8878704816498328,48.75726077645433,False,False,0.24894635884758998,False,False,False
93720,0.0393467399140355,1.7955000381421828,48.69881199070248,False,False,0.20971828875207166,False,False,False
93780,0.039082534334266,1.802517849510877,48.48899873845035,False,False,-0.08864280397297364,False,False,False
93840,0.0392478230328594,1.873132225137304,47.72388162049713,False,False,0.010036802224249186,False,False,False
93900,0.0394921494688228,1.835719833310856,47.83861046602776,False,False,-0.18687602414139803,False,False,False
93960,0.0390692209601661,1.752716048445176,48.10114782041084,False,False,-0.3223285212157663,False,False,False
94020,0.0401296476472503,1.765046992099285,47.42436608860422,False,False,-0.6556490120687926,False,False,False
94080,0.0405837725390269,1.8267262904442585,49.20011346974657,False,False,-0.8659390336354562,False,False,False
94140,0.0387303213593614,1.7662974630266013,48.68217937378718,False,False,-1.1531051262413285,False,False,False
94200,0.0400201029689728,1.6856688611454915,48.48557688940134,False,False,-0.724377986689376,False,False,False
94260,0.0398240513637869,1.79712499687349,47.40766915837055,False,False,-0.6226013678457321,False,False,False
94320,0.0402732069484294,1.7200685162992604,47.59308129489783,False,False,-0.6277216137916071,False,False,False
94380,0.0399896489855171,1.8872792146924413,48.50607568271811,False,False,-0.4084272636311681,False,False,False
94440,0.0388371205760546,1.8095465324392104,49.49472101395715,False,False,-0.733321595887503,False,False,False
94500,0.0389900885609142,1.751120546935847,48.162383587682186,False,False,-0.44039319709993663,False,False,False
94560,0.0400235388604679,1.7622738496082275,48.94583434722851,False,False,-0.36347889876411443,False,False,False
94620,0.0408230247357964,1.6979725302548083,48.27621379058839,False,False,-0.08927762198058531,False,False,False
94680,0.0382286501031656,1.7406290581138528,48.54601427847386,False,False,0.01842812662263782,False,False,False
94740,0.0402765812638412,1.8548814529371975,49.127966227679465,False,False,0.25446264605000124,False,False,False
94800,0.0409516976042301,1.9205164518565887,48.349878142553294,False,False,0.17716083863797394,False,False,False
94860,0.039877579299035,1.839225411712744,48.18003115801407,False,False,0.16074663879882678,False,False,False
94920,0.0404401619968211,1.7950297029144644,49.23634854350608,False,False,0.3357459317900009,False,False,False
94980,0.0394375447352817,1.7766741937146886,48.55232183140407,False,False,0.5681522961145618,False,False,False
95040,0.0399045070405785,1.7483492260668765,49.07737512054391,False,False,0.6581579463273783,False,False,False
95100,0.0387032691853534,1.911227358564346,48.191377782962064,False,False,0.3346473100388465,False,False,False
95160,0.0381245253532649,1.789807570099324,49.23956898853846,False,False,0.4062091520243172,False,False,False
95220,0.0407542126409802,1.9142440108233756,48.67527517572884,False,False,0.3011102882584282,False,False,False
95280,0.0392120040578204,1.8752500535189436,48.75808500597243,False,False,0.13845928615511127,False,False,False
95340,0.0396355777239972,1.705996992707301,48.60873550298327,False,False,0.22675379221061576,False,False,False
95400,0.0388908461973838,1.7640385706289985,48.29241301067399,False,False,0.2780880653303086,False,False,False
95460,0.0388720242375329,1.7638715632946136,48.546538750828326,False,False,0.3124869946163784,False,False,False
95520,0.0398609298399243,1.79568829633829,48.32831469148469,False,False,0.05687651327770027,False,False,False
95580,0.0394163382446914,1.7967430303318574,49.03161249620534,False,False,-0.016080674452098265,False,False,False
95640,0.0403023767983957,1.9617969111515,48.45254053575218,False,False,-0.0595224128403089,False,False,False
95700,0.0403620307351836,1.7418296947783631,47.80804515979313,False,False,-0.07563569436439366,False,False,False
95760,0.0402566797170596,1.812364376525877,47.718816560599,False,False,-0.04775034963198266,False,False,False
95820,0.0401908806327427,1.8332914180932611,47.697399006337,False,False,0.240453015590532,False,False,False
95880,0.0412622145639455,1.7999151117586634,48.87197311567776,False,False,0.5038466278665794,False,False,False
95940,0.039145924984764,1.8059497512001932,47.98946523561763,False,False,0.45277646189391874,False,False,False
96000,0.0399560521070376,1.7435803197074444,48.7174899336272,False,False,0.1392039624249719,False,False,False
96060,0.0409061518564156,1.8057502545085449,48.63796395885719,False,False,-0.04241360459748478,False,False,False
96120,0.0410116318474704,1.827615545793416,48.53955205706016,False,False,-0.0713117517398274,False,False,False
96180,0.0388625890805243,1.817690431550641,48.7933386106098,False,False,-0.02203985469112979,False,False,False
96240,0.0397501156466753,1.830790848811253,48.65551743186745,False,False,0.21547049769066007,False,False,False
96300,0.0410864968766938,1.8762808266343565,47.22373044633528,False,False,0.41456862851491394,False,False,False
96360,0.0404064632841592,1.8505961932633743,48.41901235170508,False,False,0.2798440577492727,False,False,False
96420,0.0401562104251838,1.8038499091288616,48.7956061935646,False,False,0.08120098494730144,False,False,False
96480,0.0398258522452522,1.736725048998303,49.405425686313954,False,False,-0.39313377784705494,False,False,False
96540,0.0396929592594338,1.7675997151655995,49.43074274363127,False,False,-0.28977571160434934,False,False,False
96600,0.0402305752504722,1.7881399177964596,47.90816833295096,False,False,-0.1163919570087586,False,False,False
96660,0.0397981007000124,1.813626674892438,48.417110594490765,False,False,0.18830027570682262,False,False,False
96720,0.0399659371031644,1.7741700308790327,47.81114549169673,False,False,0.1829846664628434,False,False,False
96780,0.040062878964892,1.749470407244045,49.35637509050933,False,False,0.2031844948704986,False,False,False
96840,0.0394575427772052,1.7358372707875018,49.105090311432136,False,False,0.12233389657842508,False,False,False
96900,0.0404257034991051,1.710836401011001,48.776185805193016,False,False,0.1777980583321721,False,False,False
96960,0.0423313957187323,1.7873126619961732,48.6861689467951,False,False,0.37573343085190913,False,False,False
97020,0.0385784106885391,1.7206380661282037,49.2956667207433,False,False,0.3069409210760483,False,False,False
97080,0.0402592100193519,1.745971613055501,49.2132434223522,False,False,0.7263309648600256,False,False,False
97140,0.0393918479291048,1.7787292988664076,49.18883282770376,False,False,0.5645478237214121,False,False,False
97200,0.0404619220620154,1.7278604652928626,48.8403800636704,False,False,0.573624681712829,False,False,False
97260,0.0400372459786622,1.8205066181789296,48.43965563842575,False,False,0.5845668345840238,False,False,False
97320,0.0406094838192339,1.839972045434707,49.00006185859518,False,False,0.9898984698088356,False,False,False
97380,0.040940405261207,1.7703309409321286,49.026750049617526,False,False,1.2182815133363505,False,False,False
97440,0.0401539368942145,1.77640052538906,48.52564001659755,False,False,1.0038911026349382,False,False,False
97500,0.0409056418307313,1.8290212075875103,48.44756394637998,False,False,0.9900623277047913,False,False,False
97560,0.038124561684969,1.7614442647493274,49.19207469497977,False,False,0.898931573588527,False,False,False
97620,0.0412723618383328,1.757732368773746,49.45970576898904,False,False,0.9686885705161643,False,False,False
97680,0.0403000497215138,1.86461091782206,48.25517947855042,False,False,0.801951287082332,False,False,False
97740,0.0408622746845961,1.8477461378904905,48.500418685687386,False,False,0.960813245517457,False,False,False
97800,0.0390240994041267,1.832483700126572,48.80980321604228,False,False,0.9859504486152417,False,False,False
97860,0.0393353840947157,1.849984809555281,48.879865831092815,False,False,1.195535932844436,False,False,False
97920,0.0401167506353158,1.6932269488301626,48.37761280700143,False,False,1.1225131646257154,False,False,False
97980,0.03998636968853,1.873107119526828,49.58278595619766,False,False,0.6960132625859075,False,False,False
98040,0.0402264548704079,1.821171354295522,48.85430292820179,False,False,0.6598784477130408,False,False,False
98100,0.0408676121287439,1.8545821947363097,48.91117665406805,False,False,0.2770876995600844,False,False,False
98160,0.0385878237477577,1.820906736072284,49.52715664499222,False,False,0.39108297363165434,False,False,False
98220,0.0407790552573738,1.8026419405327283,48.425413446017615,False,False,0.2421603031436632,False,False,False
98280,0.0400066255279663,1.7851333025324492,48.60795797482234,False,False,0.5193224963669394,False,False,False
98340,0.0398369745111003,1.8198257963518552,48.02774245293623,False,False,0.26482212116675896,False,False,False
98400,0.038823107812492,1.7831656129191542,48.57045798572382,False,False,0.10945039680260038,False,False,False
98460,0.0404024389347014,1.846865309403516,47.9143991142865,False,False,-0.2597620777906826,False,False,False
98520,0.0380687137191751,1.7143313411941812,49.035017207754336,False,False,-0.40847585463382075,False,False,False
98580,0.0405187152089909,1.7707549034631092,48.87332056009632,False,False,-0.572702097426955,False,False,False
98640,0.0388063153316216,1.9104204554177389,48.52701718594561,False,False,-0.5005463614379977,False,False,False
98700,0.0400427663300939,1.7661916549670909,48.61756963995953,False,False,-0.2524218658973041,False,False,False
98760,0.0399046649301376,1.7871110789545723,49.05074435586651,False,False,-0.5953972637494331,False,False,False
98820,0.0409356305178351,1.752340629599096,48.10434275923063,False,False,-0.3780604107655421,False,False,False
98880,0.0398570758647888,1.8181356663358343,48.776554390805416,False,False,-0.8535755570835732,False,False,False
98940,0.0394446891510834,1.7602416959323215,49.0264550147121,False,False,-0.8369503634902173,False,False,False
99000,0.039594717843223,1.7899770095204193,47.78779272718267,False,False,-0.8052331754218471,False,False,False
99060,0.0410183062150037,1.845838792945894,49.02362842314086,False,False,-0.5818824661413231,False,False,False
99120,0.0404290375753447,1.762266775384,47.84635784306264,False,False,-0.8704630539052545,False,False,False
99180,0.0396914960147814,1.842585000440322,48.62682148717122,False,False,-0.9502509352548145,False,False,False
99240,0.0398108428640283,1.8444003830402596,48.10615283145295,False,False,-0.7612604102729392,False,False,False
99300,0.0387462583275316,1.8569676291148416,49.40570132754913,False,False,-0.7304395517105036,False,False,False
99360,0.0403107793606812,1.8075892137255745,48.11374716523152,False,False,-0.6920979885034058,False,False,False
99420,0.0385921474338436,1.9750279901567465,47.869442400728566,False,False,-0.7915929988843828,False,False,False
99480,0.0406014371726683,1.8569448196132723,48.76344307191299,False,False,-0.6943875396773365,False,False,False
99540,0.040102897273993,1.8175433917179689,48.49214516550798,False,False,-0.8930000610593822,False,False,False
99600,0.0419095614396591,1.7527000816395863,47.94892369559,False,False,-0.895456051205656,False,False,False
99660,0.0391198915570205,1.7947588072027965,48.96636356390295,False,False,-1.0466217026496167,False,False,False
99720,0.0399178703271674,1.877021656752602,47.70993608750426,False,False,-0.8639198417284177,False,False,False
99780,0.0414386301607384,1.8923148692438183,48.1897947868411,False,False,-0.3773048543976927,False,False,False
99840,0.0409531117122331,1.8798297714237724,48.42253579232584,False,False,-0.47206383805081487,False,False,False
99900,0.039443030358736,1.8424003845634,49.11348577801737,False,False,-0.5744298091708657,False,False,False
99960,0.0401791739426987,1.732194348860039,49.36233841984995,False,False,-0.3325556293117984,False,False,False
100020,0.040001599485132,1.8263067381625864,49.26822501441072,False,False,-0.040527123136428145,False,False,False
100080,0.0402255646939153,1.732964271585138,48.642426649919386,False,False,0.15498025254646564,False,False,False
100140,0.0394410556512121,1.7196765555574391,47.50763907715649,False,False,0.4512516388065535,False,False,False
100200,0.0399285436778394,1.8129145689671708,48.91894936456692,False,False,0.4597396466731567,False,False,False
100260,0.0387215580997786,1.8282527701525664,49.46103937797351,False,False,0.39016741872364946,False,False,False
100320,0.0401080987614944,1.8487823633179636,49.344877366671554,False,False,0.5537437885291752,False,False,False
100380,0.0403600165387374,1.8268453569808487,48.9616863220402,False,False,0.37046605649452147,False,False,False
100440,0.0398180644698848,1.8287056432301083,48.13769008940268,False,False,0.24174933833623413,False,False,False
100500,0.0387079592875321,1.7468287604104118,48.47201762416127,False,False,0.38345211438424087,False,False,False
100560,0.0407908254902811,1.7943312590270282,49.70380797975188,False,False,0.46224324829719876,False,False,False
100620,0.0402916200303942,1.7186156935757375,48.03076566745055,False,False,-0.02037619080947195,False,False,False
100680,0.0394191879218392,1.6918180670123897,48.16743947511098,False,False,0.25123306802694856,False,False,False
100740,0.0397755196425295,1.839994706331526,49.21486551917239,False,False,0.3048028882592462,False,False,False
100800,0.0387994644777745,1.7593312827352885,48.53023977559055,False,False,0.47420522796103626,False,False,False
100860,0.0391796718977776,1.847114919115725,48.15717149129457,False,False,0.2589914160231359,False,False,False
100920,0.0395697509229142,1.8598507692055224,49.514264296161954,False,False,0.462209379468689,False,False,False
100980,0.0409827366498241,1.766556864470347,48.983036350276585,False,False,0.6528765315680118,False,False,False
101040,0.03948839728729,1.831876799105986,48.56383743341899,False,False,0.9144750332155951,False,False,False
101100,0.040512170927463,1.7642975366548634,48.18408025206139,False,False,1.0209045112079878,False,False,False
101160,0.0395693470377107,1.7003225407701517,49.78290060634468,False,False,0.9841633946478794,False,False,False
101220,0.0401983580486815,1.8066587078398928,48.74920106944498,False,False,1.0669570760240532,False,False,False
101280,0.0398868835982849,1.7745728104953489,49.4623206644566,False,False,1.0905351078639853,False,False,False
101340,0.0406984452800741,1.776235193428295,49.21270305993014,False,False,1.282545892184615,False,False,False
101400,0.0395721509294251,1.9066685283636584,48.507665161197366,False,False,1.0742171276428252,False,False,False
101460,0.038741977399998,1.7176037229324357,48.51387503893766,False,False,1.306675056044483,False,False,False
101520,0.0388944407749091,1.8206750413100596,49.49573269980308,False,False,0.844553977069566,False,False,False
101580,0.0395744980048458,1.7462804091941837,49.50606357154968,False,False,0.4683696287210779,False,False,False
101640,0.0390007520234575,1.8490461161004357,47.83857657158289,False,False,0.38347402515174167,False,False,False
101700,0.0403281696125436,1.8161152867534536,49.05415434453792,False,False,0.3605115180695577,False,False,False
101760,0.0396273854681135,1.820484594855753,48.72088646608858,False,False,0.1764103137830375,False,False,False
101820,0.0418996852400211,1.748975960649478,48.26706194138471,False,False,0.053381197998049856,False,False,False
101880,0.0386098283238902,1.7586582526824306,48.91682622461612,False,False,-0.46375836523729674,False,False,False
101940,0.0401629065429678,1.850071527396678,48.11338443616789,False,False,-0.7670769460981575,False,False,False
102000,0.0390976375811954,1.8956230769732885,48.55718480874161,False,False,-0.6195135652848762,False,False,False
102060,0.0396052789276938,1.825936622130106,48.39340527408324,False,False,-0.38442074891742095,False,False,False
102120,0.0401131355786724,1.7515392810783428,48.5449761627938,False,False,-0.38680554827890035,False,False,False
102180,0.0381397029001005,1.818302680212952,48.76136220244437,False,False,0.14793424905235497,False,False,False
102240,0.0401894608934304,1.9310834903942309,48.29154777272619,False,False,0.2052083864416261,False,False,False
102300,0.0415223259698193,1.8055308317788208,49.58815027251914,False,False,-0.05169691028548584,False,False,False
102360,0.0396372493613051,1.8789394064072544,49.05043202918313,False,False,0.25299141323084484,False,False,False
102420,0.0402078462854444,1.7600222142447095,49.70330158108066,False,False,0.5402656986633616,False,False,False
102480,0.0408199373545003,1.7977273532116351,48.72820973675419,False,False,0.5429975457890919,False,False,False
102540,0.0398688371999784,1.8334565211307796,48.53608439454821,False,False,0.6223394393648789,False,False,False
102600,0.0395352318491748,1.8214557286461948,49.69191683734685,False,False,0.5193533647295965,False,False,False
102660,0.0381794108770226,1.758615011273997,48.52590881456691,False,False,0.4952117135487413,False,False,False
102720,0.0405127925755159,1.7562860573149477,48.72802232791291,False,False,0.4928588803143583,False,False,False
102780,0.0399094652722168,1.853367357767544,49.17942169855969,False,False,0.30110733768817965,False,False,False
102840,0.0391898529188894,1.864343743883108,48.202764743565965,False,False,0.15160285583502286,False,False,False
102900,0.0401012773682221,1.881655752138584,49.179504644515,False,False,0.3413714880080647,False,False,False
102960,0.039533055714555,1.8974122460956548,49.117760489604045,False,False,0.16346196819367265,False,False,False
103020,0.0395772590951075,1.8072694495614203,49.46297926994422,False,False,0.0681195095889251,False,False,False
103080,0.0404850329248869,1.783195240811494,49.27556851683395,False,False,0.30511288127505054,False,False,False
103140,0.0389292940709409,1.8729535106940371,49.48276509617123,False,False,-0.019707556774349655,False,False,False
103200,0.040837852228859,1.8385057412199857,48.7797946238818,False,False,0.11092519734235395,False,False,False
103260,0.0388818510695052,1.74694741603195,48.405900069186046,False,False,-0.07324697677431402,False,False,False
103320,0.0394698388733157,1.7441836740619787,49.894457589984825,False,False,0.24777905828533164,False,False,False
103380,0.0415383569552532,1.8265642308732408,48.078346729585725,False,False,0.24068874549215025,False,False,False
103440,0.0409018838093139,1.790427168279864,48.13066765231337,False,False,0.3651728619365713,False,False,False
103500,0.0400780831939963,1.7985727824440023,49.12871786640826,False,False,0.2599177874612195,False,False,False
103560,0.039247575827599,1.8579168016943504,49.660876524646085,False,False,0.21556086059221968,False,False,False
103620,0.03957658215464,1.840988005829192,48.94538857791807,False,False,0.14298637352661103,False,False,False
103680,0.0400586202516685,1.8718131554145956,49.35249465921565,False,False,0.20463954415016872,False,False,False
103740,0.0400300185858716,1.6956970502558382,47.85717110003214,False,False,0.35598555567162293,False,False,False
103800,0.0399273032562992,1.8136834875299448,48.60752963708112,False,False,0.284720047534222,False,False,False
103860,0.0399753339887326,1.837513180209449,47.922557869003626,False,False,0.17726988719039127,False,False,False
103920,0.0398284999122359,1.7175643637388651,49.251966906093145,False,False,0.0595039137626685,False,False,False
103980,0.0388464170114879,1.7646356353692616,48.09037541808788,False,False,-0.25813660078375733,False,False,False
104040,0.0395867914062713,1.7546138012342385,48.22731131276963,False,False,-0.2588671139635892,False,False,False
104100,0.0407316992431894,1.8011717012372357,49.12546299267022,False,False,-0.08558870739801705,False,False,False
104160,0.0389053325619591,1.8879041143094797,49.40159222060195,False,False,-0.2796639940380743,False,False,False
104220,0.0398483555907685,1.9092198278519048,48.79342564488205,False,False,-0.22378116090196443,False,False,False
104280,0.0393441968569833,1.756028472134043,49.16022560545448,False,False,-0.2774830402530455,False,False,False
104340,0.0400890803435184,1.828434091526653,49.14626309124034,False,False,-0.14060292893258008,False,False,False
104400,0.0396890934551465,1.830175084015685,48.77188523248612,False,False,0.09879731061889174,False,False,False
104460,0.0411819149319797,1.8209317916617964,48.3344755751678,False,False,0.1647898669386052,False,False,False
104520,0.0404052665233522,1.8215449002759188,49.16650367445681,False,False,-0.06724894288814198,False,False,False
104580,0.0389505574673782,1.816402095132372,49.192835470805605,False,False,0.07020565510612187,False,False,False
104640,0.0405369824092909,1.8911287865235469,49.33552948136676,False,False,-0.09196215053638923,False,False,False
104700,0.0393802785149903,1.859533191775875,49.04678014626464,False,False,-0.37889154317349494,False,False,False
104760,0.0395384029028979,1.7427516895296935,48.3087266318891,False,False,-0.19992868944845554,False,False,False
104820,0.0402510552160857,1.8429689383675496,49.24037632371692,False,False,-0.1310228011155914,False,False,False
104880,0.0396066020642158,1.8481881622236185,48.89674535732173,False,False,-0.3274553075258524,False,False,False
104940,0.0407142846530583,1.8170082335061968,48.65829682967779,False,False,-0.3059020473594245,False,False,False
105000,0.0393803919507892,1.8610969160071476,48.75457728764618,False,False,-0.4757743540914561,False,False,False
105060,0.0395048427579269,1.810155997852148,48.558996271451406,False,False,-0.5252416205380115,False,False,False
105120,0.0394749032851615,1.8108252569381176,49.35077640447738,False,False,-0.3511804425674683,False,False,False
105180,0.0395474890013159,1.8065469894125603,48.19952680266372,False,False,-0.20680895658273357,False,False,False
105240,0.0408793532444382,1.691014819366818,48.414070856454096,False,False,-0.38168084855382745,False,False,False
105300,0.0405030370348882,1.7956584867290828,48.74865703592502,False,False,0.13130571278871628,False,False,False
105360,0.0413679551632096,1.7639144689794533,49.722148556783935,False,False,0.3346236243737195,False,False,False
105420,0.0418141153631194,1.735931809177602,49.44464306161443,False,False,0.3873762584541254,False,False,False
105480,0.0391754263744541,1.8774369873759345,48.09931203984796,False,False,0.1793034990944875,False,False,False
105540,0.0400563353018618,1.8272272060008607,49.59763564025138,False,False,0.31594638132447983,False,False,False
105600,0.0390590397466852,1.7983891216289944,49.59890185877055,False,False,0.5126679924509858,False,False,False
105660,0.0393779152578013,1.769500619040469,48.33941724167095,False,False,0.7097817614529163,False,False,False
105720,0.0394959339917954,1.815993157569952,47.66792192378762,False,False,0.5176401198088456,False,False,False
105780,0.0391542761006893,1.8535375490391457,48.89476990231579,False,False,0.622261870780207,False,False,False
105840,0.0391584901816812,1.7553438444484653,49.49432257254289,False,False,0.6064658310826161,False,False,False
105900,0.0398845724971837,1.7997392678970632,49.73097100719664,False,False,0.18116697138992777,False,False,False
105960,0.0390266252652908,1.8468755909379635,48.50215604451949,False,False,-0.023907927503856286,False,False,False
106020,0.0406737015673101,1.695455939029457,49.81578888343516,False,False,0.13080237516511772,False,False,False
106080,0.0392657971700659,1.7968912328301083,47.828062787598896,False,False,0.5343304039531489,False,False,False
106140,0.0422476551760771,1.776818265990433,48.76023333299617,False,False,0.42094222999482156,False,False,False
106200,0.0396388924392284,1.7927731876812285,48.73788295970651,False,False,-0.04353954072206534,False,False,False
106260,0.0400576141135336,1.7729120579559172,49.5248864611801,False,False,-0.09620795643394331,False,False,False
106320,0.0389637270524271,1.807431728681194,49.600098836091405,False,False,0.26481139341125015,False,False,False
106380,0.0413648734065021,1.9038758699028269,49.43028908524178,False,False,-0.1624407825428591,False,False,False
106440,0.0408956005446423,1.7825081864078582,48.2801318875557,False,False,-0.08919356740766204,False,False,False
106500,0.0402375326965888,1.8157523944910816,49.38894608223168,False,False,0.15346298409698989,False,False,False
106560,0.0389225579609763,1.907716306594092,49.21438720503253,False,False,0.18509501869574763,False,False,False
106620,0.0401685335021797,1.770299158767882,48.12647868249956,False,False,-0.09910172349174218,False,False,False
106680,0.0391028551631862,1.8979924688421643,47.93081861514207,False,False,-0.28214440015356956,False,False,False
106740,0.0411698842107786,1.800287442357864,49.48554982895688,False,False,-0.13804161515010094,False,False,False
106800,0.0406473557854825,1.896222396196706,48.87873518786043,False,False,0.1774793108474313,False,False,False
106860,0.0400763512307901,1.8405108607471008,48.32842344652619,False,False,0.00010272322997195715,False,False,False
106920,0.0380508994694021,1.8165838515794508,48.869158182802806,False,False,-0.14047085944478965,False,False,False
106980,0.0392132672170727,1.7964559431781244,49.15749434211736,False,False,0.09068033720959079,False,False,False
107040,0.0405502089052799,1.766301762246523,48.93627789263055,False,False,0.42778994722428365,False,False,False
107100,0.0409703069533785,1.8040927436980752,48.203940033804855,False,False,0.11107309932440046,False,False,False
107160,0.0408873358491937,1.8484575187870813,49.92494121655351,False,False,0.0006261634759141543,False,False,False
107220,0.0387263895982068,1.7992919827261795,49.486501403668974,False,False,0.06455734791059342,False,False,False
107280,0.0402412418454503,1.7829023685266596,48.81893334774186,False,False,0.45867238938025423,False,False,False
107340,0.0408124121731863,1.7864577431544002,48.84130440003102,False,False,0.15460572645959303,False,False,False
107400,0.0386733315475342,1.853593737133485,49.17082507974232,False,False,-0.05575361696880066,False,False,False
107460,0.0399936763877014,1.8661587185753925,48.428500338919136,False,False,-0.20941563708908006,False,False,False
107520,0.0402190739186467,1.763973872256508,49.15687890946135,False,False,-0.2613219144181471,False,False,False
107580,0.0397593883321226,1.7638962556978357,48.33240412716604,False,False,-0.2669413055121197,False,False,False
107640,0.038518270515679,1.820485381662024,48.96473289157742,False,False,-0.1687718116593544,False,False,False
107700,0.039739441511941,1.882486731496892,48.41794390447514,False,False,0.05341807272917265,False,False,False
107760,0.0397381556557959,1.8618834766488783,48.44541731764378,False,False,-0.007005564230354366,False,False,False
107820,0.0398815420763618,1.7323999805422847,49.8295502700198,False,False,-0.1863781356031069,False,False,False
107880,0.0395492228596599,1.7857398976204395,49.03853156475655,False,False,-0.5545006410399935,False,False,False
107940,0.0396455902774068,1.7497474080467663,49.11485151471842,False,False,-0.504658298537251,False,False,False
108000,0.0399682349741224,1.785554323816576,48.00768799588074,False,False,-0.46571041318351547,False,False,False
108060,0.0403539636839757,1.886638139785909,48.71710670156445,False,False,-0.2552751777319884,False,False,False
108120,0.0397564585897146,1.7231795649657171,49.24844329458072,False,False,-0.2447978224398213,False,False,False
108180,0.0396722808573056,1.71258127416287,49.11713502260586,False,False,0.06132746501248221,False,False,False
108240,0.0400738832306035,1.7552580757145857,47.945281633358825,False,False,-0.02621009301131494,False,False,False
108300,0.0384632672592838,1.815514772539104,49.12809515676778,False,False,-0.41176160395001205,False,False,False
108360,0.0403816281017811,1.8335207603146009,49.21003525461766,False,False,-0.33401182984603395,False,False,False
108420,0.0399995495223016,1.8236222154825228,49.670866506345725,False,False,-0.14026624614287186,False,False,False
108480,0.040031754821278,1.8634870117744748,48.70359960218077,False,False,0.03793086922954103,False,False,False
108540,0.0407685874460755,1.704793377911368,47.91241045598567,False,False,-0.19413815877270224,False,False,False
108600,0.0384377475759614,1.8641701730713829,48.5372890945545,False,False,-0.15034071485244738,False,False,False
108660,0.0384209329041128,1.7831468527175005,48.48937160542636,False,False,0.21298555933208263,False,False,False
108720,0.0402190430762588,1.8395006927294628,49.40848821815421,False,False,0.03939943176341387,False,False,False
108780,0.0399943065158971,1.728535026954787,47.68399513947012,False,False,-0.26689032186557426,False,False,False
108840,0.0401361415545535,1.8002676616384898,48.82041485803504,False,False,-0.538710681039646,False,False,False
108900,0.039630298339862,1.8127586216118068,49.75972047926354,False,False,-0.34139436575441096,False,False,False
108960,0.0405314829393919,1.862410556024915,49.052658628295305,False,False,-0.1519517143586313,False,False,False
109020,0.0407461110743928,1.7143962503791808,49.49944045937026,False,False,-0.0476797435674996,False,False,False
109080,0.0403871858351612,1.8016606376208848,48.23261253891008,False,False,-0.16410803164914967,False,False,False
109140,0.0397913372332763,1.7413972942783242,48.254746603486026,False,False,0.16522769617706956,False,False,False
109200,0.0383138484899084,1.827296786387247,49.776592243415365,False,False,0.21890982409712478,False,False,False
109260,0.0406153889664297,1.841969692968631,49.11080835177495,False,False,-0.07660494542153629,False,False,False
109320,0.040977382932974,1.8695071930954368,49.11406750440446,False,False,0.341724941774757,False,False,False
109380,0.0405156467295871,1.771108409467348,48.50558356364996,False,False,0.4607258666809031,False,False,False
109440,0.039296286058106,1.8500702302271947,49.11728049658214,False,False,0.6338394708067341,False,False,False
109500,0.0405390355149342,1.873488685723761,48.49615050234054,False,False,0.6802936694508617,False,False,False
109560,0.0406884237663691,1.7112646636278048,49.66478416536698,False,False,0.5202903161963235,False,False,False
109620,0.0412470529982392,1.8330666256853163,50.43749395025181,False,False,0.2884604044444359,False,False,False
109680,0.0392991120606176,1.8517596077041256,49.31777877655396,False,False,0.41976558310949486,False,False,False
109740,0.0398188363323646,1.7860287751350783,48.76056471139409,False,False,0.2761748113122735,False,False,False
109800,0.0405978176409147,1.734618226813644,47.813438393281096,False,False,0.4373627106994462,False,False,False
109860,0.0400459280571505,1.850919610829922,48.24026515566083,False,False,0.47991812333997075,False,False,False
109920,0.0391061379183589,1.735226523311881,49.86215778284913,False,False,0.36099577979794617,False,False,False
109980,0.0403316930280213,1.7903690225364113,48.57236060010359,False,False,0.10445007823669528,False,False,False
110040,0.0404629293070521,1.7978333008786205,48.90376873529944,False,False,0.08703498722584868,False,False,False
110100,0.0400703703170648,1.838639054792016,49.41907881783586,False,False,0.4026392491767581,False,False,False
110160,0.0401756679417439,1.7661618957863232,49.83479038463073,False,False,0.49178038963468396,False,False,False
110220,0.0397930352786514,1.7630324808032958,48.99608167877148,False,False,0.6528512087943596,False,False,False
110280,0.0411826231485728,1.805341435853208,48.89577135892395,False,False,0.5110033615374903,False,False,False
110340,0.0392794462530298,1.8543450857914665,49.13614496241587,False,False,0.9235389830823095,False,False,False
110400,0.0395301433897889,1.92352230003527,48.78874519424449,False,False,1.0032156657787255,False,False,False
110460,0.040008788410822,1.7185960152119462,48.8178841553212,False,False,0.8597021942923249,False,False,False
110520,0.0407031632221607,1.8170284689604752,49.31296347013817,False,False,0.8625224032371221,False,False,False
110580,0.0388021014639243,1.7413271085833484,49.20189882469205,False,False,0.8140970958834544,False,False,False
110640,0.0389517626001876,1.855015807133164,50.177285373457664,False,False,1.0057362333143232,False,False,False
110700,0.0383698171938122,1.7493185944453016,49.33313678289966,False,False,0.8622680751102223,False,False,False
110760,0.0400261561802026,1.7635689962181549,49.69151480303242,False,False,0.7211758621387787,False,False,False
110820,0.0391053553462347,1.7681793736105442,48.5825290950275,False,False,0.7275812018169745,False,False,False
110880,0.0396923599119856,1.7958852573091306,49.382979982807775,False,False,0.7547235260208112,False,False,False
110940,0.0405291025519133,1.8174526702303704,48.76114031889568,False,False,0.8170685703559997,False,False,False
111000,0.0394867658233737,1.82611987525486,49.32258727824806,False,False,0.6917921977087218,False,False,False
111060,0.0401850256181946,1.7996885525061297,49.47134760006076,False,False,1.022805153519812,False,False,False
111120,0.0397605296737986,1.7281858847882086,49.15425437740765,False,False,0.8661534193402218,False,False,False
111180,0.0405376914520771,1.8393004521167504,50.33521247054787,False,False,0.9664666294163595,False,False,False
111240,0.0403801024538784,1.7971402321621963,49.84776914876827,False,False,0.5576800319447841,False,False,False
111300,0.0394464530430603,1.8627336786607935,49.72463158503216,False,False,0.6703021656294652,False,False,False
111360,0.0398650785972796,1.7617821059080834,49.52038166920619,False,False,0.9287224869338502,False,False,False
111420,0.0408349947181764,1.7134771647230465,50.02214863628977,False,False,0.9820050632456514,False,False,False
111480,0.0403147014962032,1.798162595855114,48.42421323309371,False,False,0.8879986763698753,False,False,False
111540,0.0388824303537991,1.8699814451673504,49.83006909522717,False,False,0.7616920222898784,False,False,False
111600,0.0405244944489371,1.8086908753772668,48.65153503463569,False,False,0.5506980432745081,False,False,False
111660,0.039132311502051,1.7892178308446658,48.86721728550565,False,False,0.2015926679318909,False,False,False
111720,0.0411300104559688,1.753001261046499,49.43231272147342,False,False,0.10537532089941237,False,False,False
111780,0.0408192790718728,1.8949193892007643,49.77045623660152,False,False,0.20314440176004211,False,False,False
111840,0.0402319083807347,1.744401459876222,48.57928749240874,False,False,0.5211053299636177,False,False,False
111900,0.0401257862747489,1.760828710088075,48.902033023814425,False,False,0.6570130383658039,False,False,False
111960,0.039832774195178,1.8307818465885373,49.20930115330751,False,False,0.6074674890327714,False,False,False
112020,0.04054281916112,1.6997748827461134,49.06958176911257,False,False,0.47931726599830426,False,False,False
112080,0.0397033774644303,1.8688278959305924,49.59201045648159,False,False,0.40782535987753477,False,False,False
112140,0.0401884558965119,1.833706428167737,50.88518788825982,False,False,0.13052961585736966,False,False,False
112200,0.0406975474932155,1.8485584778778,49.37911408893406,False,False,-0.0983817284018329,False,False,False
112260,0.0395505547651795,1.830138318645281,48.804085169993535,False,False,0.0212754543578626,False,False,False
112320,0.0395070458080074,1.791299330057356,48.52565887815876,False,False,0.08983883581295515,False,False,False
112380,0.0390445076154204,1.7425899696516072,49.01351574108902,False,False,0.14932844138593282,False,False,False
112440,0.039148421803099,1.7924359261738525,48.708247409271,False,False,0.16943832067119047,False,False,False
112500,0.0385372837508468,1.7473372391653577,49.41437690267668,False,False,-0.16823893534008505,False,False,False
112560,0.0405838630312124,1.8262523867441247,49.40884247898464,False,False,-0.32442322097607246,False,False,False
112620,0.0414471316336662,1.843566110849597,48.95347721323362,False,False,-0.3132206907116455,False,False,False
112680,0.0411402631547762,1.8797476660847032,50.17976847679156,False,False,-0.058163240917522785,False,False,False
112740,0.0386991324090987,1.8200754525898544,48.82179696468329,False,False,-0.12008361776864263,False,False,False
112800,0.0405798837372449,1.84992706925614,49.13203474475771,False,False,0.08715357247854172,False,False,False
112860,0.0411376850799388,1.7839541841895723,49.51356126605528,False,False,0.07165021174044739,False,False,False
112920,0.039634552015409,1.7741730345475577,49.642237034398846,False,False,-0.001376833468384575,False,False,False
112980,0.04008115794452,1.8255782821041076,49.8372275026891,False,False,-0.14671641642617317,False,False,False
113040,0.0383936855593562,1.779130464873287,49.41491713581769,False,False,-0.05852634403896673,False,False,False
113100,0.0402133889343813,1.8145360325966933,49.72835490111864,False,False,-0.04301939109878106,False,False,False
113160,0.0391491522164522,1.742695621775887,48.87257411911423,False,False,-0.0592501260022118,False,False,False
113220,0.0401597080143292,1.75239210514628,49.66639883970696,False,False,-0.08859933243314799,False,False,False
113280,0.0387510376622489,1.834312102254988,49.66195208901354,False,False,-0.1466430848794147,False,False,False
113340,0.040434286579582,1.847881264071929,49.96826050571568,False,False,-0.4221266294254775,False,False,False
113400,0.0408196101403413,1.7467745668757992,48.379828826628206,False,False,-0.15762001986692553,False,False,False
113460,0.0393734561106278,1.8362131727673467,48.7626849193455,False,False,0.012248173598109702,False,False,False
113520,0.0390904619348716,1.7712322736560953,49.63007661623326,False,False,0.0877968780327194,False,False,False
113580,0.03827518156596,1.8008912795148169,47.89505354601248,False,False,0.14794236422906692,False,False,False
113640,0.0397868691727398,1.876514998452695,49.46896852725092,False,False,-0.27904442138100194,False,False,False
113700,0.0395347248525747,1.8436043106372395,49.755097307226,False,False,-0.6890522506289045,False,False,False
113760,0.0387591844701215,1.8429770873531983,48.93923712538866,False,False,-0.7125220036547262,False,False,False
113820,0.0403624150050497,1.903074679356676,49.01455940351149,False,False,-0.6730020876316445,False,False,False
113880,0.0396400236945082,1.7619905155833109,48.69481538435107,False,False,-0.643293924876744,False,False,False
113940,0.0391394112330838,1.7467627513504025,48.97334015250888,False,False,-0.24941054746781788,False,False,False
114000,0.0395563420754876,1.761005397407656,48.99005911579727,False,False,-0.3482542709775771,False,False,False
114060,0.0408570436311436,1.7862569431160429,48.89715238394896,False,False,-0.3648309904499314,False,False,False
114120,0.0404823495550041,1.6728542668282378,48.87196358669304,False,False,-0.3820609363348808,False,False,False
114180,0.0398959791508012,1.7887988752183723,49.107529937544655,False,False,-0.2769466947215733,False,False,False
114240,0.0404952840147718,1.7705931804776749,49.10370982656436,False,False,-0.34031355190006707,False,False,False
114300,0.0390712704348906,1.8423230274394813,50.18455758872651,False,False,0.07001907601136281,False,False,False
114360,0.0400258960805816,1.8190306464665424,49.05262872164105,False,False,0.0027140500766762443,False,False,False
114420,0.0401178578643891,1.7675623821004558,49.42402605569905,False,False,-0.22357435766309663,False,False,False
114480,0.039624130793201,1.8318578856495968,48.96573911876854,False,False,-0.48936269029081814,False,False,False
114540,0.0403483666687659,1.8390562052304835,48.961612368489526,False,False,-0.6041755718388799,False,False,False
114600,0.0393756532362844,1.758498527351264,48.40645464194751,False,False,-0.6051224112470095,False,False,False
114660,0.0404078565662208,1.7733766902093495,48.47518644131184,False,False,-1.0295383448039104,False,False,False
114720,0.040441487017225,1.679830387896709,48.65960007979446,False,False,-0.9333145298458589,False,False,False
114780,0.0376662720954423,1.7411043613840589,49.35717729140456,False,False,-1.242543638887625,False,False,False
114840,0.0409522445628081,1.759906643737127,49.80564535607039,False,False,-1.1032604652906315,False,False,False
114900,0.0375618939477178,1.8040049735367247,48.3764559193839,False,False,-1.1615573377350898,False,False,False
114960,0.0395071607795551,1.74894933531457,48.99747943656082,False,False,-0.8809080316896001,False,False,False
115020,0.0408202784274062,1.7722735926993485,48.59080213696362,False,False,-0.5738885259793705,False,False,False
115080,0.039746170619798,1.7338321431945396,49.14433859897559,False,False,-0.30077446593459456,False,False,False
115140,0.0388270512140243,1.8092401505206888,49.81659154729951,False,False,0.11954004378266347,False,False,False
115200,0.0391250103506266,1.822988588107585,49.05749525404551,False,False,-0.07043747680697265,False,False,False
115260,0.0408215245970565,1.8217277288146705,49.259407623153216,False,False,0.1232313320518017,False,False,False
115320,0.038462796375561,1.800667501122884,50.01300996185279,False,False,0.08651081859869691,False,False,False
115380,0.0409031928807696,1.7167820581889248,49.51657588331416,False,False,0.4000752868535642,False,False,False
115440,0.0399559183207661,1.766522502149786,48.90980914455537,False,False,0.6759236614138331,False,False,False
115500,0.039046083735646,1.778005439694802,49.3715423697852,False,False,0.6350741214417468,False,False,False
115560,0.0395335079421578,1.7782220531022863,48.88053987556975,False,False,0.579690554314439,False,False,False
115620,0.0391862205271186,1.8040489857714512,49.50678504204247,False,False,0.5502507416212836,False,False,False
115680,0.0406929801606868,1.8769792341080351,49.556443767114416,False,False,0.6152775564144548,False,False,False
115740,0.0405859422478102,1.8438531954849684,48.61742349423238,False,False,0.4145861989662478,False,False,False
115800,0.0386246710928991,1.7466740398881706,49.390807707578055,False,False,0.6158513939048333,False,False,False
115860,0.0396771263051845,1.8366337552660184,49.24667602429079,False,False,0.4882077824903206,False,False,False
115920,0.0393094514701245,1.8345763278539495,49.58003100627836,False,False,0.6460766752736333,False,False,False
115980,0.0410348079747674,1.7564723564606155,49.725595487605446,False,False,0.43928817473863546,False,False,False
116040,0.0389199207054988,1.8458387598223136,49.55087641856174,False,False,0.20597652191803206,False,False,False
116100,0.041283383283748,1.791339661658956,49.162784594213136,False,False,0.029968689122782166,False,False,False
116160,0.0399733642083864,1.72386251153922,49.78327593573858,False,False,0.12661985578759527,False,False,False
116220,0.0390704524748959,1.8245809471304055,48.882309191555024,False,False,0.14507503497240748,False,False,False
116280,0.0394581806527925,1.8117159384751844,48.66080923742896,False,False,0.177314753049572,False,False,False
116340,0.0393587049273852,1.7877054080239654,47.72565654623688,False,False,-0.14841285342161825,False,False,False
116400,0.0389803052783876,1.7979775334109018,49.29045906705227,False,False,-0.3968034660180848,False,False,False
116460,0.0400758614877843,1.761169384140023,48.916985977577696,False,False,0.04662250258199663,False,False,False
116520,0.0390176675594465,1.832947047205044,49.52886608976566,False,False,-0.13420494831615315,False,False,False
116580,0.0382557070330094,1.797653665736518,48.346604809109365,False,False,0.1651310967303914,False,False,False
116640,0.0396962588233214,1.8089882375732045,49.01085888508537,False,False,0.21022044932627182,False,False,False
116700,0.0385577150428656,1.8192856639191592,49.57181276787093,False,False,0.3599317598494878,False,False,False
116760,0.0393982713055459,1.7376523768209784,48.82398939616776,False,False,0.30071284205243387,False,False,False
116820,0.0392727176891173,1.7517087168183691,49.54576549805225,False,False,0.3257622607521711,False,False,False
116880,0.0393030271423793,1.6806629991807247,49.06485548061537,False,False,0.0290133866721618,False,False,False
116940,0.0416007704812721,1.830496081958482,49.32919227766296,False,False,0.11731468701393055,False,False,False
117000,0.0400451292537356,1.7345406587176746,49.64540509016495,False,False,0.31985520697604386,False,False,False
117060,0.0401962968071962,1.8071587643343647,49.82645425291774,False,False,0.14196577142517697,False,False,False
117120,0.0385788813629261,1.820033364146736,49.39853160142396,False,False,0.17067124871717,False,False,False
117180,0.0394768294930904,1.832527053300196,48.94750990272785,False,False,-0.0667983580167828,False,False,False
117240,0.0401722421039532,1.7349830866528528,49.12772527338097,False,False,-0.12764623316675738,False,False,False
117300,0.0391803768696695,1.7964812726204027,49.67745204051784,False,False,0.1095913388999179,False,False,False
117360,0.0407264502748143,1.8901951427225383,48.85057722163663,False,False,-0.11305589656608106,False,False,False
117420,0.0390378427312791,1.892572992719153,49.27440036946139,False,False,-0.38652440551921075,False,False,False
117480,0.0397709070913078,1.8533154470774555,49.17272127300433,False,False,-0.2526442851333002,False,False,False
117540,0.0395311586880195,1.8182246294962172,49.31621208492915,False,False,-0.11217472534765704,False,False,False
117600,0.0401314565275055,1.7457242550023495,48.86548136636751,False,False,-0.3693424808536605,False,False,False
117660,0.0394876079425156,1.8388055677711168,48.446380109289706,False,False,-0.34993453714818656,False,False,False
117720,0.0397832850983432,1.7914668536476706,49.63495324777915,False,False,-0.3155787905420482,False,False,False
117780,0.0398110959265776,1.8302685268647336,49.858877305947225,False,False,-0.1088265472971699,False,False,False
117840,0.0394124897940869,1.7658264534379855,48.48295376985739,False,False,0.07168105941559588,False,False,False
117900,0.0403880750947976,1.790661611906644,49.565733983473145,False,False,0.1704802991786778,False,False,False
117960,0.0401907106998699,1.808863957444127,49.9250920148362,False,False,0.30403539695088,False,False,False
118020,0.0399291088437974,1.8132990169406684,49.68368573519833,False,False,0.5844056562065276,False,False,False
118080,0.0396556333332304,1.8266610265808532,49.1796247768827,False,False,0.5566044378358441,False,False,False
118140,0.040637235224416,1.7687234708356554,48.91844133574892,False,False,0.722435276981571,False,False,False
118200,0.0398113326049486,1.727462639586049,49.43290821470286,False,False,0.9058504158215186,False,False,False
118260,0.0397546421697392,1.887738392154589,49.51854135885488,False,False,0.8338803029353556,False,False,False
118320,0.0400837520239105,1.9344197251272612,49.44478223941295,False,False,0.9689640776134922,False,False,False
118380,0.0413572693463766,1.8241607184049284,49.30904082317979,False,False,0.80122323299112,False,False,False
118440,0.038927715033583,1.7285044268845742,48.86001193058076,False,False,0.7776396755357098,False,False,False
118500,0.0406158855144442,1.7582474636904848,49.61491159270014,False,False,0.7236664238073018,False,False,False
118560,0.0384854630710095,1.8274923487287524,49.64122434865604,False,False,0.5866008415995623,False,False,False
118620,0.0401738185265829,1.8724202430307892,49.50843781858368,False,False,0.5125314991996675,False,False,False
118680,0.0412600662620869,1.7345039057347398,49.46575323279204,False,False,0.4600745076373727,False,False,False
118740,0.0403909348195738,1.7932860276741591,50.25211080853303,False,False,0.47326131802820726,False,False,False
118800,0.0401365000628318,1.8105803314799744,49.10252632677685,False,False,0.6859492765965598,False,False,False
118860,0.0395516404249575,1.846687236369437,50.05766292219544,False,False,0.5977067814032466,False,False,False
118920,0.0400248377603908,1.7814455409023795,49.05216279325976,False,False,0.7158593810813301,False,False,False
118980,0.0397983497476773,1.715554006668616,49.97587996875247,False,False,0.8014130917350712,False,False,False
119040,0.0393712187136549,1.8335446682104568,50.040318111718086,False,False,0.6854726334432257,False,False,False
119100,0.0397680995076201,1.8607389821192468,49.27933838938044,False,False,0.48718737258360534,False,False,False
119160,0.0401587049285011,1.7955400610657617,50.25857517251536,False,False,0.8233455352182375,False,False,False
119220,0.0393862263451754,1.8218829649305472,49.66484124326156,False,False,1.067982633192969,False,False,False
119280,0.0393549745434522,1.7743774736109383,48.99391673372181,False,False,0.9927560195133225,False,False,False
119340,0.0389118052499262,1.7543282690848017,49.24770431150105,False,False,0.6901210591618963,False,False,False
119400,0.0403125800208711,1.8554269867495496,50.00339341615255,False,False,0.7205502119433476,False,False,False
119460,0.0404362586095736,1.8209247757819809,49.90077426844111,False,False,0.7258977935920541,False,False,False
119520,0.0401853283553892,1.8264799043677016,48.91245137121671,False,False,0.5851378106906537,False,False,False
119580,0.0407721363941829,1.881114217991709,49.37407257021467,False,False,0.4842028320163223,False,False,False
119640,0.0400702941096645,1.743038513946797,49.54769237210174,False,False,0.5688274650715357,False,False,False
119700,0.0403136087498926,1.7701905815193912,49.19435824057925,False,False,0.8093416875794333,False,False,False
119760,0.04024306994051,1.8085284008370737,50.62929005120799,False,False,0.5505180426249581,False,False,False
119820,0.0399267679844654,1.769527085160893,49.569451715626855,False,False,0.3489813923931422,False,False,False
119880,0.0395753425374962,1.8422893729047125,49.42394340287623,False,False,0.33050570345314156,False,False,False
119940,0.0417713220926335,1.789880442071185,50.05250467486037,False,False,0.41349263540824666,False,False,False
120000,0.0396384392161171,1.7464032283951518,49.27670203971548,False,False,0.42709505563077244,False,False,False
120060,0.0394672978311036,1.8035516704601335,49.96525226684712,False,False,0.6294990735590318,False,False,False
120120,0.04034720785876,1.8091982936235669,48.62990191815054,False,False,0.3776223719641365,False,False,False
120180,0.040201483532236,1.8504728313964016,49.239170747222815,False,False,0.3047827261318048,False,False,False
120240,0.0388761667619117,1.8212296087699609,49.99276263393779,False,False,0.3149422058844351,False,False,False
120300,0.0408981426036509,1.8249019051334312,50.25555593944757,False,False,-0.12872087378283936,False,False,False
120360,0.0399246443397193,1.8172957509363905,49.086038877053305,False,False,-0.0485216256821559,False,False,False
120420,0.0391112551238274,1.7898359838502358,49.03000556985055,False,False,-0.16498888813116253,False,False,False
120480,0.0409510272914831,1.7613241677839917,49.76086925754866,False,False,0.03035733130352014,False,False,False
120540,0.0405005404572769,1.8155972709896064,49.16785874930815,False,False,-0.24972835953288097,False,False,False
120600,0.0389883664064416,1.7820112626422837,49.34731639229287,False,False,-0.7163457723515307,False,False,False
120660,0.0414217462722061,1.8912504215038148,49.92203751794271,False,False,-0.8007960363674158,False,False,False
120720,0.0405270378946929,1.8724778439177536,49.2140135691707,False,False,-1.0288196358788326,False,False,False
120780,0.0399918431074999,1.8341733131469868,48.50558143861343,False,False,-0.9963748901151206,False,False,False
120840,0.0412721750444974,1.8204372147218213,48.83998175098189,False,False,-1.0935025761553874,False,False,False
120900,0.0401274382270637,1.7952502112470166,49.49773141604855,False,False,-0.661864677763532,False,False,False
120960,0.0399775335399167,1.7318993185072546,48.563271703355525,False,False,-0.5942067355794478,False,False,False
121020,0.0394717599071824,1.788326699940614,49.34863272334688,False,False,-0.7518299087293485,False,False,False
121080,0.0404654803514456,1.805475601803884,48.80339432827711,False,False,-0.639342229348415,False,False,False
121140,0.0403812823738591,1.812390649620012,50.32164174423548,False,False,-0.4140192388798454,False,False,False
121200,0.0400117441119117,1.8253549638188544,50.58647319258908,False,False,-0.21185789879430672,False,False,False
121260,0.0393680109169059,1.849751830685395,48.97703299843878,False,False,-0.011051186003385283,False,False,False
121320,0.0401039438833328,1.7626236801285853,49.636740544032335,False,False,0.058938607139864985,False,False,False
121380,0.0399441609713902,1.7631139172107135,49.03038899241852,False,False,0.08358811697996771,False,False,False
121440,0.0389332205450126,1.8783462607061303,49.358162711793256,False,False,0.04699881685785101,False,False,False
121500,0.0388225501189406,1.84163300581643,50.41678483120199,False,False,-0.1588769099269456,False,False,False
121560,0.0404521227030478,1.7788983691248006,49.2839355477644,False,False,-0.5519202555613703,False,False,False
121620,0.0379184893479586,1.7942105968765794,49.37649074491266,False,False,-0.4988165683543997,False,False,False
121680,0.040164328421569,1.7944534468795554,49.05047449682093,False,False,-0.4681118463513769,False,False,False
121740,0.0396175335537969,1.8017050026031949,50.09706347367079,False,False,-0.4067395327312511,False,False,False
121800,0.0410465972855039,1.825524886980885,47.89456508797991,False,False,-0.37400816531277314,False,False,False
121860,0.0396052254326769,1.936889608289391,49.30702943287968,False,False,-0.6419326006778192,False,False,False
121920,0.0405275873714015,1.8102468543027832,49.507714700981325,False,False,-0.423358153555057,False,False,False
121980,0.0396824689270097,1.835780300122964,49.20234873752716,False,False,-0.07305720399186555,False,False,False
122040,0.0400909985227889,1.7089302578657324,49.96688981072177,False,False,-0.18405602183180747,False,False,False
122100,0.040589469224736,1.773815400389943,50.13836035324499,False,False,0.011576602486869092,False,False,False
122160,0.0396299554269403,1.8663560101466967,48.83355660922357,False,False,0.34322248088449214,False,False,False
122220,0.0407972439075987,1.8217250311332571,50.58854934695229,False,False,0.35023436191430335,False,False,False
122280,0.0392050416983148,1.562987812417299,48.8324062622937,False,False,0.20152325696335538,False,False,False
122340,0.0402356742740467,1.8363972529250747,50.19058066971194,False,False,0.4154568814114157,False,False,False
122400,0.0407381117782302,1.9035808773099536,49.62340883254544,False,False,0.5849596022229946,False,False,False
122460,0.0405280299934322,1.692220990349531,49.29887408912425,False,False,0.5287656521757498,False,False,False
122520,0.0415331559013883,1.8820469344848576,49.34827082724681,False,False,0.7555883512425652,False,False,False
122580,0.0393892485461514,1.6503143959462,49.53842755115814,False,False,0.40990628168057697,False,False,False
122640,0.0388966805989211,1.8506519430328845,49.66162253182375,False,False,0.6266815060699855,False,False,False
122700,0.0392045319132039,1.799532974195339,49.09956607960967,False,False,0.1897899774782843,False,False,False
122760,0.0405283540532387,1.6731015543767906,49.44490293085981,False,False,-0.1835623068969312,False,False,False
122820,0.0403983383474155,1.8240914426709485,49.178766152638765,False,False,0.01825252424731616,False,False,False
122880,0.0400818053277179,1.8621453464542117,48.9588074549692,False,False,0.02235062159654433,False,False,False
122940,0.0391016343607142,1.819649898206365,49.15990602168075,False,False,-0.06272926587350014,False,False,False
123000,0.0406134938346632,1.8315806924012192,48.99580421096555,False,False,0.014686542251055812,False,False,False
123060,0.0390202361778795,1.7777694899336909,49.36294372534157,False,False,-0.2936946982073465,False,False,False
123120,0.0409271596659015,1.699484953218065,49.79148828885461,False,False,-0.36304006589273285,False,False,False
123180,0.0422859507385118,1.8373606572062016,49.63783566761295,False,False,-0.2864430552535566,False,False,False
123240,0.0402931609172572,1.8944867116501,50.56688253325786,False,False,-0.12832779321060173,False,False,False
123300,0.0404664865085261,1.8609973661282828,48.476713292471146,False,False,0.07442486038631557,False,False,False
123360,0.0396057121848835,1.6926547052015273,49.81883993684177,False,False,0.7157640783713077,False,False,False
123420,0.0385518293431305,1.7181957020106096,49.589609227400416,False,False,0.7135047200509774,False,False,False
123480,0.0395178245095758,1.7543177419429437,49.9964639337278,False,False,0.626114785629639,False,False,False
123540,0.039125683807121,1.7139793256308724,49.94909101910058,False,False,0.6454791079326725,False,False,False
123600,0.0388423963388679,1.8023862556560264,49.51059219628135,False,False,0.142870914075786,False,False,False
123660,0.0413778879535965,1.8212444534797485,49.681643368180886,False,False,0.5017430637112312,False,False,False
123720,0.0402182900144206,1.722766322704912,49.22551277369684,False,False,0.5470267191815168,False,False,False
123780,0.0403037500644911,1.8419649368008784,49.90661702423687,False,False,0.2597260799451817,False,False,False
123840,0.039752782107843,1.8324596129770807,48.662568662901855,False,False,0.2029786814758836,False,False,False
123900,0.0398617031340452,1.77039940725844,49.99264956269144,False,False,0.10116840718490039,False,False,False
123960,0.0407716405457914,1.790683812756865,49.59487927565229,False,False,-0.09391148185947884,False,False,False
124020,0.0399741303050438,1.6947107365147362,49.36516463325837,False,False,0.21826313353790283,False,False,False
124080,0.0404245551504197,1.782057843560498,49.49465870685412,False,False,0.45100522079883376,False,False,False
124140,0.0398431965617239,1.8003987886030377,49.53355684368686,False,False,0.2703481903553495,False,False,False
124200,0.0397262776874143,1.8091123701423224,50.26403649562487,False,False,0.5867267425828828,False,False,False
124260,0.0388744686675185,1.8204593532490891,51.23436110141244,False,False,0.7885951788579035,False,False,False
124320,0.0384178007501063,1.8131890541344509,50.22977933626694,False,False,0.5805864955166555,False,False,False
124380,0.0397907504791468,1.785725440347654,49.33941068565044,False,False,0.7896287172475382,False,False,False
124440,0.0400451973535945,1.8154545268979327,49.93919414514152,False,False,0.7857330145725854,False,False,False
124500,0.0389710959706329,1.8541097276387533,49.9631974704312,False,False,1.093017636714933,False,False,False
124560,0.0399724201079722,1.7948431040412791,49.16618218058241,False,False,0.93208666702985,False,False,False
124620,0.0400430020503924,1.8171501241049104,49.00059254759925,False,False,0.5282928955032276,False,False,False
124680,0.0382751935951524,1.7899467626161376,49.60158138615476,False,False,0.37938680047281537,False,False,False
124740,0.0392679002724164,1.7650750185101032,50.039305306367446,False,False,0.424669425905023,False,False,False
124800,0.0403258111149883,1.8282355020135503,48.83177702561957,False,False,0.32672591405669493,False,False,False
124860,0.0403096469835166,1.770017799014809,49.27946187999666,False,False,0.2472861182781685,False,False,False
124920,0.0390770600668801,1.8208519326535784,49.92846632272263,False,False,0.5046905914785782,False,False,False
124980,0.0401267584403997,1.8015257900615425,49.66523192926629,False,False,0.3992619706984897,False,False,False
125040,0.0408179257802883,1.7835875274679125,50.35473658733406,False,False,-0.0003982952372609816,False,False,False
125100,0.0406216583671927,1.7822802870640804,48.94314570439995,False,False,-0.2404380241339652,False,False,False
125160,0.0399237713703888,1.772561466409553,50.82714155256642,False,False,-0.2912013784544456,False,False,False
125220,0.0396256189493405,1.7111267367071934,48.88429251846047,False,False,-0.28226777785421575,False,False,False
125280,0.0394965244125323,1.8206763351387316,48.6409365352347,False,False,-0.22925122481004223,False,False,False
125340,0.0403742558263277,1.8125035285650293,49.62829165930374,False,False,-0.30229796986547797,False,False,False
125400,0.0401560831785143,1.8458821936322187,49.09274823933296,False,False,-0.14284435226672088,False,False,False
125460,0.0405035232048817,1.7713013272754332,49.64282952583709,False,False,-0.25716993683803935,False,False,False
125520,0.0401054990504969,1.90235071577574,49.62757357278576,False,False,-0.4748687006146781,False,False,False
125580,0.0406550111602779,1.7794942588161198,49.56877956061295,False,False,-0.16135474154670248,False,False,False
125640,0.0400756740263661,1.7527440793214866,49.247690804971846,False,False,0.1283447592651754,False,False,False
125700,0.0406277509729053,1.746341014328496,49.88745405176365,False,False,0.12533743881812143,False,False,False
125760,0.0406966582162933,1.7063681902255985,49.514687072493786,False,False,-0.07621727460318084,False,False,False
125820,0.0393563786958201,1.882761906189229,50.22741771965832,False,False,-0.3956368891827111,False,False,False
125880,0.0385534847625034,1.874037639101508,49.58762881242036,False,False,-0.7115786621303926,False,False,False
125940,0.0412347942848116,1.832440238795777,49.19772088165477,False,False,-0.7090968497956993,False,False,False
126000,0.0402053269845698,1.751611204380108,48.83841897156995,False,False,-0.8229758033021142,False,False,False
126060,0.0386284112836031,1.8978084548041925,49.59844918617102,False,False,-1.033658697417252,False,False,False
126120,0.039428944402225,1.7810071652778303,49.052131270617465,False,False,-0.7705069202861239,False,False,False
126180,0.0406174994338958,1.7854726051137608,49.01398228369995,False,False,-0.7875280429830838,False,False,False
126240,0.0397762585350936,1.877611990343548,49.9549215196794,False,False,-0.7908003078857604,False,False,False
126300,0.0395903508645446,1.8355811715619672,48.80458748892778,False,False,-0.8945025433831262,False,False,False
126360,0.0411207054882503,1.918859569492748,50.401748863079504,False,False,-0.3583830557562919,False,False,False
126420,0.0391621702828929,1.813431002057227,49.77774002051438,False,False,0.05397654711907762,False,False,False
126480,0.0393614773137961,1.778560336822749,49.6781901672077,False,False,0.17700925149726743,False,False,False
126540,0.0401691091800386,1.7669625362931711,49.18495816684845,False,False,0.2712829666468508,False,False,False
126600,0.0403123639456431,1.700262206431706,50.08675693969879,False,False,-0.028390489443154365,False,False,False
126660,0.0403970744274725,1.784955828268465,49.705347979132185,False,False,0.19431346553166406,False,False,False
126720,0.0407289904356551,1.8618080402966783,49.36598177896404,False,False,-0.38665704642140497,False,False,False
126780,0.0401588628965452,1.832337045323428,49.81117210306381,False,False,-0.3399566434651007,False,False,False
126840,0.0403915071511507,1.801096632354262,48.87209668142189,False,False,-0.139309933552056,False,False,False
126900,0.0397926325925479,1.7462735400339182,48.898055497770585,False,False,0.15572662527844727,False,False,False
126960,0.0400501586425893,1.812251142972688,49.15785567529818,False,False,-0.060444523508252246,False,False,False
127020,0.0400860273440429,1.8546919400805504,49.89494200615714,False,False,-0.07090146646132212,False,False,False
127080,0.0401720785086552,1.8232588398493792,49.72077886585279,False,False,0.050959001367729684,False,False,False
127140,0.0406180318460662,1.8090036991602012,50.2491273139373,False,False,-0.039578205233709696,False,False,False
127200,0.0404441165455558,1.756964286722815,49.26687240947869,False,False,0.39309957266108597,False,False,False
127260,0.0400353736023201,1.8468278179620488,50.01643091020723,False,False,0.3656287393258708,False,False,False
127320,0.0393526992120471,1.6308771397878143,49.67439136817248,False,False,0.6816856332631147,False,False,False
127380,0.0400541370064501,1.820673668278718,49.262033701403226,False,False,0.3867670837841075,False,False,False
127440,0.0399775857720834,1.9387973869710085,49.92843978853372,False,False,0.18926073074098326,False,False,False
127500,0.0401545452638505,1.7185478370840803,49.70500967845821,False,False,0.15956746167059066,False,False,False
127560,0.0417652202457123,1.7869660494461264,49.42568566491169,False,False,0.26563229425609336,False,False,False
127620,0.039580981777167,1.7995728065332648,49.76347445996001,False,False,0.09100603305896016,False,False,False
127680,0.0403378312153002,1.7750205280409448,49.67993937782283,False,False,0.2294173991287778,False,False,False
127740,0.0408547696537954,1.855964209098185,49.67009019093635,False,False,0.3588692454204505,False,False,False
127800,0.0400784015312795,1.8255123547751864,49.54286730464326,False,False,0.08131875745037576,False,False,False
127860,0.0418702760953377,1.8082242201175556,49.098919264555406,False,False,0.28488258023894275,False,False,False
127920,0.0396975685666148,1.843052718303141,49.791005896353234,False,False,0.24824410476070113,False,False,False
127980,0.040259271377856,1.800904538289874,49.354495655948654,False,False,0.35700039545130835,False,False,False
128040,0.0393609554040856,1.9717126823964697,49.2479180633909,False,False,0.30318625105896047,False,False,False
128100,0.0397187802118853,1.808172734417464,49.6399622295652,False,False,0.2684323038923253,False,False,False
128160,0.0401991471283173,1.810545233318444,50.12955507810616,False,False,0.12806466028364127,False,False,False
128220,0.0406770432498461,1.7076347253230433,49.857578214269125,False,False,0.0019654874431864755,False,False,False
128280,0.0402552758672188,1.7706536823256152,49.501430010648406,False,False,0.015914651911444366,False,False,False
128340,0.0410072918794677,1.8619583948171896,49.48355774029684,False,False,-0.24619414327506206,False,False,False
128400,0.0399240277515258,1.727885330080567,50.08936705472872,False,False,-0.06467777088431603,False,False,False
128460,0.0397342651761288,1.6834919125876944,48.57532219331428,False,False,-0.106268662561817,False,False,False
128520,0.0421631880858235,1.801745035444129,50.17460222704121,False,False,0.2905790436774538,False,False,False
128580,0.0403153901195536,1.8740202034036488,48.841141499379866,False,False,0.4207785405883726,False,False,False
128640,0.0394244147632171,1.8022885863495908,49.07267508708712,False,False,0.5404831060819646,False,False,False
128700,0.0394445889902015,1.7818492714581775,49.52547578002056,False,False,0.4248974290876504,False,False,False
128760,0.0392458560683749,1.6996416513619872,50.869900421521166,False,False,0.34352462091868574,False,False,False
128820,0.0407492554846854,1.8244217226259185,50.62577768446644,False,False,0.5411167367436036,False,False,False
128880,0.0397084981656854,1.8357088558796844,50.14254153676145,False,False,0.3492354769331172,False,False,False
128940,0.0401018899805251,1.7037864450485407,49.96979850241416,False,False,0.569257110203111,False,False,False
129000,0.0399491930604493,1.86126475222965,48.86261848366377,False,False,0.6042146601295144,False,False,False
129060,0.0405851939263527,1.841347558398174,49.87436570351392,False,False,0.6210902404045129,False,False,False
129120,0.0393226047256927,1.8611450608975568,49.52360551719716,False,False,0.6961383797283247,False,False,False
129180,0.0391395421710855,1.8315103549590008,49.39211126406935,True,False,0.704536835859642,False,False,False
129240,0.0401794378457452,1.8352988662758112,50.30380594383094,True,False,1.077745222486982,False,False,False
129300,0.0404807674277599,1.828118928529894,50.41680786208314,True,False,1.5829225719845539,False,False,False
129360,0.0402660258504781,1.8468975053610648,51.51297110775381,True,False,2.2706673546515077,False,False,False
129420,0.0393524370167221,1.7017870804673083,50.536302418925935,True,False,3.1513819199437734,False,False,False
129480,0.0405419878736731,1.7189427905844383,51.96774398186815,True,False,3.8384215531165182,False,False,False
129540,0.0394049112583234,1.7602555733897525,51.91664812690103,True,False,4.7699362454267344,False,False,False
129600,0.0395827690841708,1.7929897107296822,52.57733729216309,True,False,5.7212433968626755,True,False,True
129660,0.0392448371802224,1.8209593938586417,53.36042688432345,True,False,6.567222136994047,True,False,True
129720,0.0410409266789216,1.817532809274358,53.07541821124168,True,False,7.144377987082947,True,False,True
129780,0.0405067372328218,1.8603237138186255,54.14214668016584,True,False,8.15561445978949,True,False,True
129840,0.0404839947005431,1.862018746123339,54.37981997586786,True,False,8.958948475659227,True,False,True
129900,0.0409977691369139,1.7528912041521352,54.58165411384694,True,False,9.936791071596872,True,False,True
129960,0.0422501193985909,1.8128831099427252,55.10261977139281,True,False,10.692553978230507,True,False,True
130020,0.0386326191168718,1.7542170964230208,55.6865885367677,True,False,11.55759943274991,True,False,True
130080,0.0394092987352983,1.7898346599289074,55.80590469404245,True,False,12.603512112189406,True,False,True
130140,0.0395070599326603,1.8173767339286184,56.61932865594976,True,False,13.58320065775385,True,False,True
130200,0.0393193443020938,1.615929547870529,56.9026515754168,True,False,14.453128786199045,True,False,True
130260,0.039137933401917,1.930207178140543,57.16205708567925,True,False,15.40858774163388,True,False,True
130320,0.0397602775487557,1.830586068579464,58.6885779391271,True,False,16.056810843800406,True,False,True
130380,0.0390267170277684,1.767832023127676,58.52723525141931,True,False,16.726865914127544,True,False,True
130440,0.0402680338940299,1.9040779667824324,58.55421764178992,True,False,17.495336451043244,True,False,True
130500,0.0400413586571428,1.7812387167937456,59.24446244147664,True,False,18.12461639602199,True,False,True
130560,0.0403848229318109,1.8071560468347152,59.08408062564042,True,False,19.28843611312682,True,False,True
130620,0.0404061827613106,1.773695746238528,59.805063358600776,True,False,19.891111330458074,True,False,True
130680,0.0404824054827413,1.8892075592219404,60.28936890473383,True,False,20.678696718217623,True,False,True
130740,0.0397012728505409,1.7943308258594826,60.251969142960895,True,False,21.322023723036992,True,False,True
130800,0.0416969147221069,1.8080721414399332,61.49500158987594,True,False,22.26189476994064,True,False,True
130860,0.0401875448931856,1.865004236263374,61.4744766825352,True,False,22.854697731354022,True,False,True
130920,0.0385100121979001,1.8315975307028984,61.97550816808081,True,False,23.47381484832202,True,False,True
130980,0.039198099403387,1.7970652044827602,62.29484004020572,True,False,24.227310800937914,True,False,True
131040,0.0386075976087777,1.859961112507303,64.48470373305184,True,False,24.822125255155683,True,False,True
131100,0.040013867703321,1.9370780943891093,63.09980933060616,True,False,25.542996926343392,True,False,True
131160,0.0399025558207573,1.8171401642351688,62.82273689671315,True,False,25.5450549766326,True,False,True
131220,0.0396252594416804,1.8063050447451183,63.483067856139535,True,False,25.87821591362129,True,False,True
131280,0.0416087408899204,1.8092138625154304,65.08864362092956,True,False,26.129475977467166,True,False,True
131340,0.0404391862992615,1.870763193044902,65.80317712338629,True,False,26.069309802987377,True,False,True
131400,0.040580878689157,1.7676433223082222,65.2200106498212,True,False,25.784070245064385,True,False,True
131460,0.0392551412096463,1.7849708517755702,66.62634254828825,True,False,25.887366468296392,True,False,True
131520,0.0392006840869351,1.7169780807471615,66.78362118135468,True,False,26.315966949098325,True,False,True
131580,0.0400294443992775,1.7360711354174414,66.74404458390325,True,False,26.33754931511112,True,False,True
131640,0.0401384057117217,1.7720387998543097,67.13451997547392,True,False,26.278223016152623,True,False,True
131700,0.0385149507463084,1.7969794023207373,67.78113669852989,True,False,26.038537872397725,True,False,True
131760,0.0398557543817203,1.8955304995915865,68.55538796436178,True,False,26.29169801628224,True,False,True
131820,0.0400112576662988,1.828943611465962,68.74126580404536,True,False,26.280515324702932,True,False,True
131880,0.039827880667383,1.7507477604497512,68.6301728383114,True,False,26.022573857755646,True,False,True
131940,0.0393492876701226,1.760689053790338,69.30743193366047,True,False,26.070409591254233,True,False,True
132000,0.039568371854463,1.8742364288944555,70.81112565249748,True,False,26.14082739677241,True,False,True
132060,0.0398585126451417,1.8608369588259763,70.3720592917475,True,False,26.05296553453222,True,False,True
132120,0.040072640018888,1.801520095152107,71.1070735745036,True,False,26.110583779925605,True,False,True
132180,0.0404838332660404,1.7761035708609032,71.3683118226498,True,False,26.170940518456376,True,False,True
132240,0.0408646849639607,1.8607463731280507,71.66100666898693,True,False,26.220234790224836,True,False,True
132300,0.0397645218211782,1.746360335156867,72.0046357149585,True,False,26.293668080896254,True,False,True
132360,0.0396350750431077,1.8211696414951064,72.82494004557634,True,False,26.067544549012865,True,False,True
132420,0.0403501245388274,1.92272358550824,73.16152431853209,True,False,26.02515539219101,True,False,True
132480,0.0404886759331286,1.8110892068415787,73.36010840784542,True,False,26.10192814850329,True,False,True
132540,0.0396526396533928,1.758117088119873,73.30723887402858,True,False,21.3294674627316,True,False,True
132600,0.0406323147815729,1.8221599099442631,74.27285800753964,True,False,15.644554749810737,True,False,True
132660,0.0407836682729247,1.7746195291731712,74.47253310449426,True,False,10.556146415679223,True,False,True
132720,0.0410333491725269,1.7247177444373156,74.77786758501865,True,False,5.145342889585152,True,False,True
132780,0.0414226567253758,1.8378559454510937,51.2736131825778,False,False,-0.22081456215289563,False,False,False
132840,0.0393068670890724,1.860363057629685,49.166929195644414,False,False,-5.606757741629551,False,False,False
132900,0.040011118567466,1.7832110397080811,50.41794093343064,False,False,-11.485163387699515,False,False,False
132960,0.0400090221572949,1.7796292735988013,49.50957868617854,False,False,-17.16715751149532,False,False,False
133020,0.0399215411451739,1.7480754688794211,50.00874155738073,False,False,-23.10337619319526,False,False,False
133080,0.0394805896643118,1.7919034775747515,51.22966722665769,False,False,-29.114435591671523,False,False,False
133140,0.0388115503974151,1.7696321073221477,49.466418624104136,False,False,-30.179289154006483,False,False,False
133200,0.0400741435568232,1.7454042349180243,49.5878964485061,False,False,-30.604340906519283,False,False,False
133260,0.0393853154723616,1.9021771168415789,49.9433055617475,False,False,-31.566597393187735,False,False,False
133320,0.0400687947845981,1.8251906121044732,49.53068360591119,False,False,-32.75532011666495,False,False,False
133380,0.0393647651666409,1.830909335833585,50.398549914600586,False,False,-33.99630309658873,False,False,False
133440,0.0391202733233245,1.847703576722351,49.691486675502354,False,False,-34.97990688106228,False,False,False
133500,0.0401874386883015,1.8416359557050292,50.28798586801224,False,False,-35.73691241863135,False,False,False
133560,0.0401207372214452,1.7776920625489774,49.29861613644111,False,False,-36.62646195360017,False,False,False
133620,0.0404634255770567,1.8147178416404592,49.06202460566759,False,False,-37.52237496881925,False,False,False
133680,0.0417486910131341,1.7854723538499244,49.85317752167175,False,False,-38.40165311164584,False,False,False
133740,0.0402218316249686,1.82367703573794,49.18564574653304,False,False,-39.369090897134555,False,False,False
133800,0.0403880654136513,1.8184513078417408,50.73126377633813,False,False,-40.27511237842991,False,False,False
133860,0.0391379509369061,1.7793363459133331,49.20945722911148,False,False,-41.33259263391018,False,False,False
133920,0.0389704740475709,1.728217868962223,49.45774528492719,False,False,-41.84512841215877,False,False,False
133980,0.0412662635574186,1.8078968010761371,50.185628225903415,False,False,-42.64420103634954,False,False,False
134040,0.0392612161760533,1.788969447658406,49.68786596253867,False,False,-43.58245612430353,False,False,False
134100,0.039164844742825,1.6979198986237272,49.22408360703944,False,False,-44.24202667177687,False,False,False
134160,0.0399687208630267,1.8274137355199909,51.00548932641279,False,False,-45.01070981005806,False,False,False
134220,0.039927846069298,1.85212847406111,49.48691999920059,False,False,-45.627129668683665,False,False,False
134280,0.0392779947948453,1.9365312496612836,49.89183765143567,False,False,-46.33574059698557,False,False,False
134340,0.0397560214250295,1.7788753348206845,49.8875999495345,False,False,-42.3862862704558,False,False,False
134400,0.04098350057412,1.7709095575863505,50.349580439974375,False,False,-37.847067315328175,False,False,False
134460,0.0393552051129345,1.740091264356281,50.227831748730175,False,False,-33.29853430340883,False,False,False
134520,0.038885062012507,1.8112666629502985,49.58548465393272,False,False,-28.9518313302152,False,False,False
134580,0.0407540748967198,1.8109251817501515,49.83820121848013,False,False,-24.014841033186258,False,False,False
134640,0.0403938375295504,1.7561899979215156,49.889883264834445,False,False,-19.64058604613787,False,False,False
134700,0.039503585103481,1.7905537863717926,50.3800538851082,False,False,-14.84791837501092,False,False,False
134760,0.0387342663870984,1.6931520539879747,49.42364283298319,False,False,-10.093496613563033,False,False,False
134820,0.0394043013148491,1.8500243443829956,51.019088723193946,False,False,-5.359242943437721,False,False,False
134880,0.0399562364505205,1.758383319977703,49.6326714054899,False,False,-0.31010957594376976,False,False,False
134940,0.040932537671907,1.7981285570236991,50.01011805524489,False,False,-0.19510721356327565,False,False,False
135000,0.0391707344201042,1.72295855524992,49.436727688180135,False,False,-0.31429285978904886,False,False,False
135060,0.0399323840947908,1.768552905629075,49.36987255661001,False,False,-0.456634990594452,False,False,False
135120,0.0405401157279159,1.7849020777100535,49.58396751229508,False,False,-0.22359573822454593,False,False,False
135180,0.0380949861279024,1.7993902942641151,49.53814976240533,False,False,-0.3099024842822047,False,False,False
135240,0.0408270289343511,1.825905555838216,49.8185125135636,False,False,-0.043608445077126134,False,False,False
135300,0.0390540395422348,1.877710054508256,49.53838816566272,False,False,-0.021416507491849757,False,False,False
135360,0.0402655963947655,1.8395663909095448,50.37787654509526,False,False,-0.030347832412175535,False,False,False
135420,0.0401973465196885,1.851956885329897,49.64083804119254,False,False,0.2721846614472838,False,False,False
135480,0.040867669113171,1.8780896219369292,49.58765189652934,False,False,0.36870552237022025,False,False,False
135540,0.0404407395047148,1.8307642256022256,49.84030486560023,False,False,0.369497013686356,False,False,False
135600,0.038098167606616,1.7980178114365744,50.53543839141057,False,False,0.3018353215153411,False,False,False
135660,0.0393721766022752,1.854492042937773,50.1486866932712,False,False,0.48913059138943993,False,False,False
135720,0.0401105641034826,1.8579425014419293,49.99363349592583,False,False,0.21334514244006186,False,False,False
135780,0.0398440160911041,1.835022555250166,49.3291855302888,False,False,0.26418007438559243,False,False,False
135840,0.0403820885838054,1.7214501097600503,49.47658333974484,False,False,0.264126855692723,False,False,False
135900,0.0406314932445357,1.7545611517328892,49.41096225406046,False,False,0.11105504592873672,False,False,False
135960,0.0404867613891437,1.7851578783823538,50.70582249032001,False,False,0.010038116515246998,False,False,False
136020,0.0398285800459564,1.842099535119739,50.319908094453226,False,False,-0.2992512176004567,False,False,False
136080,0.0385229303911036,1.7988472933701898,49.62604593282887,False,False,-0.2643407264840647,False,False,False
136140,0.0396356150009161,1.8613909062063303,49.77690001978171,False,False,-0.07584516127384688,False,False,False
136200,0.0403330945185111,1.8710227779521915,49.64867040797944,False,False,0.210598307490244,False,False,False
136260,0.0391276421979596,1.8647552053085688,49.62061454231132,False,False,0.23674053713929766,False,False,False
136320,0.0405050197840972,1.865099190481936,50.29592532051333,False,False,0.5578320563117956,False,False,False
136380,0.0407267146378138,1.7440023291484292,49.92423634891665,False,False,0.2699370055019017,False,False,False
136440,0.0401014935810366,1.826062316970612,51.110817985861104,False,False,0.3701257073398807,False,False,False
136500,0.03754897610695,1.7671934317884077,50.69764368037445,False,False,0.4662976478404772,False,False,False
136560,0.0389775293098305,1.7109504181066033,50.72943359275287,False,False,0.7009732551773169,False,False,False
136620,0.0415089513268448,1.7844765588689848,50.412601564397136,False,False,1.1286381291193948,False,False,False
136680,0.0395627697655773,1.871535796143872,49.86782319607305,False,False,1.1277987014374276,False,False,False
136740,0.0384126854214968,1.824880068546397,50.380277827995,False,False,1.2472579593982687,False,False,False
136800,0.0409881979106482,1.908961706066718,49.90919569286945,False,False,1.0705819102727787,False,False,False
136860,0.0400106844732349,1.809570427844478,50.90097971990153,False,False,1.2923650232533817,False,False,False
136920,0.0408839523911661,1.9321813486940167,50.29021104046588,False,False,0.8316545222077565,False,False,False
136980,0.0402215669401754,1.8095861461779208,50.22148118264599,False,False,1.228457052687233,False,False,False
137040,0.0403668473089697,1.8012139359923018,50.156066988962806,False,False,1.2655707895917772,False,False,False
137100,0.0402904073981716,1.7309129352522392,50.964893525832046,False,False,1.1035987502933295,False,False,False
137160,0.0405579906495368,1.8599703879758096,49.38011479963679,False,False,0.8479782147429376,False,False,False
137220,0.0418219443588448,1.7728852430372142,51.01836353479311,False,False,0.36856636487264893,False,False,False
137280,0.0407768050687673,1.765059427471929,50.00837237163525,False,False,0.31603021320721325,False,False,False
137340,0.0387357285457235,1.869186450443179,49.40060444185806,False,False,0.2322170375426822,False,False,False
137400,0.0403573292122231,1.8625440241149815,49.72980371834792,False,False,0.3092216814910955,False,False,False
137460,0.0409131846144825,1.8611307738293767,49.282734607211225,False,False,0.2785612328991789,False,False,False
137520,0.0409621606452289,1.780441678761031,50.43719626576941,False,False,0.29360469318842775,False,False,False
137580,0.0396587160135527,1.7972473032735166,49.593451072206896,False,False,-0.04838916072587551,False,False,False
137640,0.0409319555561505,1.796767862524424,50.19916103488608,False,False,-0.1633299394248411,False,False,False
137700,0.0407421939196409,1.8422559817563096,50.68416537127021,False,False,-0.04441047476757376,False,False,False
137760,0.0420580139495757,1.8838924920986884,49.78327804630779,False,False,0.4700257664174501,False,False,False
137820,0.0393999986110011,1.819879913980714,49.98746431848223,False,False,0.8229735480999665,False,False,False
137880,0.0395940795388796,1.9066441186092973,49.47206251443999,False,False,0.675135775541662,False,False,False
137940,0.039755104761232,1.8484484985737852,49.93179691932596,False,False,0.6032454120397261,False,False,False
138000,0.0396078222799689,1.7873208327178214,51.415216940841816,False,False,0.2597276854374826,False,False,False
138060,0.0392879834001891,1.844750415930965,50.51940136466391,False,False,-0.09356591881540055,False,False,False
138120,0.037789859595461,1.8921207750502735,50.00029922756546,False,False,-0.06853410835280727,False,False,False
138180,0.0396522404210214,1.907907605100432,49.82905007332497,False,False,-0.0027972046548825347,False,False,False
138240,0.0402954864477599,1.8640921326083504,50.11580704799118,False,False,-0.01170143651103217,False,False,False
138300,0.0396054225235952,1.801386420497532,50.204378776319786,False,False,-0.18492074594986718,False,False,False
138360,0.0415483049468232,1.7882985642809803,49.93204820105365,False,False,-0.4529493109430547,False,False,False
138420,0.0400107006501726,1.8311077531923152,50.40884230691567,False,False,-0.8992205294214415,False,False,False
138480,0.0410328232441473,1.8903946227446364,49.66931861840346,False,False,-0.794243597429201,False,False,False
138540,0.0402091363301839,1.8234235325995805,49.6690781803451,False,False,-0.7894925129894688,False,False,False
138600,0.0406611258479146,1.824544721080916,50.3355994007659,False,False,-0.7726105871087299,False,False,False
138660,0.0402233932431468,1.802775484133123,49.56841044986217,False,False,-0.8236564100563868,False,False,False
138720,0.0410950277055228,1.7822938826179149,50.5194696074792,False,False,-0.6759410343703678,False,False,False
138780,0.0400447514801059,1.7912447366412283,50.15005032925304,False,False,-0.7763038382539804,False,False,False
138840,0.040396896566471,1.8073130032032587,49.24546568049647,False,False,-0.7294810484782914,False,False,False
138900,0.04029306634692,1.8927773997969504,50.21639950703912,False,False,-0.24813987329464737,False,False,False
138960,0.0397693716334981,1.7870554559593368,49.32130628636771,False,False,-0.13769043085098076,False,False,False
139020,0.0403239858551397,1.8028410520992144,50.512790257893606,False,False,0.20121282522745787,False,False,False
139080,0.0417875089969581,1.7532696063380486,50.043981742844046,False,False,-0.09870062269651214,False,False,False
139140,0.0397836824463236,1.8386980775895505,51.09611067012632,False,False,-0.04271735624098483,False,False,False
139200,0.0403355719142826,1.8738006756507872,50.70845463846278,False,False,0.01378820497018296,False,False,False
139260,0.0410062231606955,1.8877228836816649,49.64468161756413,False,False,0.24601704082128606,False,False,False
139320,0.0409122026247554,1.8109816843335684,49.166887593162905,False,False,0.3373268968251182,False,False,False
139380,0.0400093731341754,1.8310151312970788,49.80193655109149,False,False,0.5719717283471653,False,False,False
139440,0.0380932890376341,1.791708282602818,49.57108753247556,False,False,0.6800613502633581,False,False,False
139500,0.0404133622549187,1.828513008703504,51.09681553173286,False,False,0.37520699309817473,False,False,False
139560,0.0382244205931015,1.8169541182349576,50.18101881305781,False,False,-0.06781032928162745,False,False,False
139620,0.0411759497847529,1.8031462769115805,50.65511519919304,False,False,-0.0939611894826129,False,False,False
139680,0.0401355790969546,1.807438699382965,50.048119995229726,False,False,0.23111398891693113,False,False,False
139740,0.0407997392158975,1.824403803303257,50.10303136176826,False,False,0.158230238831905,False,False,False
139800,0.0392783110894551,1.7841157685183395,50.1787812490577,False,False,0.46373761910970757,False,False,False
139860,0.0387579940213599,1.7869051732277863,50.750594074011936,False,False,0.35229888832060396,False,False,False
139920,0.0402086035073129,1.892197548738264,50.35536644695659,False,False,0.2824836197189029,False,False,False
139980,0.039973117248035,1.9463695255177047,49.67311680178452,False,False,-0.17362507980388386,False,False,False
140040,0.0396067673390742,1.7349641847791617,51.01527044696963,False,False,-0.11667394141824161,False,False,False
140100,0.0400677290245862,1.7319885549636929,50.05983528283683,False,False,-0.03160287202068446,False,False,False
140160,0.0422139487136258,1.74831374729836,49.98071262479523,False,False,0.2020352127127154,False,False,False
140220,0.0406676204378952,1.794422425587918,48.795949690012606,False,False,0.2457563055098717,False,False,False
140280,0.0408395988846906,1.848372147596012,50.53013179112136,False,False,0.05769727875353681,False,False,False
140340,0.0406751495132426,1.8319276588706068,50.2656679697752,False,False,0.06673187803967551,False,False,False
140400,0.0411835697150817,1.8092896813861452,50.26735413264878,False,False,0.1293241336498312,False,False,False
140460,0.0398479426616794,1.828562519535727,50.01820862319598,False,False,0.22457262351507268,False,False,False
140520,0.0383561909538597,1.7626273475420682,49.93424169308857,False,False,0.3736291688095861,False,False,False
140580,0.0398491310935951,1.7868173703253587,50.03929005414332,False,False,0.7351431670777373,False,False,False
140640,0.0406493885679972,1.798914894387707,50.45789035752574,False,False,0.5933324737788723,False,False,False
140700,0.0392241596839079,1.71445231770092,50.548098462882336,False,False,0.25186137885118853,False,False,False
140760,0.0398589072396085,1.7372892489449798,50.11525343658194,False,False,0.19159863194950333,False,False,False
140820,0.0394465842055981,1.7394354326910064,50.70746763233118,False,False,0.08514753247794715,False,False,False
140880,0.0412016234014745,1.841261844078924,50.195741449067626,False,False,0.4409168590695458,False,False,False
140940,0.0405995656123252,1.8132491672229103,49.98534498491811,False,False,0.39773875563938077,False,False,False
141000,0.0405212324965151,1.832997304803993,50.338895635837176,False,False,0.18798491093959058,False,False,False
141060,0.0404972810504967,1.700658630550667,49.56222429354014,False,False,-0.24941990316700924,False,False,False
141120,0.0399702005979583,1.7198873989532135,50.36050631173026,False,False,-0.4113116361275786,False,False,False
141180,0.040158045026022,1.8358136337738509,49.47528575883102,False,False,-0.36924769478109454,False,False,False
141240,0.0390518523355741,1.6499518393500332,49.73474298600589,False,False,-0.3694262844574894,False,False,False
141300,0.0382508464169995,1.8661299853103892,49.24149041704303,False,False,-0.05156993422306755,False,False,False
141360,0.040120064904276,1.7015408742497693,50.16550729846915,False,False,0.2742138847055742,False,False,False
141420,0.0402591922050177,1.845540624163949,51.06011228036302,False,False,0.23383492888454782,False,False,False
141480,0.0409674116547403,1.752016430263124,50.19898675307132,False,False,-0.09919456843380203,False,False,False
141540,0.0412570686528658,1.8566408006192652,50.581547427732175,False,False,0.022490040513801546,False,False,False
141600,0.0412559987879991,1.9732406893514909,51.438141341075365,False,False,-0.1590487167572121,False,False,False
141660,0.0392015811253649,1.6772484079734593,50.46624197088279,False,False,0.19138631797470396,False,False,False
141720,0.0397181879720401,1.837550365984475,49.883837678932295,False,False,0.19760985972017409,False,False,False
141780,0.0403842674367051,1.7023592134659382,49.95488905426196,False,False,0.5114642910584308,False,False,False
141840,0.0420255237421937,1.8230455217997448,50.271232114144944,False,False,0.5338445348725998,False,False,False
141900,0.0411840793629711,1.7888343031681977,49.95668534180656,False,False,0.27672873593017755,False,False,False
141960,0.0408955177295987,1.8070082454129397,49.996318818933865,False,False,-0.05357487350217127,False,False,False
142020,0.0396897696355605,1.7507689410782752,50.77021892787389,False,False,0.01055550196480226,False,False,False
142080,0.0392934402950759,1.842149219912811,50.79289976803382,False,False,0.2356698606208596,False,False,False
142140,0.0406311263067065,1.7217886767495996,49.45860504102695,False,False,0.3439589380804051,False,False,False
142200,0.0391194709886125,1.867048412196532,49.87519617750474,False,False,0.7300252373813976,False,False,False
142260,0.0398092509192157,1.7779004834430503,50.054508397401726,False,False,0.653554045077243,False,False,False
142320,0.0399081776407984,1.7242547034202331,50.58828471834461,False,False,0.6453410200741843,False,False,False
142380,0.0412743296712982,1.8861265884603975,50.86250769391837,False,False,0.22782835105542176,False,False,False
142440,0.0397162421576322,1.7963634967483058,51.64418352120606,False,False,0.1283284283005912,False,False,False
142500,0.0380486002891419,1.9030123424038692,50.06259256033135,False,False,0.3394453961349626,False,False,False
142560,0.0404035557181299,1.8659532309829203,50.08979450570524,False,False,0.369909545216089,False,False,False
142620,0.0394407825175168,1.7569001319415325,50.59417352509868,False,False,0.2498007664553228,False,False,False
142680,0.0400341048195502,1.7954105507494156,49.96100981220596,False,False,0.12142157993274338,False,False,False
142740,0.0399306362393263,1.8065360487418327,50.23386689534169,False,False,0.10613809302148525,False,False,False
142800,0.0397810368033457,1.882420372799268,50.09905842609875,False,False,0.11215318773089678,False,False,False
142860,0.0406322724654277,1.823625956521824,48.997980173942,False,False,0.42505047608780444,False,False,False
142920,0.0387737080973178,1.8095198015392089,50.37265340437343,False,False,0.33555713612027205,False,False,False
142980,0.0395863886200365,1.7892065022966914,50.22208596404983,False,False,0.18482062645931308,False,False,False
143040,0.0405472303304939,1.7972699200638496,50.951111623233245,False,False,0.04774426204753013,False,False,False
143100,0.0395087321797245,1.8704479726266297,50.32047095627654,False,False,-0.17403251507906248,False,False,False
143160,0.038712954632584,1.8002000889430636,49.69258166775485,False,False,-0.2843679396258949,False,False,False
143220,0.0405348442746053,1.7786701473498987,50.193135624825736,False,False,-0.22328081809223477,False,False,False
143280,0.0408984757043532,1.769516613056861,49.27887329415075,False,False,-0.043560281790846034,False,False,False
143340,0.0399640038338856,1.7700966816928474,49.72118545252281,False,False,-0.31347476122743956,False,False,False
143400,0.0384313235212243,1.7242868162136906,50.6466270086027,False,False,-0.5676825228061659,False,False,False
143460,0.040564775797359,1.7594797333503702,50.20743345895293,False,False,-0.7543624895441639,False,False,False
143520,0.0386720896948642,1.8809146948851172,50.79458745308237,False,False,-0.49500587873724555,False,False,False
143580,0.0402470394214785,1.7888436399293552,49.35211686229788,False,False,-0.3394817353176762,False,False,False
143640,0.0392900289402062,1.8380382301020293,50.2165619434786,False,False,-0.18047153018054019,False,False,False
143700,0.0390721285713864,1.666147148033355,50.10226604735014,False,False,0.32380904329602345,False,False,False
143760,0.0396464719863362,1.8306888106841572,50.820176242254206,False,False,0.5404980770733232,False,False,False
143820,0.0398533619548581,1.791286953964068,50.68086298943448,False,False,0.7855462281021204,False,False,False
143880,0.0394846333996908,1.7740022387639125,50.66783733479889,False,False,0.4524446899889938,False,False,False
143940,0.0404709626225721,1.8097718377007408,51.11964593320035,False,False,0.36398172097608494,False,False,False
144000,0.0396431444972329,1.7732254362941506,50.16712701391859,False,False,0.19337154525319988,False,False,False
144060,0.0407841526973374,1.6853107543260288,51.0209406406158,False,False,0.07372658635328833,False,False,False
144120,0.0402249385325147,1.8498013888232847,49.83352680192914,False,False,0.021182462386718726,False,False,False
144180,0.0394419542347229,1.8131229483128024,49.81742065688973,False,False,0.003705894304374624,False,False,False
144240,0.0393072480929341,1.783047107443616,50.73646247192531,False,False,0.21750325213373856,False,False,False
144300,0.038682002960762,1.7478259899080884,49.60994847137531,False,False,-0.0931752102259793,False,False,False
144360,0.0402325865422934,1.7206276941302148,50.65093130919276,False,False,-0.09107474557943362,False,False,False
144420,0.0397163299621989,1.8120902061816755,50.41743474624751,False,False,0.04210862368205426,False,False,False
144480,0.0381022435775491,1.8871258118521692,50.90493416811785,False,False,0.12784985536542592,False,False,False
144540,0.0395714281017844,1.810970989744016,50.34151547571653,False,False,0.29786065437383513,False,False,False
144600,0.039279172776596,1.7253308732709876,50.40149158574531,False,False,0.4131026296100373,False,False,False
144660,0.0412605420737365,1.8121563032600736,50.63032926346357,False,False,0.5135315521559392,False,False,False
144720,0.0386377771104853,1.7971194800386767,50.04660164637479,False,False,0.4994254739808355,False,False,False
144780,0.0388469193602127,1.8466583558080083,50.02705292206314,False,False,0.5656826335006429,False,False,False
144840,0.0408879757144845,1.8327635915802327,50.619600450133525,False,False,0.7588399238371721,False,False,False
144900,0.0410854105259711,1.638765583158064,50.36997148005007,False,False,0.8274780770295962,False,False,False
144960,0.0394040136490194,1.8294430790391367,50.18318808036681,False,False,0.6696168133781697,False,False,False
145020,0.0394943313417528,1.7458121118867795,50.34768264357369,False,False,0.21051454342438092,False,False,False
145080,0.0404929883172426,1.7232266479617704,51.18858410174525,False,False,0.1926167036800024,False,False,False
145140,0.0381383201624437,1.7898224358398276,50.17202479885971,False,False,0.5073788147105773,False,False,False
145200,0.0385110450523955,1.8221924398876208,50.15975384999221,False,False,0.6949249270523836,False,False,False
145260,0.0397754132793194,1.7114003310445116,49.544271198705545,False,False,0.7567757587209201,False,False,False
145320,0.0412399124529033,1.838047126521108,50.3790464963618,False,False,0.6720309016667017,False,False,False
145380,0.0396514159294666,1.8412202977667065,50.73089437546412,False,False,0.6603461877098908,False,False,False
145440,0.0400807494333881,1.802536714600173,50.82278133208793,False,False,0.3388517605727941,False,False,False
145500,0.0409070314180512,1.7531483239677397,50.46102072946633,False,False,0.2063510794661454,False,False,False
145560,0.0416855077866225,1.7471135877737782,50.88705836959507,False,False,0.5109101681490387,False,False,False
145620,0.0395385212214813,1.8554003351053323,50.77698643839831,False,False,0.5064431464332131,False,False,False
145680,0.0399865306210132,1.7183939749292212,50.97007600670789,False,False,0.5746440750505712,False,False,False
145740,0.0414576441770742,1.857481404884236,50.90798187400411,False,False,0.4867261481838341,False,False,False
145800,0.0387822405798468,1.7910792454069564,51.203049298722526,False,False,0.3816408586658184,False,False,False
145860,0.040822064856443,1.7948249370192857,50.33544327178934,False,False,0.6307414618429732,False,False,False
145920,0.039185347574111,1.7077632639076803,49.75899048829528,False,False,0.7015954355712921,False,False,False
145980,0.0400819778936825,1.7920773019730565,50.75660853572231,False,False,0.8801645984142539,False,False,False
146040,0.0398059047620797,1.8331336178646145,50.81725541294456,False,False,0.787894915621024,False,False,False
146100,0.039233590719439,1.727833855255993,51.2142061693773,False,False,0.8724311095710391,False,False,False
146160,0.0392135184578733,1.8269263368316,51.07208330517516,False,False,0.5345213722695092,False,False,False
146220,0.040221131491403,1.8048066616986675,51.40640400942615,False,False,0.6648819266151236,False,False,False
146280,0.0407964314625301,1.7652371968530556,50.74582442606071,False,False,0.7041817350821447,False,False,False
146340,0.0398962110374492,1.8461523466705303,50.55253238627032,False,False,0.6214937178293098,False,False,False
146400,0.0400560905269865,1.681078134475158,49.7478651840417,False,False,0.5767214306934818,False,False,False
146460,0.0404569392530328,1.81872076043216,50.596634666365176,False,False,0.319349957312582,False,False,False
146520,0.0392227049815896,1.8874494985359576,50.16856437507605,False,False,0.27949580531407037,False,False,False
146580,0.0405917540067303,1.877756929511436,50.55280071463151,False,False,0.19686030814278865,False,False,False
146640,0.0406554744776478,1.82104956290908,50.47653195547368,False,False,-0.18971119909572565,False,False,False
146700,0.0420829010390003,1.7837092380889343,50.68737181114747,False,False,-0.1552354565953067,False,False,False
146760,0.0396991166475523,1.765666661946428,50.40506931635672,False,False,0.15631868941028415,False,False,False
146820,0.0396335345586655,1.7836420071290957,50.92347442089584,False,False,0.5341848085632392,False,False,False
146880,0.040615172697259,1.829365591387567,49.09661682349558,False,False,0.6006016168985866,False,False,False
146940,0.0406552833351297,1.7564088345051916,50.5554204219156,False,False,0.6116299359405559,False,False,False
147000,0.0395719302772986,1.8409008861747207,51.06389817831652,False,False,0.5868953493017273,False,False,False
147060,0.0396774698584559,1.9151906679721795,51.39990719737192,False,False,0.5262577069332792,False,False,False
147120,0.0404329046705744,1.7966583053031209,50.83309326673991,False,False,0.4526175931714107,False,False,False
147180,0.0393379326074122,1.7274026806227016,51.31178376324222,False,False,0.277394695651239,False,False,False
147240,0.0396715728095879,1.7273837836989137,50.55603990423389,False,False,0.5196353079516172,False,False,False
147300,0.0400716742138947,1.8419345397924247,50.47523284872162,False,False,0.30637981980090956,False,False,False
147360,0.0407967509478578,1.7967737063361362,50.74073903677552,False,False,-0.1292842296609109,False,False,False
147420,0.0395163211070563,1.8473488683874588,50.47666372811969,False,False,-0.4172264768296259,False,False,False
147480,0.0385260924303754,1.7711837505453951,50.0893117899601,False,False,-0.3608129189976381,False,False,False
147540,0.0384667220259854,1.8448536715671509,50.2251000563064,False,False,-0.5660133561762279,False,False,False
147600,0.038992469546635,1.7914518446337149,49.92887337973784,False,False,-0.634010838800009,False,False,False
147660,0.03894946582544,1.7604447810125068,50.75136803461211,False,False,-0.7299692409478098,False,False,False
147720,0.039876311393104,1.7783460821446713,50.49510504783329,False,False,-0.737411665518465,False,False,False
147780,0.0390488958771219,1.7353590648071453,50.31149573760757,False,False,-0.9715678422783185,False,False,False
147840,0.039437796032143,1.907425416163407,50.21052657197154,False,False,-0.9727909375175727,False,False,False
147900,0.0393807312920143,1.7947953820678415,50.74862627789357,False,False,-0.7502667111883881,False,False,False
147960,0.0396475937113216,1.8348037607888383,50.88855184950236,False,False,-0.4810686126863146,False,False,False
148020,0.0410580034652185,1.771009066824977,49.9353004153483,False,False,-0.5269366088986231,False,False,False
148080,0.0405295580715444,1.7431958976130897,49.85894473311665,False,False,-0.4438403388222696,False,False,False
148140,0.0400129035322208,1.7873704524104317,50.98227170021854,False,False,-0.20066737378186872,False,False,False
148200,0.0396311789755353,1.8594643968024769,49.81967975756729,False,False,0.0023922612663795917,False,False,False
148260,0.0396534138747015,1.7718804832644928,50.7832194481264,False,False,0.13259375863172806,False,False,False
148320,0.0402621971759615,1.7529912734726116,51.32016028499574,False,False,0.41760179216117876,False,False,False
148380,0.0404673352586818,1.8083950691959336,51.32355274171887,False,False,0.3982588520355108,False,False,False
148440,0.0392739059951195,1.8269472204387585,50.88510128974191,False,False,0.8148945807251806,False,False,False
148500,0.0400291846044913,1.888713801118072,50.872799406490486,False,False,0.8081744717488277,False,False,False
148560,0.0383747043450695,1.8191025258321147,51.64657802833123,False,False,0.6532118047656468,False,False,False
148620,0.0401693710273364,1.834775604640687,49.35565612618968,False,False,0.5662457548498736,False,False,False
148680,0.0406097193935669,1.8388408627936972,50.292915773999816,False,False,0.27217295941784414,False,False,False
148740,0.0397759450984953,1.737737169375638,50.951559190982,False,False,-0.023913435802725758,False,False,False
148800,0.041453221596912,1.747980068194645,50.36089941692629,False,False,-0.13661044223543684,False,False,False
148860,0.0392950092420511,1.7414696003612948,51.15166172955435,False,False,-0.21285538835613238,False,False,False
148920,0.0401739523322426,1.728064129192651,50.51432519949931,False,False,-0.5554317649671816,False,False,False
148980,0.0399713402026672,1.842954833243002,50.602103814226766,False,False,-0.2010541216317563,False,False,False
149040,0.0399197618660452,1.8156627049498428,50.40112420633857,False,False,-0.42615673509175167,False,False,False
149100,0.0399085422655962,1.8042927874069383,50.27943571346108,False,False,-0.34516204972132414,False,False,False
149160,0.0400856840240075,1.6599933081682776,50.26936586569485,False,False,-0.014646487953939413,False,False,False
149220,0.0406783669947709,1.9109957503654051,50.68073365009063,False,False,0.1054844666414283,False,False,False
149280,0.0411021889890197,1.751709311775708,50.16009767316438,False,False,0.06858438966158076,False,False,False
149340,0.0399981998043966,1.910797888820704,51.026212252225015,False,False,0.08997926288326141,False,False,False
149400,0.0406522528577373,1.721740960044829,50.87845242718436,False,False,0.19059012900427774,False,False,False
149460,0.0394385864429865,1.756130337437947,51.10377733977143,False,False,0.4825019092137808,False,False,False
149520,0.0406127643621809,1.68104613334448,49.991836595693584,False,False,0.6387305295997692,False,False,False
149580,0.0393904067809384,1.8195547487009056,49.70879015470042,False,False,0.668901240426834,False,False,False
149640,0.0408725279488705,1.7405321316761937,50.55866520468133,False,False,0.8393416706280732,False,False,False
149700,0.0417685127019145,1.742057991678689,52.01238804368054,False,False,0.6698048530480207,False,False,False
149760,0.0399023328896228,1.7258842322725827,51.198321780351634,False,False,0.49394146975569697,False,False,False
149820,0.038245965207354,1.8419771733878447,50.29022389145456,False,False,0.5190514386664518,False,False,False
149880,0.0395615416534041,1.838419037184648,50.78193276732715,False,False,0.454649722958294,False,False,False
149940,0.0409855001074314,1.8978498301182545,50.93569980823689,False,False,0.4175772011610235,False,False,False
150000,0.0404424614296202,1.7629718424620595,49.88994188855219,False,False,0.2899186079206544,False,False,False
150060,0.04019913087894,1.8118162460365272,51.26117859783949,False,False,0.09411724358324136,False,False,False
150120,0.0408069346847638,1.730375899340295,50.49488325431528,False,False,-0.25516777700498494,False,False,False
150180,0.0403875627513987,1.781907892772293,50.53548454982539,False,False,-0.25003197999389215,False,False,False
150240,0.0409741801499609,1.7719823530828165,50.59494695624981,False,False,-0.342522563516539,False,False,False
150300,0.0407355389413175,1.8250802977047529,51.1575543505904,False,False,-0.6090452522237797,False,False,False
150360,0.0412173603621895,1.8549191775465823,50.20992285623932,False,False,-0.6061014107286979,False,False,False
150420,0.040287036867125,1.853517601304901,49.736258587351365,False,False,-0.693605716124722,False,False,False
150480,0.0407242075211951,1.754488137300249,50.75345089059718,False,False,-0.45332758718535615,False,False,False
150540,0.0397542983415313,1.853917266849642,49.57237385546416,False,False,-0.19127480184647538,False,False,False
150600,0.0395188313507528,1.797619402596179,50.44588075538652,False,False,-0.030363405781784536,False,False,False
150660,0.0413654141123351,1.7824717676215611,51.19209935228727,False,False,0.21934807657879674,False,False,False
150720,0.0401729637410581,1.7617403797117783,50.89043881351579,False,False,0.5159440709676488,False,False,False
150780,0.0406439044526899,1.7697634671044762,51.12429954902763,False,False,0.46589804317387973,False,False,False
150840,0.0400989920115291,1.894084947694597,50.91552685316997,False,False,0.4208133957368432,False,False,False
150900,0.039530787479264,1.8166001813906771,51.81274806936384,False,False,0.710388027904159,False,False,False
150960,0.0400087863140659,1.8094290397650648,50.31569066554729,False,False,0.635289606568179,False,False,False
151020,0.0411487952142141,1.785838669639005,50.81110597228343,False,False,0.7025228522904285,False,False,False
151080,0.0404441920594235,1.9320828450176533,50.3952095525765,False,False,0.7004888959676663,False,False,False
151140,0.0386308214722156,1.870470566397707,51.09490007754384,False,False,0.9200879826792345,False,False,False
151200,0.039827804434739,1.7610626458008651,50.58794165896472,False,False,0.8903179083519319,False,False,False
151260,0.0414258350341637,1.7852247870459503,51.48038119111556,False,False,0.30390719532812227,False,False,False
151320,0.03982896251052,1.788430794657971,50.35778042809611,False,False,0.2356435177555909,False,False,False
151380,0.0385596170466126,1.8078770868272604,51.32898132305917,False,False,0.30451804934202187,False,False,False
151440,0.041514439108338,1.7621337963979025,50.92421747987622,False,False,0.2640178544630345,False,False,False
151500,0.0405459140078502,1.823696092261532,50.61364683446431,False,False,0.17021241776687646,False,False,False
151560,0.0399439897129497,1.878412759130123,50.90332819234133,False,False,0.308372471149994,False,False,False
151620,0.0397028658111343,1.7290640821137753,50.76496887157953,False,False,0.07595992840285248,False,False,False
151680,0.0408658815438333,1.7390800761970284,50.81454367234441,False,False,-0.1354229967689804,False,False,False
151740,0.039566413279819,1.7739094380139455,50.53536045007488,False,False,-0.35282038630526813,False,False,False
151800,0.0409186051396127,1.7764130397541773,50.29023138724815,False,False,-0.5384477780837784,False,False,False
151860,0.0404337562285794,1.9079171572362803,50.47571973544794,False,False,-0.38154032927349135,False,False,False
151920,0.0401957455403898,1.8540922978808012,49.80391246085867,False,False,-0.16884096528178816,False,False,False
151980,0.0401164118442684,1.8509934070143863,51.06868877050265,False,False,0.00422463730306788,False,False,False
152040,0.0398600255706286,1.7857242525502763,50.03236227255217,False,False,-0.1986803402526931,False,False,False
152100,0.0408365120961674,1.784539076033512,50.543350385425626,False,False,0.08994645889590913,False,False,False
152160,0.0393077257343185,1.7216079076566686,50.97842608818756,False,False,0.09935131503655725,False,False,False
152220,0.0387024598985358,1.8422139723145825,51.07633158040057,False,False,0.15633519587662192,False,False,False
152280,0.0404915520983139,1.8265169486596744,49.77153690783556,False,False,0.384405386405831,False,False,False
152340,0.0405049906624537,1.8694438576926276,50.61516849304521,False,False,0.10472617212778346,False,False,False
152400,0.0403841929220094,1.788615195478767,50.89319453478573,False,False,-0.0363182142505849,False,False,False
152460,0.0403261826956944,1.7923439261051786,50.691559894096045,False,False,-0.06010034199772463,False,False,False
152520,0.0397435676973299,1.8091824585422744,51.33981897270522,False,False,-0.19530771116211554,False,False,False
152580,0.0406299861635084,1.8481624690773832,50.25910769831472,False,False,-0.6656116108099894,False,False,False
152640,0.0399635534985963,1.7206083564067365,49.64772023758049,False,False,-0.4278900797716574,False,False,False
152700,0.0396103091513478,1.839747031221872,51.07963346546342,False,False,-0.5956954102647387,False,False,False
152760,0.0397504869501956,1.7988932396426671,50.40815705167347,False,False,-0.7919480138994146,False,False,False
152820,0.0416165117590206,1.7428335875305003,49.79965946709329,False,False,-0.6167470883894453,False,False,False
152880,0.0386120191343636,1.6874312893566803,50.601903225006616,False,False,-0.7239517577194192,False,False,False
152940,0.0403998304834366,1.792630419558569,51.29866806265928,False,False,-0.6695470283145397,False,False,False
153000,0.038656711657901,1.8781765010968,50.05399242019064,False,False,-0.5838349736144011,False,False,False
153060,0.0399134133293416,1.8904329720040356,51.85584636047419,False,False,-0.4164269846345974,False,False,False
153120,0.0396530980118766,1.8191903153761853,50.27113724063579,False,False,-0.48916135140029837,False,False,False
153180,0.038331977362656,1.905948305847481,50.73581311937057,False,False,-0.4485699529269027,False,False,False
153240,0.040311230072347,1.7976811815203355,50.084971137787456,False,False,-0.22954353212158196,False,False,False
153300,0.0396959695502462,1.8514783917887103,50.717572175462834,False,False,-0.2857658123157165,False,False,False
153360,0.038320634925951,1.775633531999053,50.632122744639055,False,False,-0.14488544311460316,False,False,False
153420,0.0406716544726194,1.772211662678656,49.95647935875642,False,False,-0.0761898506332983,False,False,False
153480,0.0411480049423911,1.7634145076884458,52.11636944880098,False,False,0.3042566994098337,False,False,False
153540,0.0411920994738372,1.6887314368552873,50.45801703421975,False,False,0.46471712011612,False,False,False
153600,0.0402871651525211,1.8695029820371327,50.46068399447965,False,False,0.6493426998701892,False,False,False
153660,0.0400368465108616,1.7653518482865471,51.19466286721306,False,False,0.6850911645649091,False,False,False
153720,0.0410625252967166,1.7567223058932195,51.61950202361403,False,False,0.49976842814018596,False,False,False
153780,0.041345906868272,1.7362815291929157,51.27782267034552,False,False,0.6810750935484435,False,False,False
153840,0.0409068549623005,1.7889645904270408,50.11624382923364,False,False,0.44803424450921625,False,False,False
153900,0.0392467699182161,1.8952285847702264,50.82601804989783,False,False,0.4057455292632284,False,False,False
153960,0.0401610758825719,1.913064057944427,49.78060695836157,False,False,0.3387383138903175,False,False,False
154020,0.0403516129154331,1.7103131887066876,51.17437539461882,False,False,0.2476266591465759,False,False,False
154080,0.0385523064248662,1.7808598082172808,49.90815843909597,False,False,-0.2626142850899811,False,False,False
154140,0.0403754885276966,1.7441446804149403,50.32638150096015,False,False,-0.05697408097239531,False,False,False
154200,0.0418183934607835,1.853370238025422,50.72861106515269,False,False,0.2168556053509576,False,False,False
154260,0.0405119489326406,1.815476051553872,50.95494475214241,False,False,0.15713987260750173,False,False,False
154320,0.0411787304651534,1.765625256321489,50.60420381427782,False,False,0.34085014675747516,False,False,False
154380,0.0401463317841029,1.803918946351915,51.49644261874548,False,False,0.6804101598483641,False,False,False
154440,0.0399414253408129,1.7742193944439837,51.10075022587875,False,False,0.6020085046464914,False,False,False
154500,0.0403050171120647,1.8871692890962444,51.06372246621828,False,False,0.723842275190421,False,False,False
154560,0.0393473386816124,1.8295358138108664,50.12888929259741,False,False,1.0986816630122718,False,False,False
154620,0.0392289798502124,1.836170464729488,51.59550334676601,False,False,0.8770486756660603,False,False,False
154680,0.0410130436457354,1.6559864561862236,50.34651648025763,False,False,1.2245391029945694,False,False,False
154740,0.0410978738742932,1.7963934113432445,51.61904992329399,False,False,0.673456983611544,False,False,False
154800,0.0392071149475301,1.912493391789188,51.7636058896668,False,False,0.4986419126090169,False,False,False
154860,0.040774399043643,1.871610969781981,51.01106628178947,False,False,0.6212575680017949,False,False,False
154920,0.0399304320195151,1.7002571623603038,51.27297421885086,False,False,0.7963148552456971,False,False,False
154980,0.0402718468595923,1.783075005035086,49.21773744288628,False,False,0.47750106215568167,False,False,False
155040,0.040368174911548,1.7351179488403892,50.663925771073096,False,False,0.23000143664499717,False,False,False
155100,0.0407954803744994,1.892399484259595,51.314739453181616,False,False,-0.024799842678774553,False,False,False
155160,0.0400661745614905,1.813191027242899,51.22814142178246,False,False,-0.2625990704047325,False,False,False
155220,0.0411281295962415,1.7585390397745024,50.15825427297904,False,False,-0.36550155630442305,False,False,False
155280,0.0402475302718079,1.8018445289512024,50.62348457649862,False,False,-0.6208687295821136,False,False,False
155340,0.0404993474179756,1.659202261430302,49.504392498235546,False,False,-0.29824686859252836,False,False,False
155400,0.0393333899267702,1.741412089613345,50.98130132532607,False,False,-0.32797853796625986,False,False,False
155460,0.0417269272085638,1.8019679611946209,49.835370359029845,False,False,-0.40329737499266116,False,False,False
155520,0.0403758599385639,1.8456664698964795,51.34450313544061,False,False,-0.34269580816750533,False,False,False
155580,0.040570397940276,1.6951690374877435,51.3728562988091,False,False,-0.4356525332213579,False,False,False
155640,0.0387134513510307,1.779417613384069,50.54654011565072,False,False,-0.07490476081076736,False,False,False
155700,0.0393418383815367,1.8545230298800164,51.04659114248457,False,False,0.27176746749239555,False,False,False
155760,0.0409903069503349,1.7216215204838434,50.67963346963084,False,False,0.017223555125212897,False,False,False
155820,0.040229512894634,1.8123758730783452,50.91136668357209,False,False,0.07496631083620287,False,False,False
155880,0.0384689762121368,1.803562623167724,50.219012428846646,False,False,0.15724464556514306,False,False,False
155940,0.040830631943187,1.892576537299257,51.10611810649175,False,False,-0.0214168493405964,False,False,False
156000,0.0395649737565178,1.7875726455719716,49.97650883416315,False,False,-0.13919196536664913,False,False,False
156060,0.0411290535887013,1.7907335676877465,49.88436602251424,False,False,-0.2993518818926617,False,False,False
156120,0.039929731457117,1.8461678266708927,50.740596599749,False,False,-0.15427000094808818,False,False,False
156180,0.0401637653488164,1.7283771719253354,50.698168772680425,False,False,-0.2421666231339259,False,False,False
156240,0.0409431636628733,1.7880723068462536,50.9421709321655,False,False,-0.187364802383172,False,False,False
156300,0.0392820056233162,1.7753908494146124,50.48349597617504,False,False,-0.4839650526260897,False,False,False
156360,0.0392057225537328,1.7924987621139246,51.75332520858956,False,False,-0.42209519880452717,False,False,False
156420,0.0398428012636815,1.8458139482439933,50.893011524790055,False,False,-0.1882654382454234,False,False,False
156480,0.0406617382396969,1.8299247201944373,50.931379573762015,False,False,-0.26116558871537165,False,False,False
156540,0.0389352981979092,1.7595711553394515,50.91578527761099,False,False,0.2937574937112828,False,False,False
156600,0.0386655723200887,1.8073817569796693,51.32085292778508,False,False,0.1758900567196804,False,False,False
156660,0.040658976741635,1.880483847161428,51.10963635495684,False,False,0.01641195209919033,False,False,False
156720,0.0395176173499463,1.7551062522649457,51.04486625197231,False,False,-0.39515420603939333,False,False,False
156780,0.0396862191896637,1.8078390061414389,51.19407900895454,False,False,-0.13907296968099558,False,False,False
156840,0.0385145516784478,1.789569323445314,49.91600929240171,False,False,-0.15531447356886474,False,False,False
156900,0.0394568165485184,1.796597729144814,49.93712244003598,False,False,0.2543546227276039,False,False,False
156960,0.039993946162695,1.7119444883985324,50.79474654708172,False,False,0.37317035095351514,False,False,False
157020,0.0407443022860983,1.876181194132859,50.73616863279506,False,False,0.4306075759079704,False,False,False
157080,0.0393830158670122,1.7581849973520385,51.12714015056368,False,False,0.3754848543854763,False,False,False
157140,0.041325900896186,1.8554078863882908,50.8494733340349,False,False,-0.25878369227430653,False,False,False
157200,0.0394523551806561,1.7664456631654344,51.13262700457382,False,False,-0.009699995240836756,False,False,False
157260,0.0394535265587318,1.766222748797629,50.22112655696963,False,False,0.03924523652796097,False,False,False
157320,0.0412298860415182,1.8655086555251352,50.8407815609495,False,False,0.1958430201496526,False,False,False
157380,0.0401691681218911,1.853669768587808,50.17785513157852,False,False,-0.07745270298335072,False,False,False
157440,0.0395583802167907,1.8112679585440552,51.044042122146685,False,False,-0.08843272837280836,False,False,False
157500,0.0398758934950555,1.8411021296895411,49.91370028818289,False,False,-0.316827462290334,False,False,False
157560,0.0410824588620336,1.7844181498661544,51.02922751303856,False,False,-0.1468581498362056,False,False,False
157620,0.0411729622557005,1.79954814810318,50.12280242772312,False,False,-0.19220446914224,False,False,False
157680,0.0393465654565838,1.764272282806954,50.66776787596435,False,False,-0.13312878062532718,False,False,False
157740,0.0399660529519367,1.848819507262214,51.30922527270344,False,False,-0.009764145344348663,False,False,False
157800,0.040072125462134,1.762555680116963,50.9776810756816,False,False,-0.29259264323783896,False,False,False
157860,0.0392110079115867,1.880198442626644,50.0433906239238,False,False,0.0240805206809398,False,False,False
157920,0.03995545195788,1.7829449549107297,50.53225346784251,False,False,-0.16499969380174662,False,False,False
157980,0.0400042582883613,1.801107462456882,50.11999078185469,False,False,0.034091176923084276,False,False,False
158040,0.0409121675831493,1.840971313115334,50.02553044919406,False,False,-0.005307482442731271,False,False,False
158100,0.0409659400226489,1.8012886787442377,50.93397094146721,False,False,-0.05346546209293024,False,False,False
158160,0.0397366324813127,1.7839129510285934,51.157518179583846,False,False,-0.3679519927450201,False,False,False
158220,0.0398288374849113,1.7983787338183426,51.0999016225652,False,False,-0.5512876607602095,False,False,False
158280,0.0405314338416445,1.8482661910921097,51.183141724050806,False,False,-0.5844508651033777,False,False,False
158340,0.0395318492408583,1.764205980004618,50.87810254557159,False,False,-0.6611705895359989,False,False,False
158400,0.0404709121213899,1.7931832016072438,50.74959251604308,False,False,-0.36651965552829324,False,False,False
158460,0.0399296748101046,1.8005554832762236,50.35198261629047,False,False,-0.2556592700629352,False,False,False
158520,0.0392244811378091,1.8466876005584936,50.67070709834995,False,False,-0.12729467206433753,False,False,False
158580,0.0392345306296962,1.7946083498109424,50.23230239596568,False,False,0.1709454268596886,False,False,False
158640,0.0411576469568248,1.897648151102661,50.47262347946887,False,False,-0.0585896209319543,False,False,False
158700,0.0398748628166853,1.7915469168033848,50.94189933265492,False,False,-0.05218671040421441,False,False,False
158760,0.0413122832751186,1.787165083526115,50.840762508069,False,False,-0.12511640620020614,False,False,False
158820,0.039589090991428,1.7907642654326426,52.43425922519042,False,False,0.12557320731362154,False,False,False
158880,0.0402329641609051,1.7289013628524674,50.231227061894096,False,False,0.18014810328882902,False,False,False
158940,0.0419141413784145,1.744016750275031,50.84380515463428,False,False,0.6044750287271086,False,False,False
159000,0.0391540906042693,1.771343987954089,50.19671811385187,False,False,0.42287767037615254,False,False,False
159060,0.0384817484000801,1.861334811837907,50.71692088587233,False,False,0.4039967625044767,False,False,False
159120,0.0410292721050297,1.7982111927944515,50.73949688720327,False,False,0.3303086906271204,False,False,False
159180,0.0393385527156855,1.773829213760752,51.33771314578101,False,False,0.010863262253451467,False,False,False
159240,0.039983434908715,1.866232876262756,50.692669517459045,False,False,0.17656634855163134,False,False,False
159300,0.0395312654316387,1.8837635651761824,50.82407264144349,False,False,0.06339147019984637,False,False,False
159360,0.0402145302247642,1.8677906528890191,50.70680311463903,False,False,0.24859576424644558,False,False,False
159420,0.0392395710342514,1.7539331401493017,50.2236658782501,False,False,0.38327557598222484,False,False,False
159480,0.0398560479296933,1.7732565745095423,50.60037021878572,False,False,0.46069017065117635,False,False,False
159540,0.0403598522612452,1.8979417477969949,50.73768270154393,False,False,0.3670167203816135,False,False,False
159600,0.0391933528909805,1.8130215433680013,50.9677936551926,False,False,0.44806370185237654,False,False,False
159660,0.0394399327762832,1.7855481384956118,51.21258401150539,False,False,0.32157429173389573,False,False,False
159720,0.0397220937331211,1.8387907899118647,50.81804176744103,False,False,0.2738174747641864,False,False,False
159780,0.0388569476526189,1.8543941496373384,50.81148154470944,False,False,0.2976744428316067,False,False,False
159840,0.039661951213761,1.7691417231698738,50.07939275186016,False,False,0.3959132139861907,False,False,False
159900,0.0400950372319223,1.8118497577654764,51.21189624413542,False,False,0.5059992370587594,False,False,False
159960,0.0396803608467292,1.8500342437377213,50.596309696335794,False,False,0.44636254137638787,False,False,False
160020,0.0397828988056546,1.737344494118168,51.32004991342927,False,False,0.3315388616790642,False,False,False
160080,0.0399840786632747,1.8006666547010115,51.606937922645045,False,False,0.3666372951576733,False,False,False
160140,0.0394754052300541,1.7398229587352614,50.85699008977501,False,False,0.3422999074160913,False,False,False
160200,0.0405528500526935,1.7468866531659522,50.441521617142136,False,False,0.3730180850790248,False,False,False
160260,0.0411487824998414,1.7695925958160637,50.947057605385496,False,False,0.37827148499273733,False,False,False
160320,0.0396284956862436,1.8257644550454917,51.13198756534154,False,False,0.5654295442872552,False,False,False
160380,0.0403881585851821,1.7826107780535407,50.80210622011242,False,False,0.19367604471366917,False,False,False
160440,0.0398083062756522,1.7649854212517062,50.680076670449694,False,False,0.09146767464062577,False,False,False
160500,0.0402923898760308,1.802783946419548,51.24609163489163,False,False,0.16721578284249006,False,False,False
160560,0.0412526236249626,1.7380640126736129,51.21534432129359,False,False,0.3078483808203174,False,False,False
160620,0.0404069276344144,1.8231553737630315,50.79564001818648,False,False,0.26242400455673476,False,False,False
160680,0.0385812683689522,1.8610948851457487,50.14398141012328,False,False,0.23337087895924924,False,False,False
160740,0.0403631965051575,1.7957229817866474,51.201433239846914,False,False,-0.14059470477627656,False,False,False
160800,0.0409862909946472,1.789056954361789,50.59181020484007,False,False,-0.11563259418809935,False,False,False
160860,0.0398227230640015,1.8201657790736407,51.08487399364948,False,False,-0.09250791567096428,False,False,False
160920,0.0407965078448942,1.6904626513830967,51.05551172620741,False,False,-0.04729931411620214,False,False,False
160980,0.0394479075670784,1.8289881426562848,50.037689051250126,False,False,0.4456442032213346,False,False,False
161040,0.0388115686723821,1.9675018334022227,51.024933261380816,False,False,0.34396289278126346,False,False,False
161100,0.0401129352150661,1.793375484059805,51.24388833626582,False,False,0.4517169798871805,False,False,False
161160,0.0385948186234029,1.793567248179318,51.307427935637406,False,False,0.41979616652456286,False,False,False
161220,0.0398081831896851,1.8401547780053829,51.04976425793389,False,False,0.1833568097310092,False,False,False
161280,0.0410294738101164,1.88884796408269,50.0047180148145,False,False,0.0782151153068611,False,False,False
161340,0.0384721896754029,1.8526482635994432,51.63408122228618,False,False,0.3999379079620269,False,False,False
161400,0.0389764025632688,1.6835972285564884,51.20328167936772,False,False,0.5869228207776018,False,False,False
161460,0.0391743742038707,1.8304235372337885,50.39834033531477,False,False,0.4135678708741324,False,False,False
161520,0.0399493441122312,1.9388842278430505,50.60834813432443,False,False,0.458963162548784,False,False,False
161580,0.039707426571483,1.8336118165250117,51.1200714134544,False,False,0.0531324063004206,False,False,False
161640,0.0411193091053568,1.7376514966833256,51.34658105985983,False,False,-0.05024912237871604,False,False,False
161700,0.0407634786632733,1.815218799718605,50.76493718944042,False,False,-0.40379579842065993,False,False,False
161760,0.0403962183568548,1.7308428884275824,51.42391097570737,False,False,-0.42492486304468,False,False,False
161820,0.0401165042514751,1.8665713992205184,50.11699451187132,False,False,-0.09622062162210909,False,False,False
161880,0.0403145838215878,1.748382340246492,50.49437807527808,False,False,0.1300060550793063,False,False,False
161940,0.0393104141157493,1.804009156273369,49.9856552303075,False,False,0.13667705469941893,False,False,False
162000,0.0406857682828452,1.7536798798924402,50.57136431819726,False,False,-0.11082176026802415,False,False,False
162060,0.0391103645965126,1.7704918048924083,51.77633513630772,False,False,-0.0865692340624662,False,False,False
162120,0.0406683015951217,1.8802521348764667,52.053427315731945,False,False,-0.24113540190148797,False,False,False
162180,0.040948914001695,1.80558668690426,51.14405108695803,False,False,-0.10881551629967134,False,False,False
162240,0.0401686916816704,1.7698030664188111,50.709770903612096,False,False,0.23523107852307135,False,False,False
162300,0.0398590295528304,1.738157689572117,50.92039521122447,False,False,0.520727465745054,False,False,False
162360,0.0403202479266477,1.6989281197344306,51.27011476147002,False,False,0.4802985643667341,False,False,False
162420,0.0377107853039194,1.732430845789775,50.25418404463754,False,False,0.23148438714051167,False,False,False
162480,0.0402418065747883,1.8060457990379968,50.75165453687004,False,False,0.04677800591407788,False,False,False
162540,0.0399093168017281,1.852932623511024,51.75758031648934,False,False,0.20897592762109696,False,False,False
162600,0.0399594975095544,1.7697410194092011,50.5195083990036,False,False,0.14580643434892693,False,False,False
162660,0.0405652260103182,1.884809354438827,50.67008063844058,False,False,0.18056683129151452,False,False,False
162720,0.0399401848627482,1.7612549771996755,51.05341957046564,False,False,0.18006938152052498,False,False,False
162780,0.039087834514679,1.7871473669644866,51.19062352663085,False,False,0.48614710991844845,False,False,False
162840,0.0398868778633397,1.7417028571017883,50.73878002818231,False,False,0.5630845774419839,False,False,False
162900,0.0400540443872646,1.853501133666664,51.0919938973116,False,False,0.3333952507821749,False,False,False
162960,0.0400919471292648,1.9132655731584067,51.359711126958906,False,False,0.47287650621456123,False,False,False
163020,0.040129535493828,1.7048618841094454,52.03869692637458,False,False,0.6346284507849873,False,False,False
163080,0.0408314952359348,1.7813072482937264,50.99707847917893,False,False,0.594765809094369,False,False,False
163140,0.0391311723575726,1.868298111740702,51.04178166562961,False,False,0.37945931707606917,False,False,False
163200,0.0401405603649318,1.7218649418430176,51.82838615069321,False,False,0.4897069733161459,False,False,False
163260,0.0410319437588945,1.8306009309764384,50.79230670295797,False,False,0.6183647866831308,False,False,False
163320,0.0386123108024502,1.865959498811209,50.406942770129504,False,False,0.5290319683476099,False,False,False
163380,0.040143717344624,1.804224355975269,51.19647342874364,False,False,0.3790607066774072,False,False,False
163440,0.0395316971984215,1.8297142058307672,51.61166610786169,False,False,0.2923755168084483,False,False,False
163500,0.0397034316924215,1.8950887288508909,51.25633181732113,False,False,0.7539652481770247,False,False,False
163560,0.0392761539974284,1.905215033921462,51.02953007535124,False,False,0.6086510864663808,False,False,False
163620,0.0398643594274396,1.796653770496138,50.35607087196101,False,False,0.36795330352441624,False,False,False
163680,0.0414730044915415,1.7712515961378414,51.05331259029781,False,False,0.17708360611040064,False,False,False
163740,0.0389884557110582,1.7503210740020203,51.70130433049373,False,False,0.08195162558715197,False,False,False
163800,0.0390643119980169,1.8527560641231504,50.46989798096952,False,False,0.1309477635869456,False,False,False
163860,0.0389584523438691,1.7259241198792878,50.96681258924106,False,False,0.11254127864290808,False,False,False
163920,0.0413819346293024,1.786361001948475,50.89767346446709,False,False,0.2007440865315715,False,False,False
163980,0.0396301282355829,1.8055452476315408,50.74479319963096,False,False,0.2249238497374364,False,False,False
164040,0.0399794887517218,1.7728378643131872,51.21983664161291,False,False,0.019166421319653182,False,False,False
164100,0.039677773647115,1.8151102943110329,51.31975741438497,False,False,-0.42783593608812964,False,False,False
164160,0.0392444616972775,1.938483719187809,51.316747900557246,False,False,-0.3401856394366263,False,False,False
164220,0.0398118794827084,1.7934336761212868,50.61415922075654,False,False,0.09383052429295446,False,False,False
164280,0.0419665948845892,1.7764880961189211,50.28180190980083,False,False,0.5254908249706602,False,False,False
164340,0.0411136567367794,1.85482791851662,51.2382176296366,False,False,0.7894750823466126,False,False,False
164400,0.0393176497457661,1.8129375167838584,50.85629354503348,False,False,0.6693291756843394,False,False,False
164460,0.0405180592824493,1.8777241316454143,52.03063891002176,False,False,0.6520751318226559,False,False,False
164520,0.0393347817818669,1.8088931314702648,52.05596722258941,False,False,0.6824277287778102,False,False,False
164580,0.038578905888923,1.786585146769564,52.11128692618352,False,False,0.5035008609534941,False,False,False
164640,0.0408156087341317,1.7036788560428942,50.64811623287172,False,False,0.5880339563128274,False,False,False
164700,0.0409280742773148,1.7125343265341662,51.40508588116369,False,False,0.837330641935381,False,False,False
164760,0.0408368418008383,1.7008722707169366,51.55810725082195,False,False,0.6306538031895172,False,False,False
164820,0.0396241078006243,1.820484314979349,51.504037763371976,False,False,0.4396472736180499,False,False,False
164880,0.0398665794127984,1.7264385280871573,50.94989132890641,False,False,0.23116762771319088,False,False,False
164940,0.0405998124429265,1.8678011777596468,51.76890240688957,False,False,0.09986447361545459,False,False,False
165000,0.0403131968298784,1.8016333145022216,51.13178710299374,False,False,-0.0022835147670576816,False,False,False
165060,0.0396850900229623,1.78681390636851,51.19783232668177,False,False,-0.04115081242598251,False,False,False
165120,0.0387047425439054,1.7544318259389655,50.36709219272904,False,False,-0.03423917504200347,False,False,False
165180,0.0400911001553136,1.8336019724065915,51.46062105780768,False,False,0.24900357895978686,False,False,False
165240,0.0408632077113888,1.75655711774471,51.01026237063854,False,False,0.27308450271587503,False,False,False
165300,0.0390419293687726,1.7467895877802264,51.37508731287858,False,False,0.0963827617196813,False,False,False
165360,0.0405110075053407,1.8641708957126888,51.26248438613419,False,False,0.35260295214639825,False,False,False
165420,0.0402652333561069,1.8191495426818516,51.23762547896734,False,False,0.1638307292580805,False,False,False
165480,0.0406001186105858,1.7873138108745934,51.12653005880568,False,False,0.28082280501281787,False,False,False
165540,0.0406975803997752,1.8346373811756207,51.54491636677282,False,False,0.23024111019401516,False,False,False
165600,0.0394444278064597,1.8004823211479777,51.05439988540362,False,False,0.20668129933993384,False,False,False
165660,0.038706432479868,1.820682710124391,50.42847709852323,False,False,0.0497532691099849,False,False,False
165720,0.0395731843794536,1.7558902132717256,51.442783265840255,False,False,0.0015908808311593248,False,False,False
165780,0.0407113018540216,1.9118015248811735,50.75603235460103,False,False,-0.0733130180966981,False,False,False
165840,0.0395663968771792,1.768700521745484,50.50063385011936,False,False,-0.12324851891078481,False,False,False
165900,0.0394447653409138,1.884024881655299,50.65387275879269,False,False,-0.14319743770353455,False,False,False
165960,0.0385429197264602,1.7898010821375585,51.30889026994602,False,False,-0.07920486552320938,False,False,False
166020,0.0414021180436407,1.843583244245368,51.1211943331237,False,False,-0.18712064602024725,False,False,False
166080,0.0406605709131402,1.8396480689474115,50.10534187423827,False,False,-0.4877633048177188,False,False,False
166140,0.0406159167850198,1.8619299947781025,50.98208507195192,False,False,-0.5714030450972132,False,False,False
166200,0.0407741803094235,1.7546063198131363,51.76075831036921,False,False,-0.24062454445318338,False,False,False
166260,0.0404613666892347,1.8580843116690584,50.95272451681871,False,False,-0.04883148682236538,False,False,False
166320,0.0398045369158563,1.8997077519492176,51.09786372997517,False,False,-0.39823264700922323,False,False,False
166380,0.0398689887167022,1.7860305791209397,51.7043273797561,False,False,-0.38874486257148533,False,False,False
166440,0.0396579485083263,1.801874127625675,51.58280594459837,False,False,-0.24099509107539063,False,False,False
166500,0.042107792603532,1.7717338813060717,51.69816651372552,False,False,-0.05815950201116493,False,False,False
166560,0.0404447296250395,1.781292442382005,49.80324381927638,False,False,-0.30395463037098125,False,False,False
166620,0.0396289596469188,1.8924168311423544,52.058511797927856,False,False,-0.2641494983674306,False,False,False
166680,0.040372397419333,1.745771335588969,51.512180150824335,False,False,0.09535431742706635,False,False,False
166740,0.0391913048657149,1.7491255836200583,52.42694779452601,False,False,0.09811042320094998,False,False,False
166800,0.0412036053748713,1.8869886505663764,50.80727622653036,False,False,0.01595797699573609,False,False,False
166860,0.0394711447233542,1.833725614997972,50.31894359349661,False,False,0.0317347251533846,False,False,False
166920,0.0404008683460979,1.914499993448296,51.206507779087225,False,False,0.3638445534154613,False,False,False
166980,0.0408527821037945,1.775676313557404,51.06744204024962,False,False,0.2241632106780571,False,False,False
167040,0.040307814835364,1.8068191814108288,51.53418985133919,False,False,0.18192671191414433,False,False,False
167100,0.0400755759934557,1.7643234450363223,51.74705168622852,False,False,-0.04059727922701484,False,False,False
167160,0.0400086416678848,1.807738263106976,51.16817009589916,False,False,0.023573866085882855,False,False,False
167220,0.0399548471224903,1.7041987783466477,51.09369279983611,False,False,0.46196277495712934,False,False,False
167280,0.039538641208858,1.8369875460593703,51.47763638690411,False,False,0.3765398091598797,False,False,False
167340,0.0396404132561842,1.8174676005085864,51.09034179870336,False,False,0.6578507159703832,False,False,False
167400,0.0411836722989207,1.7968920482268405,51.05074473550478,False,False,0.6820463592473089,False,False,False
167460,0.0399131706938518,1.7789203264716182,51.74153290969439,False,False,0.5092768456376717,False,False,False
167520,0.0393713629844937,1.7516832846821226,51.85508402321209,False,False,0.4983637835310901,False,False,False
167580,0.0395869619225107,1.8392964972497687,51.769407871095424,False,False,0.4743821248205222,False,False,False
167640,0.0408802965445577,1.736761140772016,51.145539547204685,False,False,0.6178345866884882,False,False,False
167700,0.0405404853065315,1.827642379250659,50.161989564094426,False,False,0.6933839317572676,False,False,False
167760,0.0404482633425858,1.9120203753197107,51.16001066917816,False,False,0.5884957801144282,False,False,False
167820,0.0397939830408721,1.880218160386792,50.857353360439625,False,False,0.2804645484717696,False,False,False
167880,0.0404586899761383,1.7187230910957847,51.17371051167642,False,False,0.09985823508972658,False,False,False
167940,0.0394851511000394,1.7710161447414616,50.90525722922648,False,False,-0.07146893726337566,False,False,False
168000,0.0397923087749233,1.8227583399899885,51.23266240225605,False,False,-0.36358683741624986,False,False,False
168060,0.0407758435899133,1.7962047762112252,50.72562416977664,False,False,-0.35397421829472364,False,False,False
168120,0.0406994221431352,1.724432091212749,50.6071329204368,False,False,0.061886473945889975,False,False,False
168180,0.0392144721232393,1.8208070613795688,51.861067034485,False,False,0.046110703682856524,False,False,False
168240,0.0393155788376731,1.79945908766372,50.76712214091929,False,False,-0.1383403204346223,False,False,False
168300,0.0400869617222507,1.9033735720646043,51.25434641463487,False,False,-0.32545781542037844,False,False,False
168360,0.0413809058997356,1.786325650058658,51.73366767971167,False,False,-0.05582777344523038,False,False,False
168420,0.0384675478684248,1.863072182807636,51.71579197392861,False,False,0.31662409621009147,False,False,False
168480,0.0402226663516564,1.7315772262309814,51.65829366767507,False,False,0.46992859826617916,False,False,False
168540,0.0388991653347414,1.7444874979135887,51.41453247687173,False,False,0.29577559203612225,False,False,False
168600,0.0394925352051795,1.8389697458297125,51.62733052829295,False,False,0.35407056021684014,False,False,False
168660,0.0397084572655486,1.8585214621527983,51.95410259473117,False,False,0.418356679169932,False,False,False
168720,0.0396635933252504,1.748300792791983,51.48229947982935,False,False,-0.008330345378681159,False,False,False
168780,0.0395729632482726,1.8013001799501314,50.35341666382814,False,False,0.2596729643697131,False,False,False
168840,0.0400057656483011,1.72539472462943,51.00998088856375,False,False,0.18523822265269985,False,False,False
168900,0.0395717955466955,1.7902141293795042,51.6246621819034,False,False,0.43525695631014116,False,False,False
168960,0.0388300340921166,1.8451938304237028,50.96515883359123,False,False,0.43109665235890304,False,False,False
169020,0.0406238956900182,1.7765122410466485,52.090989524578816,False,False,-0.004555705065058646,False,False,False
169080,0.0406022977337191,1.786552125879035,51.251576195169854,False,False,-0.15468620090962304,False,False,False
169140,0.0406745394480181,1.7389910484920132,51.328020149336346,False,False,-0.016987475190362034,False,False,False
169200,0.0387674124029887,1.764988645664254,51.84999751751107,False,False,-0.02917184652466176,False,False,False
169260,0.0402391345220673,1.8949379894755745,51.19843012380912,False,False,0.19413306329833802,False,False,False
169320,0.0405407830846455,1.8039379441527248,51.38022324473143,False,False,0.3458491803585275,False,False,False
169380,0.0391750383452483,1.7458753806008678,51.74387612327046,False,False,0.2421257779333672,False,False,False
169440,0.0400073385985457,1.7830023147044285,50.56040872775763,False,False,0.4604216258104117,False,False,False
169500,0.0399069866837517,1.7137389084570056,51.15612460888426,False,False,0.33578063555829374,False,False,False
169560,0.0414737205268546,1.7452353766244286,51.715579992171165,False,False,0.02238181433038733,False,False,False
169620,0.04153959682961,1.8734583459085088,51.33603307305647,False,False,0.3252765125142787,False,False,False
169680,0.0386685148853358,1.7923059490831237,52.039129559327485,False,False,0.6482790597969199,False,False,False
169740,0.0419951416045823,1.902099429509465,50.51973062859885,False,False,0.5251691868430441,False,False,False
169800,0.0392678194230773,1.794851216721213,50.46492107812281,False,False,0.7925784784952157,False,False,False
169860,0.0407845386354619,1.7980571504056593,51.6969948748108,False,False,0.6816169311961318,False,False,False
169920,0.0407763983846909,1.8346082845612748,51.7472848783694,False,False,0.40704318777349613,False,False,False
169980,0.0392034478185265,1.6556802705601523,51.21998592189066,False,False,0.1625699215436356,False,False,False
170040,0.0403946142350712,1.811066723477293,51.51903777973301,False,False,-0.057648164136836044,False,False,False
170100,0.0399139730045871,1.7973547296447083,51.69367372292942,False,False,0.09295732694931758,False,False,False
170160,0.0404434640037059,1.880246100249818,50.9163682855914,False,False,0.07088749470784705,False,False,False
170220,0.0401845378419045,1.8520926872848356,50.9721053553962,False,False,-0.26711229633167477,False,False,False
170280,0.0409570715882962,1.738780648980473,51.422622286923726,False,False,-0.5486906840667558,False,False,False
170340,0.0400603196345168,1.8670754854058893,51.782033331674846,False,False,-0.1815803899408195,False,False,False
170400,0.0398657007444589,1.7858350156186262,50.74924004295256,False,False,-0.2666021076679925,False,False,False
170460,0.0408768513864457,1.7511595257800137,51.235474344567606,False,False,-0.4653150084580062,False,False,False
170520,0.0404643167718868,1.810643575547045,51.21455949908646,False,False,-0.10091103176587524,False,False,False
170580,0.0405854507154567,1.789050454794154,51.54788702186364,False,False,-0.1547321437459459,False,False,False
170640,0.0394683306621931,1.8830771269575404,51.3367879387414,False,False,-0.11711159465976095,False,False,False
170700,0.0391637897748812,1.8183935895385253,51.07042498624796,False,False,-0.344908479926886,False,False,False
170760,0.0395458222853978,1.8111055817278443,51.96987932293165,False,False,-0.3397494640121863,False,False,False
170820,0.0395033428914555,1.8486349424741937,51.07819734614611,False,False,-0.11275329019321134,False,False,False
170880,0.0406289594149223,1.8590150673770065,51.20400755984936,False,False,-0.031394875560579294,False,False,False
170940,0.0407807872402352,1.8423146750920545,50.55653657780385,False,False,-0.2868716701395897,False,False,False
171000,0.039875895768374,1.876651027532008,50.99770211174428,False,False,-0.1365298635757881,False,False,False
171060,0.0411447352150594,1.8328688502973447,51.61478274274032,False,False,0.22499672184495978,False,False,False
171120,0.0410947755150121,1.809053179095242,51.51927533715179,False,False,-0.12027066188429103,False,False,False
171180,0.0401947191331204,1.8669152913527536,51.66096250841081,False,False,-0.0728366889541121,False,False,False
171240,0.0393424865827655,1.7950916084355646,51.638924810754325,False,False,-0.30173371628349344,False,False,False
171300,0.0412603013195484,1.801795311882612,52.40952034033264,False,False,-0.046831923320041824,False,False,False
171360,0.0399511861191772,1.8929651535340333,50.993963562865176,False,False,0.20857256738763397,False,False,False
171420,0.0401009321571447,1.8875839029095824,50.5604107592748,False,False,0.07107740312500255,False,False,False
171480,0.0397283159795147,1.7995585064261406,50.84707578736,False,False,0.09532968012477738,False,False,False
171540,0.0392881677389622,1.7755082148254968,51.02275602188354,False,False,0.2985812374982828,False,False,False
171600,0.0388250884557477,1.8790113690112589,50.889648125894446,False,False,0.10664735750042098,False,False,False
171660,0.0405062946588458,1.8432225913274216,51.4258716724289,False,False,0.008952661414426188,False,False,False
171720,0.0393732791568827,1.8170413877266576,52.00759835578855,False,False,0.21240288862554735,False,False,False
171780,0.0424476249831974,1.782618873649743,52.15333009389855,False,False,0.28833821110798397,False,False,False
171840,0.03913114113391,1.817911615250588,51.63788446274047,False,False,0.626472080791828,False,False,False
171900,0.0389940940200149,1.7988277431660642,52.45859597394774,False,False,0.2649765933919923,False,False,False
171960,0.0404081109724907,1.7641257383030582,51.21200299234109,False,False,0.23450450062495065,False,False,False
172020,0.0412234507831738,1.8069682857437108,50.576159654026654,False,False,0.37391305395848917,False,False,False
172080,0.0400516717255545,1.8143328984645388,51.92123786337552,False,False,0.3494138000616118,False,False,False
172140,0.0404577939361498,1.7797286663863077,50.47758128796047,False,False,0.1152317052900429,False,False,False
172200,0.038525162066033,1.848806587184914,51.02160662688867,False,False,-0.012368871171176465,False,False,False
172260,0.0,1.8695969491847932,51.66139390885353,True,False,-0.09846727551649792,False,True,True
172320,0.0,1.8523744754573923,51.35237670702132,True,False,-0.16870661964698286,False,True,True
172380,0.0,1.7850825871984444,51.31032072001352,True,False,-0.020217013135976458,False,True,True
172440,0.0,1.840814361226172,50.817631739442845,True,False,-0.1603751536668767,False,True,True
172500,0.0,1.8042099154628424,51.40485521553974,True,False,0.1482890990296255,False,True,True
172560,0.0,1.7332697171574387,51.91431730902888,True,False,0.09759683805282293,False,True,True
172620,0.0,1.8363273864388785,51.42469967733155,True,False,0.013416619224585702,False,True,True
172680,0.0,1.8078911086116756,51.00183243364658,True,False,0.0015311346595012765,False,True,True
172740,0.0,1.9400515921117427,50.795405797572016,True,False,-0.0775800876152033,False,True,True
172800,0.0,1.8786926266170425,51.01660739079646,True,False,-0.23654509212687458,False,True,True
172860,0.0407150389967483,1.8384021084744644,51.619801212884994,False,False,-0.45682333882611204,False,False,False
172920,0.0406019069861701,1.8134552070695615,51.59766512226123,False,False,-0.4473178667770128,False,False,False
172980,0.0409126502314891,1.808841001773133,51.02784009518712,False,False,-0.2723917843476755,False,False,False
173040,0.0399984652799927,1.7458007722038122,50.32494358889748,False,False,-0.18913449729134868,False,False,False
173100,0.0402427735206533,1.7060946897312048,51.642559336128166,False,False,-0.25195527660741845,False,False,False
173160,0.0404092109615353,1.7528818081095956,50.98592890920803,False,False,-0.12960852160880165,False,False,False
173220,0.0401133253579128,1.797423281018797,51.78154350260686,False,False,0.10916954902184273,False,False,False
173280,0.0396822445520663,1.6863008789767149,51.06118709643891,False,False,0.05650702697732868,False,False,False
173340,0.0397340459725281,1.7706066232172717,50.94752134507145,False,False,0.0561654586670528,False,False,False
173400,0.039345953281336,1.786628896211281,51.520287179939714,False,False,0.3177939329132613,False,False,False
173460,0.0403372934639278,1.7883669661117854,52.62478049572668,False,False,0.09532525248160084,False,False,False
173520,0.0399247878607318,1.7642669256978405,51.82267553067534,False,False,0.0337133782158503,False,False,False
173580,0.0394694609994905,1.7815582540234045,51.51849983912355,False,False,-0.28497622633362596,False,False,False
173640,0.0394702041445403,1.8930902667186889,51.63204561211467,False,False,-0.24675097905917198,False,False,False
173700,0.0390316810177737,1.8357558452004925,50.57929156758496,False,False,0.11827192481513293,False,False,False
173760,0.0407830730729897,1.7697437580475,50.89590896735505,False,False,0.12030419531892278,False,False,False
173820,0.0400628941356254,1.796309219428454,50.20384437461133,False,False,-0.14459935585307448,False,False,False
173880,0.0393097599843413,1.7984710798747776,52.32647540882677,False,False,-0.2391577166538923,False,False,False
173940,0.0406468381996816,1.7585304065780318,52.22746113051991,False,False,-0.10164845901540787,False,False,False
174000,0.0395516409521645,1.758466968241832,51.66240703345305,False,False,0.21021542865352671,False,False,False
174060,0.0388747994983902,1.8545682970976425,51.53578497629127,False,False,0.6136760751104049,False,False,False
174120,0.0408169778313753,1.777331643614092,50.69466207790394,False,False,0.5334419110340605,False,False,False
174180,0.0395703224083471,1.740886395100333,51.36303675343096,False,False,0.44347903568454683,False,False,False
174240,0.0396728807278329,1.79767042142025,52.37111232716181,False,False,0.5968626137528759,False,False,False
174300,0.0400329440162793,1.8063725266689727,51.5428540414613,False,False,0.3780100376193758,False,False,False
174360,0.040914071378232,1.693473971893533,51.19705246366105,False,False,0.16851395568720307,False,False,False
174420,0.040016029832693,1.7977996966778715,50.60257002116876,False,False,0.0753537251724481,False,False,False
174480,0.0390407062990838,1.846870916454806,52.173987869439536,False,False,0.05816054944554594,False,False,False
174540,0.0404351016032897,1.824366386818179,51.45102275946388,False,False,0.12787162667181917,False,False,False
174600,0.0396120082205906,1.9204089362205288,50.609927387699855,False,False,0.072363274708934,False,False,False
174660,0.0415103391772235,1.8675599120448576,51.028391127749074,False,False,-0.03418154684905517,False,False,False
174720,0.0399991042224016,1.878242437336546,50.85398461450934,False,False,0.2901247481921416,False,False,False
174780,0.038211971601681,1.9512046405393737,51.42911151473599,False,False,0.4069025819918437,False,False,False
174840,0.0402858919777245,1.8409404381358283,51.60088241680195,False,False,0.36769162399461663,False,False,False
174900,0.0415556782338081,1.808805791228366,51.24783405425984,False,False,0.3130167955965817,False,False,False
174960,0.0412607362308363,1.852581975845292,51.89019553904612,False,False,0.6969460911124656,False,False,False
175020,0.0414647634310052,1.7698012325966703,51.54330301544246,False,False,0.5363872392110096,False,False,False
175080,0.0391841918516948,1.8058150612527284,52.03728774224588,False,False,0.5332652688955193,False,False,False
175140,0.0407297219167814,1.7650227072737712,51.32976416497301,False,False,0.3501369264770062,False,False,False
175200,0.0394224043682106,1.821491166108396,53.03325365442252,False,False,0.051347861023984365,False,False,False
175260,0.0401794315195335,1.7647969092469298,51.23057615108353,False,False,0.14682882088104066,False,False,False
175320,0.0389816380570082,1.7629058610074673,51.06338517134615,False,False,0.12104374279284968,False,False,False
175380,0.0394844353880938,1.8223275578276967,51.00412954657977,False,False,0.24263227619536565,False,False,False
175440,0.0394590026421091,1.7925635821978494,51.41403911275407,False,False,-0.09603022359655711,False,False,False
175500,0.040718844224114,1.6959138586712956,50.66197108500189,False,False,-0.44696463848066514,False,False,False
175560,0.0406405752973357,1.7213999262491473,51.671250206752255,False,False,-0.8135912003153152,False,False,False
175620,0.0402214557834646,1.738047609461081,50.57354655445951,False,False,-0.474429875360471,False,False,False
175680,0.0389196628655556,1.7523195170698451,51.6092635556741,False,False,0.07636889156417226,False,False,False
175740,0.0397506884528402,1.8223788597918464,50.85503187600087,False,False,0.10675082044126327,False,False,False
175800,0.0394031068136458,1.8118226977418683,51.342240698762566,False,False,-0.03054088604821459,False,False,False
175860,0.0406957406053555,1.8575250860717567,51.83738725642237,False,False,-0.11921633040732615,False,False,False
175920,0.0409425478822537,1.840651298438856,52.68936555319793,False,False,-0.29142903750026505,False,False,False
175980,0.0408451084688247,1.857882759633864,51.00057610527274,False,False,-0.24768181404508027,False,False,False
176040,0.0393958244644663,1.8328533943387928,51.466647295353695,False,False,-0.14648544220253257,False,False,False
176100,0.0378083735021684,1.8113226826909403,51.18215633708269,False,False,0.09958112880241288,False,False,False
176160,0.0385864304814959,1.8593649940835333,51.11133016759362,False,False,0.5775969773252854,False,False,False
176220,0.0411373015824657,1.8496482907539653,51.19100831829282,False,False,0.6646789415170815,False,False,False
176280,0.0396789960485441,1.820309149847916,51.962757875499626,False,False,0.30586890849811255,False,False,False
176340,0.0393994203053879,1.868637881026448,51.30892635996954,False,False,0.3682427989078434,False,False,False
176400,0.0413141282347489,1.6733274349048166,52.67984029562372,False,False,0.4615951357255881,False,False,False
176460,0.0410121279563906,1.7843149885964158,51.76540322883923,False,False,0.6774411747452405,False,False,False
176520,0.0400195589775358,1.7834873148548065,51.05463792470839,False,False,0.4663809350749091,False,False,False
176580,0.0397652775271488,1.8622448753840048,51.37852031862646,False,False,0.22009583998067228,False,False,False
176640,0.0398943190297495,1.8848553298353417,51.16317906908257,False,False,0.11033391478795807,False,False,False
176700,0.0401817302387099,1.721690314008646,51.96636654497949,False,False,0.2561452082301088,False,False,False
176760,0.0412800378250556,1.8762030274040609,50.74917204462707,False,False,-0.32568597865208915,False,False,False
176820,0.0403379739393897,1.7367419599545817,50.90031583709536,False,False,-0.26520738102402674,False,False,False
176880,0.0405808232264313,1.7383743767397155,51.27724812234226,False,False,-0.14864696547211054,False,False,False
176940,0.0409354160872561,1.7873485720743223,51.91672423268957,False,False,-0.03080969845500192,False,False,False
177000,0.0390642591991804,1.7828168505048403,52.19401062793536,False,False,0.17066555139710715,False,False,False
177060,0.0406038895139792,1.7158454668952887,52.26998124031396,False,False,0.09784052701797918,False,False,False
177120,0.0397643449962707,1.8350934105685988,51.84684055930487,False,False,0.1255011457387809,False,False,False
177180,0.0379871238433817,1.8366877309352363,51.54272468555566,False,False,0.5016706425547568,False,False,False
177240,0.0382974643664113,1.8569182461928384,51.98371201429524,False,False,0.5503215588362735,False,False,False
177300,0.039185505910785,1.7765934121919953,51.01637845382595,False,False,0.5749019729074547,False,False,False
177360,0.040424978582874,1.7978625333914875,50.66852980593726,False,False,0.8062205469515646,False,False,False
177420,0.0400910396522722,1.7983569330952571,51.81140686019218,False,False,0.5760753715314877,False,False,False
177480,0.0401474933657405,1.891151753839297,51.09247851717809,False,False,0.29613760582601856,False,False,False
177540,0.0415607547861493,1.6469507817378062,51.56489401407333,False,False,0.39280407535954964,False,False,False
177600,0.0389847283081121,1.7483250051545884,51.65959054249605,False,False,0.3267791731320955,False,False,False
177660,0.039978053316653,1.8002992055107572,51.726066468552354,False,False,0.29744996521932876,False,False,False
177720,0.040243548418251,1.7413792073145629,52.0731321126293,False,False,0.6091352129274128,False,False,False
177780,0.0394109815067693,1.7860507007073596,52.022503591916205,False,False,0.38681736953175516,False,False,False
177840,0.0400226613960663,1.793191921036025,51.70619568575776,False,False,0.40150276388806105,False,False,False
177900,0.0387200405327325,1.764484950125207,51.389917666342775,False,False,0.583531191476041,False,False,False
177960,0.04112792497382,1.8034813220095445,51.66703600531921,False,False,0.3267268494120117,False,False,False
178020,0.0394547083579756,1.833920060998922,51.31727940704715,False,False,0.3657955095217176,False,False,False
178080,0.0416251201318228,1.787241611968326,51.519399808785096,False,False,0.5328731252711947,False,False,False
178140,0.039974020540866,1.7755274843656883,52.92893063598196,False,False,0.48054341422144375,False,False,False
178200,0.0408224428523193,1.791048694500691,51.71316842903709,False,False,0.6022236038323712,False,False,False
178260,0.039957357704807,1.7995984372811382,51.849425741517656,False,False,0.5707776545725949,False,False,False
178320,0.0399754049341915,1.7060227434719413,51.27379256288727,False,False,0.6583815037807454,False,False,False
178380,0.0395327765334223,1.8249239115699087,52.13879925002095,False,False,0.8840193600715338,False,False,False
178440,0.040095299143493,1.775645933609873,52.0111284075413,False,False,1.1723920313742298,False,False,False
178500,0.0402543989555312,1.868122894039797,52.0168981279407,False,False,0.8217843152142592,False,False,False
178560,0.0393725931928678,1.8319168876846936,51.74289712839346,False,False,0.8937293515706841,False,False,False
178620,0.039899964467312,1.8631835858278611,52.15477620730368,False,False,0.8417056553905837,False,False,False
178680,0.0395119209071543,1.745405795139395,52.27575341214123,False,False,0.667859971525516,False,False,False
178740,0.0418397312556918,1.779945121375879,51.78368992790208,False,False,0.46567503724224935,False,False,False
178800,0.0399282153840707,1.7329072416773,51.58706394313083,False,False,0.22467048045203342,False,False,False
178860,0.0412361857213572,1.7619196747178163,52.09388527209194,False,False,0.16825644518056038,False,False,False
178920,0.0398435021353538,1.867613692923464,51.19676677815825,False,False,0.25011460440667577,False,False,False
178980,0.0402074301132279,1.8803244912078148,51.29207894553403,False,False,-0.1273546897288611,False,False,False
179040,0.0389429087426837,1.7380008020805593,51.62663856880282,False,False,-0.26025908170251455,False,False,False
179100,0.0396423419265057,1.7752530059108669,50.78483986042976,False,False,-0.2350715806750543,False,False,False
179160,0.0401684277366314,1.7958854337107069,52.0715456858341,False,False,-0.10833833672295157,False,False,False
179220,0.0412688030647678,1.8316227046577285,51.17852075972306,False,False,-0.11891850021726214,False,False,False
179280,0.040177586222141,1.7049702457690294,51.42646184710865,False,False,-0.07604207614211589,False,False,False
179340,0.0411069762889544,1.7134379955974643,51.55779721442322,False,False,-0.10170528378459665,False,False,False
179400,0.0405125832881623,1.8264398117691096,51.68631007745194,False,False,-0.08111577074416232,False,False,False
179460,0.0413019210715717,1.6947519172784322,51.49706968285872,False,False,-0.05454804336048369,False,False,False
179520,0.0399527662261559,1.775872940068501,51.63744045185862,False,False,-0.22440210935047844,False,False,False
179580,0.0419121781685214,1.8087529576621773,51.64354181368216,False,False,-0.2352664913944409,False,False,False
179640,0.0396116830376687,1.8224459623763885,51.452069805467374,False,False,-0.2896138546594784,False,False,False
179700,0.0393868305326418,1.7923472228406332,51.29121770986512,False,False,-0.5835238578545159,False,False,False
179760,0.0390319577202487,1.7802491371714333,52.22078155526587,False,False,-0.5518296598399957,False,False,False
179820,0.0418648197372464,1.8456068264246897,50.63007139635829,False,False,-0.6831061576355069,False,False,False
179880,0.0406555580580943,1.815401120023751,51.58164632239046,False,False,-0.5620203682813099,False,False,False
179940,0.0397327034132957,1.7650611024146212,51.45228382035667,False,False,-0.5850934012550653,False,False,False
180000,0.0409992181574987,1.802037036420841,51.89835895406559,False,False,-0.48991018000488396,False,False,False
180060,0.0405501537480942,1.8206911272234343,50.964046466846405,False,False,-0.5003090210739032,False,False,False
180120,0.0415729019771004,1.8927848110383747,51.44352984888767,False,False,-0.7375181504040569,False,False,False
180180,0.038761733733808,1.8424614780877453,51.64447230691816,False,False,-0.7388653032936219,False,False,False
180240,0.0397877119133485,1.865586070221513,52.23291863350184,False,False,-0.77650006399071,False,False,False
180300,0.0396299828928457,1.76702720059982,51.86620396611789,False,False,-0.6161801529714808,False,False,False
180360,0.0384210538588731,1.7716941230622298,51.11059703168932,False,False,-0.6362435224929897,False,False,False
180420,0.0408482617638237,1.7872894803880983,51.46083243216698,False,False,-0.5361588854014343,False,False,False
180480,0.0397836827553573,1.7922470770815393,52.14982612226122,False,False,-0.5048941915162146,False,False,False
180540,0.0405917049639892,1.745566652278644,51.10864266737291,False,False,-0.051279670132814203,False,False,False
180600,0.0418878175474636,1.8683604158340683,51.67193762055183,False,False,-0.11820290055979399,False,False,False
180660,0.0397174050465379,1.8477009884389748,51.70892918287844,False,False,0.14442608100678456,False,False,False
180720,0.0396630776138742,1.7834933954897187,51.52282753358477,False,False,0.12487438739071877,False,False,False
180780,0.0400949313357791,1.834652375046748,53.06582460934817,False,False,0.42610725678601113,False,False,False
180840,0.0407897978823867,1.8120365548022077,51.51381264262852,False,False,0.5988985030187592,False,False,False
180900,0.0395466295797518,1.8388707109702944,51.94729060643975,False,False,0.7098174374393693,False,False,False
180960,0.0394952307222942,1.727407415329616,51.34148712104978,False,False,0.6968217646976598,False,False,False
181020,0.040845751416193,1.7921343020473386,51.99074133156269,False,False,0.7320282596149781,False,False,False
181080,0.0403029114590704,1.7968659194930872,52.16449078839253,False,False,0.5724907584691437,False,False,False
181140,0.0383642173895961,1.8336766733790293,51.43734462599707,False,False,0.3407618586167871,False,False,False
181200,0.0390196865604247,1.7660643695361649,51.70620539116442,False,False,0.36600797144737385,False,False,False
181260,0.0412009886910617,1.6650037408995506,51.28814606823182,False,False,-0.017146038420122522,False,False,False
181320,0.040321542626463,1.7415882152451223,51.16581370155589,False,False,0.2106318241719407,False,False,False
181380,0.0393902432551702,1.796703408771611,52.2586429782345,False,False,0.19179667414583434,False,False,False
181440,0.039863672274212,1.80344974817718,51.46547444344614,False,False,0.053503023836611874,False,False,False
181500,0.0400105893382413,1.8909223986217487,50.53789840653749,False,False,0.3019520656811068,False,False,False
181560,0.0405885866882241,1.8314683077955372,52.62961230344191,False,False,0.2552975712685992,False,False,False
181620,0.0389133892841129,1.8044026350785003,51.34811621806736,False,False,0.4395558400470634,False,False,False
181680,0.0393272406890636,1.7982508710538023,51.628207012128215,False,False,0.4744203461983574,False,False,False
181740,0.0402183646038907,1.8596259026371635,52.57407644115296,False,False,0.21153064314549397,False,False,False
181800,0.0399201323356036,1.7681340355834985,51.68498179571554,False,False,0.09858165447448641,False,False,False
181860,0.0404574873461093,1.7924246754620077,51.676414196112,False,False,0.2656859222893786,False,False,False
181920,0.0390163940821123,1.7411800615125317,51.14622562934123,False,False,0.3461990609835368,False,False,False
181980,0.040285702941017,1.8766209266295464,50.945124956206286,False,False,0.21658958688824725,False,False,False
182040,0.0408732668955019,1.8211949425980871,51.68157832812557,False,False,0.13407602003076136,False,False,False
182100,0.0403894548377194,1.761793742015787,51.94840600186465,False,False,-0.14054809064758444,False,False,False
182160,0.0401112893918092,1.7938194294428114,51.92199347333615,False,False,-0.03061360364939958,False,False,False
182220,0.0399232931179472,1.8275211412131391,51.53082988339973,False,False,-0.1426565933514894,False,False,False
182280,0.0393321190777828,1.7864611787129971,51.78381897771137,False,False,0.1661265723895866,False,False,False
182340,0.0399424011260481,1.7711385864275195,50.85731473477749,False,False,0.050546755316375425,False,False,False
182400,0.0410077646823043,1.7646692209568462,52.00823289719278,False,False,0.12119895354317123,False,False,False
182460,0.0399047771947199,1.81830394255902,51.86108196363363,False,False,0.06808764346955343,False,False,False
182520,0.0392881568085212,1.780665068922623,52.7694391427436,False,False,-0.03696358641805375,False,False,False
182580,0.0396062023289876,1.7754970823228118,51.78857817327027,False,False,-0.04688916256608877,False,False,False
182640,0.0401606802378207,1.727852665227008,51.315733328386266,False,False,-0.04469936074737291,False,False,False
182700,0.0397011888022553,1.8041925911324672,51.76393609181847,False,False,-0.048254114237550993,False,False,False
182760,0.0403882426264505,1.790213934305237,51.62762741325852,False,False,-0.2602393904418818,False,False,False
182820,0.0404182750085992,1.7826309891733338,52.011110902055215,False,False,-0.16147322291912758,False,False,False
182880,0.0407111865443237,1.8107336165843908,51.809432652936174,False,False,-0.14466578301757238,False,False,False
182940,0.041138847577812,1.8403921221877384,51.16824292595083,False,False,0.02841667577455098,False,False,False
183000,0.0407966869794978,1.8378845354847853,50.9825742867837,False,False,0.2181402950247957,False,False,False
183060,0.0392526087486816,1.8298473390485872,51.934129686600784,False,False,0.6108312726416187,False,False,False
183120,0.0392771724427389,1.7870038049536712,52.496462510222464,False,False,0.4171247095513735,False,False,False
183180,0.0399393828188321,1.769382089859173,51.84680883611728,False,False,0.4251891053943808,False,False,False
183240,0.0396390597142084,1.7436285553685884,52.216013225455086,False,False,0.5537467717864217,False,False,False
183300,0.0390893386184312,1.7679695486037437,52.31799878000035,False,False,0.5775616764276919,False,False,False
183360,0.0396466465646616,1.8010611051373748,51.947219780199454,False,False,0.8028290881039766,False,False,False
183420,0.0396203896531047,1.757540549430766,51.40880776777498,False,False,0.7781684853546835,False,False,False
183480,0.039462521808191,1.805187085512342,51.91593720863204,False,False,0.601979330328632,False,False,False
183540,0.039747368411076,1.7478653393927597,52.424049264313055,False,False,0.8409720791616735,False,False,False
183600,0.0409427606802546,1.7103064379936208,52.087687749716345,False,False,0.7090081445508787,False,False,False
183660,0.0401593904329993,1.844247930526699,52.19909480073428,False,False,0.32495121861853704,False,False,False
183720,0.0419774472608443,1.7743816118502445,51.59592866287761,False,False,0.5610509404685899,False,False,False
183780,0.0401364065488157,1.75480018272591,51.72825455825435,False,False,0.3756992921615847,False,False,False
183840,0.0397679473808502,1.7409322543699384,51.77229743708048,False,False,0.3325592298056961,False,False,False
183900,0.0400033063061238,1.8228439426354417,51.80822174566583,False,False,0.551713953558405,False,False,False
183960,0.0402051935827548,1.8742450164192703,52.42009955934397,False,False,0.3013838729656868,False,False,False
184020,0.0403482031657368,1.7782340115056685,50.66476319157228,False,False,0.26126181564438866,False,False,False
184080,0.0416613690606872,1.7883595777682206,51.85584886243585,False,False,-0.08511697325427292,False,False,False
184140,0.0393237436280179,1.8578681193540096,51.80306117670106,False,False,-0.26481619682070345,False,False,False
184200,0.0406872368465421,1.7022359319646512,51.15928844823,False,False,0.009563033799750542,False,False,False
184260,0.0401662004780913,1.906210906717284,52.18315228164936,False,False,0.15704748982368244,False,False,False
184320,0.0387431218059435,1.931981416325624,51.48724823178674,False,False,0.16103287295963753,False,False,False
184380,0.0406165590256758,1.6538577734113156,51.673211657486185,False,False,0.34223104433390006,False,False,False
184440,0.0410140988486431,1.7947348256384952,52.77834859044336,False,False,0.3220457853933709,False,False,False
184500,0.039314258876978,1.7611768602790436,52.36117411573943,False,False,0.47220682007234416,False,False,False
184560,0.0399928529056864,1.7857023243711443,52.14566041494602,False,False,0.8991647282497439,False,False,False
184620,0.0386197165903938,1.7774072062407402,52.05103506709924,False,False,0.7468827794081534,False,False,False
184680,0.0389929548322525,1.8438349913178853,51.780536242957936,False,False,0.7383772060922382,False,False,False
184740,0.0408384236620938,1.7939212250237286,52.86479454126922,False,False,0.8235774474642312,False,False,False
184800,0.039626866795194,1.7508110104332024,52.26841937870786,False,False,0.45751567309434904,False,False,False
184860,0.0391129576200495,1.7907020012900634,51.49479026040868,False,False,0.10727126261659237,False,False,False
184920,0.0401835682915667,1.82779834879597,51.17174373268604,False,False,0.03322202069216473,False,False,False
184980,0.0395820700548551,1.7360790483006747,52.157443527193074,False,False,0.09316154685977551,False,False,False
185040,0.0396233426737795,1.711103380795621,51.84831961566278,False,False,0.14585443932500652,False,False,False
185100,0.0405914608205399,1.9076081112451075,51.16401475153249,False,False,-0.2566112246192205,False,False,False
185160,0.0390706133128525,1.7653089592957445,52.09500657226493,False,False,-0.6142177736970069,False,False,False
185220,0.0392757078298545,1.792582938706346,51.74842956365695,False,False,-0.5245120198776476,False,False,False
185280,0.040123263993719,1.7785190480854192,52.15050526098001,False,False,-0.24972622204326456,False,False,False
185340,0.0407755278325985,1.829596736020436,52.1082725599103,False,False,-0.3215280451805427,False,False,False
185400,0.0409905282411918,1.8957306558469165,51.58550009625149,False,False,-0.27596580637279544,False,False,False
185460,0.0394679506237107,1.8313164274533813,52.20828414363909,False,False,0.08644016877647687,False,False,False
185520,0.0407499015735357,1.7180082820328406,51.64513887451309,False,False,-0.07459233362187945,False,False,False
185580,0.0393726861652236,1.7252573349415394,51.67988013364363,False,False,0.2428229245133906,False,False,False
185640,0.0414609674775254,1.7784559021323465,51.63241502132699,False,False,0.3845818970256971,False,False,False
185700,0.0390929831796642,1.7855154072252035,52.466267592944384,False,False,0.39519288821168175,False,False,False
185760,0.0410627830486333,1.7070146314444836,51.76272383941763,False,False,0.354058928000768,False,False,False
185820,0.039474811114545,1.84424440968942,52.59146127813051,False,False,0.40287321850959756,False,False,False
185880,0.0416105971638356,1.7413386898744,52.79921177734538,False,False,0.4446619320623739,False,False,False
185940,0.0404730565830819,1.8806382843547909,51.5403394282283,False,False,0.4167993670280623,False,False,False
186000,0.0391871867764734,1.898314160249109,50.451430993710616,False,False,0.21440377520944764,False,False,False
186060,0.0395822092163659,1.7865943092378624,52.43641307709829,False,False,-0.046306214915347255,False,False,False
186120,0.040624944964179,1.823704522582582,51.74540201118615,False,False,0.17081747064617048,False,False,False
186180,0.0408421155340924,1.733474850007453,51.48552440770379,False,False,-0.22323078977674982,False,False,False
186240,0.0399434275266204,1.8336785216298723,51.62648821559687,False,False,-0.25369758108190865,False,False,False
186300,0.0400357266247707,1.773097609134544,51.71567001239392,False,False,-0.33829101957510943,False,False,False
186360,0.0406066824261152,1.741289292634229,52.57390312282736,False,False,-0.2944814377889031,False,False,False
186420,0.0401054387416086,1.7843759106343389,52.00749185154281,False,False,-0.2958363993816704,False,False,False
186480,0.0389651961125293,1.7748496075461104,52.57156520134169,False,False,-0.137918125943429,False,False,False
186540,0.0393496207802878,1.7824413922377973,52.17910560033044,False,False,-0.0616439868312284,False,False,False
186600,0.0401880959545213,1.8512827147520836,51.77960983311952,False,False,0.28737219611744536,False,False,False
186660,0.0409723859331981,1.7575933899976706,51.741276247893694,False,False,0.546590908764955,False,False,False
186720,0.0412927859393296,1.8936912419877892,52.219488879276696,False,False,0.4489822626794222,False,False,False
186780,0.0406236235366171,1.728446779827431,52.35112697297181,False,False,0.5563755891687805,False,False,False
186840,0.040229832608829,1.8872332347516445,52.441540155559466,False,False,0.3200847287670143,False,False,False
186900,0.0405990511087859,1.745108426417039,51.81460421142472,False,False,0.3129324185377982,False,False,False
186960,0.0394665993198345,1.799945285443023,52.0352060497184,False,False,0.40427154956103095,False,False,False
187020,0.0398774152317934,1.773529409872187,52.24185298054739,False,False,0.280964257788213,False,False,False
187080,0.0393406954229284,1.7814386517369558,51.76007991735487,False,False,0.20080437707702004,False,False,False
187140,0.0390010059114338,1.8432732907632,51.38682206782549,False,False,0.3446315512179723,False,False,False
187200,0.0402668392093089,1.880990647050356,51.553386205779375,False,False,0.15698778944874903,False,False,False
187260,0.0401484106452677,1.8642883340676049,51.83823367226001,False,False,-0.13258412028194755,False,False,False
187320,0.0405501219876072,1.7781377580535402,52.29208461754772,False,False,-0.11497510025212421,False,False,False
187380,0.0404368894647139,1.809949782009846,52.59269945012719,False,False,-0.25805447203457277,False,False,False
187440,0.040194115417059,1.7577677948219086,51.2874167523774,False,False,-0.3977510174456711,False,False,False
187500,0.040445293332542,1.7464562831209665,51.66899750418328,False,False,-0.20918431241659619,False,False,False
187560,0.039965853523018,1.738099751090652,51.79096841702021,False,False,-0.03848333414606486,False,False,False
187620,0.0403303131161779,1.776371041422857,52.36948783610873,False,False,-0.00720553617867381,False,False,False
187680,0.0394190844778509,1.8134787040748068,51.71030370666472,False,False,-0.1051594760878487,False,False,False
187740,0.0402957647405113,1.6967619813734187,51.761722461288805,False,False,-0.253131275147922,False,False,False
187800,0.0405347341482288,1.797496900060639,51.27282199459099,False,False,-0.13783320676951405,False,False,False
187860,0.0394642548575422,1.8818653567256745,52.2227515955563,False,False,0.18917966973383216,False,False,False
187920,0.0400414656791942,1.8605831977300027,51.90257805467496,False,False,-0.033299319266618,False,False,False
187980,0.0395011179922965,1.76840005986756,51.65848472888701,False,False,-0.0756837914829589,False,False,False
188040,0.0395787946427871,1.7245688628987297,51.85798028853933,False,False,0.1523411308102851,False,False,False
188100,0.0391000565159182,1.8248308365491008,52.55346430614958,False,False,0.07959792149364375,False,False,False
188160,0.0410126199401332,1.6748588744887951,51.48975275542759,False,False,0.02659612980521331,False,False,False
188220,0.040852548139776,1.8599483222576647,51.573596048439285,False,False,0.16191726385650895,False,False,False
188280,0.0404299470833818,1.788466277274305,52.62278174212746,False,False,0.08416565127579645,False,False,False
188340,0.041577756761555,1.89889021731118,52.03677258680764,False,False,-0.053920961387547095,False,False,False
188400,0.0398486034427452,1.706743863778871,52.33599187555774,False,False,-0.10336491587636942,False,False,False
188460,0.0424254099320885,1.849579896161223,52.2042204366082,False,False,-0.11515834028739391,False,False,False
188520,0.0398179764677094,1.7945725228120333,51.98790685986194,False,False,0.20594790867512813,False,False,False
188580,0.0402041546814048,1.7821232713005075,51.83365423083821,False,False,0.12915379142694405,False,False,False
188640,0.0396817776688478,1.7260284528785443,52.42581245605796,False,False,0.3011760140692985,False,False,False
188700,0.0402978604480482,1.8321703869624328,52.5934313831252,False,False,0.4207210211557708,False,False,False
188760,0.0406684919423089,1.8365114187779503,52.55658692713124,False,False,0.3279466920052698,False,False,False
188820,0.0399088668855575,1.896396901306158,51.42398659120292,False,False,0.25590655526173123,False,False,False
188880,0.041421375877694,1.854434714194472,52.67140757135249,False,False,0.3324930151689074,False,False,False
188940,0.0401913194277067,1.7679296522363903,51.842214089735066,False,False,0.3775141588626383,False,False,False
189000,0.0402163883088881,1.7457914204846543,51.64589660246504,False,False,0.5041037048723638,False,False,False
189060,0.039272801844389,1.7261014625897912,51.940977177256784,False,False,0.5052172850345045,False,False,False
189120,0.0403347992596403,1.8795541146645316,52.44343489766896,False,False,0.4640913437555838,False,False,False
189180,0.0398927782233525,1.7579785886489954,52.30033242646219,False,False,0.5042736982612723,False,False,False
189240,0.0395134082165301,1.8799324129244503,51.90463678292459,False,False,0.3173936191261646,False,False,False
189300,0.0393788204734813,1.828353890206552,52.45339257669428,False,False,0.3236898591025579,False,False,False
189360,0.0421374107038053,1.817814755606074,52.10671958803858,False,False,0.45151319032027004,False,False,False
189420,0.0397892181998567,1.783429111121744,51.75253321929274,False,False,0.2584511688036599,False,False,False
189480,0.0388344116633749,1.8356763373021217,51.68723096498675,False,False,0.34241509596742503,False,False,False
189540,0.0394414228322139,1.799164578806813,52.24859568308037,False,False,0.43164342775733644,False,False,False
189600,0.039958745728419,1.7800624822606843,52.00444904736533,False,False,0.5067406353164046,False,False,False
189660,0.0404373336260931,1.8375842584790028,51.36018499296988,False,False,0.11024099852703273,False,False,False
189720,0.0404438372173802,1.7922255061020589,52.47374797061502,False,False,0.14288652193772577,False,False,False
189780,0.0405412916414212,1.7568899219481031,51.81225936417162,False,False,0.2938235663887525,False,False,False
189840,0.0394841117546901,1.832390645874875,52.8506863568818,False,False,0.08904854436148923,False,False,False
189900,0.0402723523548012,1.7965447745960574,51.355361194713616,False,False,-0.05120472805316467,False,False,False
189960,0.0392991524287115,1.8264011406349212,51.96873154349954,False,False,-0.07407086095413717,False,False,False
190020,0.0395042856135887,1.775491567648874,51.71132665387849,False,False,0.08598221199194711,False,False,False
190080,0.0392658328203997,1.7347074495472283,51.57583389031301,False,False,-0.09051119342498737,False,False,False
190140,0.0390492889163213,1.8936939939757709,51.82237944652605,False,False,-0.2559211231794052,False,False,False
190200,0.0408513675910864,1.883517016181233,52.9532882638273,False,False,-0.6963764673096335,False,False,False
190260,0.0405508893607831,1.847724387908146,52.14191919875213,False,False,-0.6132578897940419,False,False,False
190320,0.0407813322959825,1.779058222989789,51.676609748717226,False,False,-0.8674633541025116,False,False,False
190380,0.0400314504528194,1.783782829449302,51.16037921735081,False,False,-0.7854894560276335,False,False,False
190440,0.0406214461590921,1.8746456820784088,51.21624180374923,False,False,-0.9204314410713295,False,False,False
190500,0.0385909684762859,1.7808931779713597,51.81092115926728,False,False,-0.8375495206784933,False,False,False
190560,0.0406904700144362,1.765841974037246,51.764538393660885,False,False,-0.7693549406417901,False,False,False
190620,0.040141695864004,1.9011006724843684,51.97158668701654,False,False,-0.5642998722359351,False,False,False
190680,0.0405016876801193,1.7974254051928509,50.949749794319416,False,False,-0.7612199819021441,False,False,False
190740,0.0403040186392388,1.895494967739748,52.042230551417646,False,False,-0.7473727471100062,False,False,False
190800,0.0392103558763704,1.72448683682274,52.60416589091803,False,False,-0.5519654351388681,False,False,False
190860,0.0388015681796871,1.8279819836703632,52.90395128143015,False,False,-0.451279907881144,False,False,False
190920,0.0394303566670536,1.9118384603576968,51.147537238193046,False,False,-0.4154555796292243,False,False,False
190980,0.0404519338250183,1.8016065402115784,51.69629358693561,False,False,-0.286074200943915,False,False,False
191040,0.0405520731321403,1.785743757417539,51.67210269047148,False,False,0.14679105634850487,False,False,False
191100,0.0389056461780945,1.7369413964496854,52.17430998912514,False,False,0.06682757706128939,False,False,False
191160,0.0392151205060254,1.8584465249395037,51.49379269582766,False,False,0.05607479275197136,False,False,False
191220,0.0394214114512473,1.758413083537403,52.9470402085328,False,False,0.012803651271696026,False,False,False
191280,0.0397141559517865,1.7948803377929408,52.129899474415886,False,False,0.24067530093122969,False,False,False
191340,0.0389103593353178,1.733336876891199,52.04879474832698,False,False,0.3478086707911814,False,False,False
191400,0.0388623585870878,1.8840723084052613,52.90895441427154,False,False,0.11143124439888652,False,False,False
191460,0.0393425317628739,1.862363806779187,52.106803389742055,False,False,0.2598885236991464,False,False,False
191520,0.04006900306898,1.798294423542491,52.31720855943664,False,False,0.6326202720962044,False,False,False
191580,0.0390555245281972,1.7376759574783058,51.74388737394484,False,False,0.5403966639422606,False,False,False
191640,0.0399073571920225,1.882938980659102,51.436265132467234,False,False,0.5902366242266623,False,False,False
191700,0.0408468422529134,1.780239686739454,51.81856500364588,False,False,0.5946164702560566,False,False,False
191760,0.0389585762100691,1.740318938595854,53.21946339327397,False,False,0.34116164249091696,False,False,False
191820,0.0398348433932715,1.7048456273264827,52.44471560234861,False,False,0.05510954511854038,False,False,False
191880,0.0408198053870006,1.7651178828777363,52.26770220116422,False,False,0.02226051268712581,False,False,False
191940,0.0396653852877089,1.7214495413833832,51.64447774191966,False,False,0.1762869658994788,False,False,False
192000,0.0395410642473132,1.7663676748277677,52.59051949190776,False,False,0.8401344830346886,False,False,False
192060,0.0409307966514451,1.8401980716196769,51.4582771086625,False,False,1.0043073853208142,False,False,False
192120,0.0397550383368227,1.7797283911453374,51.355825175381774,False,False,0.7857840473761115,False,False,False
192180,0.0408835960201644,1.8192074426341405,51.86213949318571,False,False,0.6074693529071595,False,False,False
192240,0.0403431723129017,1.7609399283852596,53.12105816501082,False,False,0.5456557931459116,False,False,False
192300,0.0397257242776721,1.8035191295836688,53.09498947962997,False,False,0.611585292545243,False,False,False
192360,0.040383752424478,1.903728644392645,51.92265355371197,False,False,0.6109452710346659,False,False,False
192420,0.0402563596110768,1.7811817517865476,51.81340216314181,False,False,0.6777231161572814,False,False,False
192480,0.0408167062568019,1.8207591896314617,51.33255030636448,False,False,1.0357733233699946,False,False,False
192540,0.0395613235697079,1.7154615297167044,52.193976343807975,False,False,0.9691962787818937,False,False,False
192600,0.0400329648534253,1.882085730610511,52.23819701144557,False,False,0.74263710652437,False,False,False
192660,0.0399507874563162,1.7742308420369772,52.554198416953525,False,False,0.41456533933603623,False,False,False
192720,0.0405633185133118,1.8567288170949512,52.61700370092122,False,False,0.572001733870934,False,False,False
192780,0.0391798566444446,1.7933482640290193,52.06516863982989,False,False,0.39806703237613306,False,False,False
192840,0.0408135816385902,1.833025285711124,52.444123190445566,False,False,0.3764784608166707,False,False,False
192900,0.0403730630177363,1.836234671069394,51.81801947354607,False,False,0.40967199021847023,False,False,False
192960,0.0389464599410936,1.7755682216663131,52.43908982855326,False,False,0.34385268172556493,False,False,False
193020,0.0409666102603844,1.85896294753114,51.9191821771842,False,False,0.5082399152665857,False,False,False
193080,0.0417872744646381,1.7590148173443727,52.40475712866352,False,False,0.030654301356406677,False,False,False
193140,0.0408014671756395,1.8420084478814875,52.366508187726296,False,False,-0.06115457729391949,False,False,False
193200,0.0411415878137811,1.7789289141150073,52.21388899233472,False,False,-0.09213651171720016,False,False,False
193260,0.040068297105282,1.8188761292261315,52.578986692970425,False,False,-0.09079065779688733,False,False,False
193320,0.0386707960642091,1.77505237787287,51.398746952613976,False,False,-0.5258561932705277,False,False,False
193380,0.0385247036390659,1.802698702634156,51.65371803358741,False,False,-0.4076717849159053,False,False,False
193440,0.0402040656350942,1.7419665401086446,52.05337596032493,False,False,-0.3457504943884544,False,False,False
193500,0.039526416953816,1.813368077173195,51.469003757668354,False,False,-0.2840245465992268,False,False,False
193560,0.0392683389773381,1.8023861430878176,51.989432848631225,False,False,-0.11981565828244811,False,False,False
193620,0.039949802652825,1.7708317080800866,52.007779612773376,False,False,-0.034937593194385386,False,False,False
193680,0.040492468230289,1.797028489814924,52.85216630804906,False,False,0.26527157243658905,False,False,False
193740,0.0388377939625902,1.8072362417130672,52.27082092026502,False,False,0.365943759992291,False,False,False
193800,0.0396408979037756,1.766716719123684,52.71649851155479,False,False,0.13339306303923593,False,False,False
193860,0.0412078965464962,1.793047036910598,52.35485073733128,False,False,0.14623394806112344,False,False,False
193920,0.0391397692958229,1.7457001951916744,51.93840939671395,False,False,0.4375106699427107,False,False,False
193980,0.0406958089497319,1.9266695841038943,52.27533109060681,False,False,0.4409446317136485,False,False,False
194040,0.0396122153907608,1.857192407651242,52.575415508103205,False,False,0.32968571507188926,False,False,False
194100,0.0404366350078799,1.814747081704104,52.809632658761984,False,False,0.17735067226053047,False,False,False
194160,0.0408778620057622,1.8632940980837416,52.14900661847704,False,False,-0.08445863056108749,False,False,False
194220,0.040593025413588,1.693120366259076,51.39363598242136,False,False,-0.14984060871944394,False,False,False
194280,0.0407273276817711,1.6618852941569635,51.36071983004044,False,False,-0.2843569547570297,False,False,False
194340,0.0390787251732736,1.7784382826655052,52.05864430809652,False,False,-0.397441857003102,False,False,False
194400,0.040890927765393,1.7255575362454862,51.05512951698454,False,False,-0.4415029460770086,False,False,False
194460,0.0393178455082921,1.7872233016797905,53.12386215483051,False,False,-0.1981778590997294,False,False,False
194520,0.0402076334124572,1.811105458592125,52.52700619206553,False,False,-0.39513851453253324,False,False,False
194580,0.0402065969495977,1.849702382910393,51.91293572602061,False,False,-0.34890682050868804,False,False,False
194640,0.0403880980470956,1.7385337448491385,51.6781750881684,False,False,-0.4637032444218363,False,False,False
194700,0.0402695653408481,1.821580057052644,52.74928808756442,False,False,-0.4497003019292407,False,False,False
194760,0.0393249520171802,1.8007770434302206,51.68063961615443,False,False,-0.14450949527038404,False,False,False
194820,0.0389201060701634,1.8187655027363867,51.73057446658298,False,False,-0.20525106489874645,False,False,False
194880,0.0406978789439694,1.7719323146593056,51.85894453277372,False,False,0.08766340032453002,False,False,False
194940,0.0401486676620151,1.8746892975525544,52.3011908644778,False,False,0.23805690225334786,False,False,False
195000,0.0409195014727662,1.7944105329847948,52.5567755311679,False,False,0.5336826138611315,False,False,False
195060,0.0399642136526497,1.8958058400692035,52.8449425827056,False,False,0.43803319484857184,False,False,False
195120,0.0388758685114584,1.75731901270116,52.77332176987469,False,False,0.461701013758983,False,False,False
195180,0.0407729037448032,1.8401126763576,52.25345262942227,False,False,0.4831504046373567,False,False,False
195240,0.0397037035122711,1.7967779020497314,52.76555641608664,False,False,0.3940964201424322,False,False,False
195300,0.0402736027659368,1.7823019094999948,51.922025276623856,False,False,0.3430857338044717,False,False,False
195360,0.0394820324572163,1.834145028385248,51.349321730784624,False,False,0.08900592192864565,False,False,False
195420,0.0413154413681869,1.7838446321237622,51.92641885656392,False,False,-0.027085759235887963,False,False,False
195480,0.0392987481406534,1.6562538717935045,51.8610837896846,False,False,-0.17305434773409445,False,False,False
195540,0.039730056196715,1.6346051213485877,51.95045016532672,False,False,-0.12146931098804714,False,False,False
195600,0.0400859589621578,1.868710796655339,51.788985991008936,False,False,-0.49600475653809895,False,False,False
195660,0.0391262541383304,1.866433956725504,52.04034822124359,False,False,-0.8213447292421279,False,False,False
195720,0.04026441562287,1.901916411097821,52.58314127148381,False,False,-0.7458581988307742,False,False,False
195780,0.0412895283819739,1.7990534745927624,53.13299087017187,False,False,-0.47488286903853805,False,False,False
195840,0.039607630271445,1.730197720692114,51.41491873611464,False,False,-0.11200295749937084,False,False,False
195900,0.0403161142552253,1.777342472496846,51.63595431419734,False,False,-0.07432054138897115,False,False,False
195960,0.0378004516911691,1.8006169238295109,51.8863281526872,False,False,0.4300233400269491,False,False,False
196020,0.0399688566396121,1.7456199358886042,52.66715187517315,False,False,0.4224303497264117,False,False,False
196080,0.039749566171259,1.8890230350405888,52.18403686937189,False,False,0.2452925821115315,False,False,False
196140,0.0393452019180716,1.9209331555007616,51.92668563371017,False,False,0.06908333090757424,False,False,False
196200,0.0408651603757028,1.8258271578394296,52.64933640351826,False,False,0.45255332785109204,False,False,False
196260,0.0397390050547009,1.7994133576782976,52.7713946872401,False,False,0.5745281927425623,False,False,False
196320,0.0398580180103251,1.7300717831623806,52.28604922876088,False,False,0.7277042035085088,False,False,False
196380,0.0396982457001687,1.8835074303924269,51.88954924956598,False,False,0.5369616058794691,False,False,False
196440,0.0384665473025879,1.8041205677858485,52.43502830089752,False,False,0.5547690431694718,False,False,False
196500,0.0390944108479384,1.784385122485827,52.185484067457104,False,False,0.6081179856433891,False,False,False
196560,0.0407688747888961,1.825983400788425,52.18384120419422,False,False,0.3441448790322852,False,False,False
196620,0.038312039482496,1.768371577434584,52.050377371189605,False,False,0.4423816901779958,False,False,False
196680,0.0393869477203074,1.8079312593485783,52.77129875855513,False,False,0.44535195625233825,False,False,False
196740,0.0396802239549681,1.7221067900543343,52.43597690246106,False,False,0.4126820955526682,False,False,False
196800,0.0413948974938332,1.8587027082196317,52.83111688464604,False,False,0.27666980527460794,False,False,False
196860,0.040614883012397,1.7943618037786735,52.98365917084386,False,False,0.5164749673429299,False,False,False
196920,0.0395542635783575,1.862575246474237,52.54721613694168,False,False,0.8716359552833666,False,False,False
196980,0.0410436109576924,1.7891386463965526,52.06671684946935,False,False,0.9191766968039445,False,False,False
197040,0.0394075873435991,1.7926452157256652,52.842348177425386,False,False,0.9004786333981087,False,False,False
197100,0.0408072798429872,1.7345348588722342,52.557247066858245,False,False,0.9791404485323767,False,False,False
197160,0.0389128982032615,1.84102687654298,53.62832825852645,False,False,1.0236777179955396,False,False,False
197220,0.0408586062654313,1.752704642482753,52.48392546877354,False,False,1.0295441295884729,False,False,False
197280,0.0396750930836232,1.7737331918472417,52.679947698436806,False,False,1.055565845653021,False,False,False
197340,0.0391771966072469,1.800056548048457,52.47854527898135,False,False,0.9868827929801256,False,False,False
197400,0.0398262851095389,1.8065461059192252,52.28601369180284,False,False,1.2728758045241193,False,False,False
197460,0.0402218753437761,1.707870765228241,52.208396867346686,False,False,1.3188678914190888,False,False,False
197520,0.0396042012555794,1.7875364832636471,52.48714421887332,False,False,0.9093002206224412,False,False,False
197580,0.0404431628047962,1.8429424318067609,52.602839826854535,False,False,0.7019172371983871,False,False,False
197640,0.0395336048930687,1.7795697461357094,52.92167555517338,False,False,0.4397234318763168,False,False,False
197700,0.040496297915145,1.7878644852724808,52.50113653890662,False,False,0.5860146422343888,False,False,False
197760,0.0403537776496292,1.8087699267455075,52.11749632644569,False,False,0.37419636637436327,False,False,False
197820,0.0399512615562336,1.793198136642462,52.187743570262384,False,False,0.355069582954755,False,False,False
197880,0.0396468941501072,1.7443521628710694,51.69193175151385,False,False,0.4171780015848583,False,False,False
197940,0.0401212326366122,1.7980373093219872,53.18623679915517,False,False,0.6485812424157302,False,False,False
198000,0.0404402029944269,1.8536799511803184,52.08727272501215,False,False,0.32183506077463164,False,False,False
198060,0.0416494393221852,1.7432364988475773,52.84380941624509,False,False,0.10672347423675888,False,False,False
198120,0.0407515363374385,1.7797779779677658,52.500594269300976,False,False,0.001115550235823548,False,False,False
198180,0.0407807919598526,1.7253919085075058,52.51641441040298,False,False,0.33446169838005346,False,False,False
198240,0.0424708097558882,1.850834625326479,52.30805421175068,False,False,0.36515843152457705,False,False,False
198300,0.0404127667814142,1.7950126568307545,51.97510835947708,False,False,0.2141648768430855,False,False,False
198360,0.0403877148090493,1.754089219785283,51.886969757948,False,False,0.37487614454124696,False,False,False
198420,0.0405632120594573,1.804982342407732,53.23769980700001,False,False,0.19905381760392515,False,False,False
198480,0.0391928272179293,1.7350055883956457,52.43267730641974,False,False,0.16597523562344918,False,False,False
198540,0.039644878690865,1.744191241301138,52.9405602944985,False,False,0.10912891891510412,False,False,False
198600,0.0395950645866461,1.721152789388004,53.07260954463088,False,False,-0.07185234035780752,False,False,False
198660,0.0405180911817756,1.7423939211719004,52.17696226516221,False,False,-0.08151374015865542,False,False,False
198720,0.039860660350223,1.8732962295359896,52.59636826757931,False,False,-0.210347643144857,False,False,False
198780,0.0401105787403794,1.76041161011074,52.40935042676463,False,False,-0.5153474182360611,False,False,False
198840,0.0408699636961187,1.82517615662318,51.81046779191408,False,False,-0.5364983248261836,False,False,False
198900,0.0406905205909633,1.7548397233223805,52.29856435987396,False,False,-0.6704161514804383,False,False,False
198960,0.039870623197567,1.841014822271214,52.68728729734927,False,False,-0.4842739647381933,False,False,False
199020,0.0394640039224974,1.744591571949709,52.146249029127794,False,False,-0.467082395932124,False,False,False
199080,0.0409082197853225,1.802118308099135,52.23557171335087,False,False,-0.4427949502013888,False,False,False
199140,0.0406191129447278,1.8028539707329232,52.31353953774753,False,False,-0.5753952221456302,False,False,False
199200,0.0387149945453636,1.925701488167036,53.458217285498975,False,False,-0.535145499436652,False,False,False
199260,0.0397494768488733,1.834042965550929,51.48765780569527,False,False,-0.5287036581643889,False,False,False
199320,0.0401324123696134,1.7679831832262192,52.657733578164695,False,False,-0.2140909975817067,False,False,False
199380,0.0406230637736968,1.836992644037128,52.28247204442855,False,False,-0.028040024169200706,False,False,False
199440,0.0407280811959518,1.9154614214062011,52.09104378320698,False,False,0.22510850580320607,False,False,False
199500,0.0402271248009403,1.7119996511138482,52.27466303828363,False,False,0.21464032775979547,False,False,False
199560,0.040468198025087,1.7545059697012888,52.749518668182034,False,False,0.1745781963041253,False,False,False
199620,0.0400513094419025,1.7872075318078822,52.78032199767918,False,False,0.3169974832370741,False,False,False
199680,0.0394609186494555,1.7774772357343347,52.51329841628984,False,False,0.2139832069412364,False,False,False
199740,0.039790988487167,1.7820311382901868,52.968890167704345,False,False,0.3105056616851982,False,False,False
199800,0.040015192949312,1.7295714576579648,53.05916566142989,False,False,0.5516747959409685,False,False,False
199860,0.0399722565999851,1.8758136268917007,52.83516678925847,False,False,0.6075641679849753,False,False,False
199920,0.0384915416764452,1.7231791356822626,52.15611224711312,False,False,0.4344472767028691,False,False,False
199980,0.0396820133320564,1.7891885082803851,52.67865890169674,False,False,-0.04581458337699473,False,False,False
200040,0.0400449645224713,1.8564748519550776,52.68326811106315,False,False,-0.2011205487833223,False,False,False
200100,0.0397749040064754,1.798370017714124,52.02808171907416,False,False,-0.2269960992038591,False,False,False
200160,0.0398025409635907,1.7471127149872503,51.65340764327387,False,False,-0.6646656115957512,False,False,False
200220,0.0403903930966436,1.7271715145558064,51.4289689340173,False,False,-0.5038712335119442,False,False,False
200280,0.039136834250361,1.7875800434144995,52.47751414416421,False,False,-0.4487256643161288,False,False,False
200340,0.038697566228839,1.7591204034440748,52.59383591094517,False,False,-0.33735245221107846,False,False,False
200400,0.0397214641673306,1.8110824789519608,51.85615491908906,False,False,-0.2462423383521184,False,False,False
200460,0.0406112915244014,1.7243216380228945,52.972291528594525,False,False,-0.331544443447612,False,False,False
200520,0.0413500424315893,1.8439039297919315,52.527614091370616,False,False,-0.28437663178627304,False,False,False
200580,0.0406257025912757,1.806239674250881,53.12846097858365,False,False,0.20766146421995302,False,False,False
200640,0.0388253889921049,1.8102511652950335,52.641232260521335,False,False,0.18979398404094638,False,False,False
200700,0.0398141062084985,1.877818146024961,51.92502719399353,False,False,0.14564417298058174,False,False,False
200760,0.0402053075048652,1.7763590430879193,52.68956424098175,False,False,0.2011896978100225,False,False,False
200820,0.0401420728935388,1.760805898484406,52.797708636176296,False,False,0.1388222017237979,False,False,False
200880,0.0404314436423543,1.7704207640692688,52.19107115020031,False,False,0.2278753997903067,False,False,False
200940,0.0392663608428313,1.789603565245744,51.74606609889244,False,False,0.08204745553045711,False,False,False
201000,0.0400519544700406,1.7950878956812684,52.51949028410425,False,False,0.16579808973000354,False,False,False
201060,0.0403362582638209,1.7551423222235043,51.97114958869642,False,False,0.06925515329122334,False,False,False
201120,0.0406605367626429,1.690753396336215,53.034245392288646,False,False,0.02891962701733064,False,False,False
201180,0.0393554254667097,1.769709833952532,52.272442874948354,False,False,-0.017507463362903763,False,False,False
201240,0.0397238745062056,1.819430585979492,53.34056142281187,False,False,-0.10286156814359515,False,False,False
201300,0.0378369458559413,1.8073579485376887,51.41841119020936,False,False,-0.10118317915953412,False,False,False
201360,0.0395028304259377,1.8647759413705949,52.55011798044493,False,False,-0.06724672340564553,False,False,False
201420,0.0395804680856231,1.9055962733740448,53.19964615282658,False,False,-0.30058151199477834,False,False,False
201480,0.039184332393466,1.8410040236587573,52.04202732923584,False,False,-0.2834244391720091,False,False,False
201540,0.0401324897201861,1.874656114690044,52.40980867376953,False,False,-0.4470269938757667,False,False,False
201600,0.0399552436543637,1.8414058117822083,52.290120938804606,False,False,-0.7445695394222156,False,False,False
201660,0.0381926288979379,1.8923345598200787,52.15198462931405,False,False,-0.4267786762528516,False,False,False
201720,0.0401724063754414,1.8999460962517285,52.6184094253509,False,False,-0.23808609401724823,False,False,False
201780,0.0392573406953687,1.8513629192220624,51.85061695869777,False,False,-0.20631585648645512,False,False,False
201840,0.0403885511673524,1.838144527906928,52.44507302293578,False,False,-0.002650721805309786,False,False,False
201900,0.038974519001817,1.788917462715382,52.76078418684674,False,False,0.16576522807807237,False,False,False
201960,0.0400240052308247,1.797767786827949,52.3974698667147,False,False,0.3470115396593769,False,False,False
202020,0.0397734693368908,1.7817567841070858,52.00714427681871,False,False,0.2630119083122793,False,False,False
202080,0.0402424815079602,1.833547586988333,53.02456873051591,False,False,0.07351614255709649,False,False,False
202140,0.040099757822121,1.7611012059825952,52.87683416642715,False,False,0.17208451263550728,False,False,False
202200,0.0397958686599828,1.789680264671885,51.99334175437042,False,False,0.22360515958025928,False,False,False
202260,0.0387709821487646,1.672820826200372,51.86911121191459,False,False,0.276084220879639,False,False,False
202320,0.0388182336292311,1.8930468543177157,52.04243244083251,False,False,0.06220655947878129,False,False,False
202380,0.0395328904487262,1.7880943725403389,52.79326088597661,False,False,-0.1995350758973018,False,False,False
202440,0.0399933760928563,1.8246013436161752,52.66064040711784,False,False,-0.14892105931608057,False,False,False
202500,0.0395134016422407,1.878720481514416,52.92012496826299,False,False,-0.1032783356051965,False,False,False
202560,0.0405001695444635,1.816215845621824,52.36423815741839,False,False,-0.10871257708531346,False,False,False
202620,0.0397766232646306,1.8779945599130452,52.06717580209722,False,False,0.07039339229213226,False,False,False
202680,0.0392279898201763,1.732946158143826,52.991195819458085,False,False,0.011737840082759021,False,False,False
202740,0.0397775229656096,1.929458335838276,52.257277972928826,False,False,0.23381308516241006,False,False,False
202800,0.0401806878690532,1.8587039507183931,52.62950591198496,False,False,-0.0007781850518284728,False,False,False
202860,0.0402599077750596,1.8112969345942789,51.76349911890385,False,False,0.10744643541274002,False,False,False
202920,0.0415027033055945,1.876954283961774,52.255785980703706,False,False,-0.060691951486546714,False,False,False
202980,0.0394648725279972,1.7368937161565738,53.04761900773944,False,False,-0.10008588822375941,False,False,False
203040,0.0399412170707276,1.7844147965464474,52.18701321833731,False,False,-0.1748379286530053,False,False,False
203100,0.0403408991574555,1.8779895214057285,52.95463206680156,False,False,-0.07352825314191591,False,False,False
203160,0.0399812616326393,1.699178750231672,51.38409996238528,False,False,-0.15875616886168586,False,False,False
203220,0.039599505483209,1.8302647198477755,52.27214363506136,False,False,0.03162794527818846,False,False,False
203280,0.0387605942589246,1.8287375126316383,52.46839179634744,False,False,0.28192866803000527,False,False,False
203340,0.0395913323527575,1.9063381941083968,53.427568925361285,False,False,0.197664563268674,False,False,False
203400,0.0391410380698257,1.714520407334999,51.97399698808642,False,False,0.41549661384074454,False,False,False
203460,0.0386187146551009,1.8869200770797083,52.89625473022076,False,False,0.08419381855645724,False,False,False
203520,0.0393634569266635,1.7697885798699593,53.091453627525176,False,False,0.20413622300918632,False,False,False
203580,0.0391623266233868,1.77586148916476,52.20447256768222,False,False,0.45752475179605767,False,False,False
203640,0.0404670292362343,1.7340117631041712,52.38068507132157,False,False,0.41022244902964644,False,False,False
203700,0.0404808734699314,1.741255989976786,52.64049108701744,False,False,0.19928811005745217,False,False,False
203760,0.0392768965683353,1.821790206762512,51.83116387091879,False,False,0.3643344148045742,False,False,False
203820,0.0397918170955495,1.7399340766018068,52.346584402987936,False,False,0.36957631373053346,False,False,False
203880,0.0385134058703099,1.8399753540172572,53.21442168379539,False,False,0.441628377869435,False,False,False
203940,0.0396045280398538,1.7641998334636333,52.83992272315796,False,False,0.4069488807362376,False,False,False
204000,0.0403191855205618,1.7344961744841731,52.5024493273877,False,False,0.35000569284632377,False,False,False
204060,0.0406599503116912,1.7714983060965657,52.63959080745113,False,False,0.4619060623169844,False,False,False
204120,0.0394295623346469,1.8181821883548408,52.87573696370134,False,False,0.752795029823119,False,False,False
204180,0.040841483888422,1.785022923855725,52.973719009295074,False,False,0.8584841177959959,False,False,False
204240,0.0387874464627892,1.8018473463899711,52.31153651605404,False,False,0.6577108181354561,False,False,False
204300,0.0390018977606849,1.8375952029391485,53.35933371578699,False,False,0.6317934938787602,False,False,False
204360,0.0405677294925103,1.8584507583873155,53.25237699915306,False,False,0.49203472045164176,False,False,False
204420,0.0413368969828506,1.7832548533361707,52.935061368130896,False,False,0.5123857214417313,False,False,False
204480,0.0403947455905469,1.7436120111588875,52.17718227443492,False,False,0.23923459916575496,False,False,False
204540,0.0399677260907727,1.804109101861816,52.09077990837613,False,False,0.16505058218380952,False,False,False
204600,0.0382438530027822,1.82541507764962,52.4398196178667,False,False,0.44862296986983097,False,False,False
204660,0.0383820423551652,1.7211208334775148,52.63573371939077,False,False,0.3503561786243665,False,False,False
204720,0.0401035276295166,1.7519071519615903,51.72333489219261,False,False,0.3516030260372389,False,False,False
204780,0.039713549864343,1.7611639076180012,52.85715704614832,False,False,0.16790266547617705,False,False,False
204840,0.0391153318542783,1.7887776018090995,53.2557712657035,False,False,0.3912039999074466,False,False,False
204900,0.040052426064664,1.7589041692041536,52.90250685809827,False,False,0.24829713737130987,False,False,False
204960,0.0400921050940062,1.838180199155233,52.27847304118429,False,False,0.4608227280433965,False,False,False
205020,0.0407555326948322,1.7133228071212454,52.22152739828972,False,False,0.29282654208327585,False,False,False
205080,0.0401092818264101,1.714695190351501,52.77088492348058,False,False,0.41619056097150064,False,False,False
205140,0.0409827154946675,1.781970004178381,52.54653654812801,False,False,0.42659750154260223,False,False,False
205200,0.040006395223639,1.790514748576448,52.84693864732863,False,False,0.2857381081529695,False,False,False
205260,0.0399077320041541,1.7214492308656624,52.928508400907056,False,False,0.2590306985376998,False,False,False
205320,0.0408514497489977,1.7672355624970315,53.175822633455134,False,False,0.23181900152502521,False,False,False
205380,0.0392172472959668,1.7783436338593692,52.06604530894661,False,False,0.3872713817537772,False,False,False
205440,0.0422515579626129,1.7787619108608042,52.74514615173959,False,False,0.3098520659590065,False,False,False
205500,0.0403002059825333,1.8082016000976215,52.45482883023784,False,False,0.5870153517790158,False,False,False
205560,0.0403046634022701,1.7642747402411276,52.58947846465439,False,False,0.48403910033712805,False,False,False
205620,0.040420076779178,1.8798031602004468,53.073230067360015,False,False,0.4686573773620353,False,False,False
205680,0.0415017091802653,1.826363050545613,53.12981823195483,False,False,0.3817831190994241,False,False,False
205740,0.040634005929338,1.756415869885369,53.344706775024605,False,False,0.17212998223746467,False,False,False
205800,0.0387159552167968,1.805103620641849,52.86050972942048,False,False,0.3022306118030684,False,False,False
205860,0.041122776307814,1.8066968272047028,52.594935863262016,False,False,0.1670790538738487,False,False,False
205920,0.0397272827364439,1.86559495962288,52.52573467831829,False,False,-0.05225105257204632,False,False,False
205980,0.0400857240582714,1.7675793488385172,51.78702606624972,False,False,-0.18402836948612844,False,False,False
206040,0.0389765968222597,1.841436289676911,53.32650074429991,False,False,-0.1939653170170459,False,False,False
206100,0.0404209616144991,1.802260141692254,52.49791366936135,False,False,-0.27185644953786436,False,False,False
206160,0.0394789005679459,1.8805445918882333,52.9140410606592,False,False,-0.14272823315782546,False,False,False
206220,0.0400801357103947,1.869708138442528,53.002820447932535,False,False,-0.09745227609467122,False,False,False
206280,0.0397727207957113,1.8106368824480004,52.04289408493981,False,False,0.10471672752939298,False,False,False
206340,0.0415400102413886,1.7858367384651328,52.20610829763864,False,False,0.29332922809260253,False,False,False
206400,0.0415858082401164,1.8273567191226907,53.44352110179977,False,False,0.08359177296325981,False,False,False
206460,0.0400372105361717,1.790255698535133,52.81745856051735,False,False,0.30503774266011874,False,False,False
206520,0.040051182169095,1.89073658372283,52.3841776249299,False,False,0.3070799608367736,False,False,False
206580,0.0397012456269203,1.8042373842215589,52.61352660591895,False,False,0.5497747954050709,False,False,False
206640,0.0408848050332022,1.7780952978443068,53.22204821830271,False,False,0.6566399284079694,False,False,False
206700,0.0397368641037332,1.775180785352008,53.148316660157,False,False,0.6470350235765352,False,False,False
206760,0.0396629301802834,1.7344960783992698,51.9503481935736,False,False,0.2961962914770453,False,False,False
206820,0.0407828742909319,1.8300541929170395,53.502760650932935,False,False,0.3184579764186708,False,False,False
206880,0.0395693607237466,1.755719395057467,53.1709223989999,False,False,0.13812105343261294,False,False,False
206940,0.0399697959724411,1.8593000056181384,52.613840413233326,False,False,0.16765757298507822,False,False,False
207000,0.0387349513747912,1.730181507083915,52.096446470764334,False,False,0.14241040656585824,False,False,False
207060,0.0405633522760985,1.806871038244556,53.22154166674172,False,False,0.4555911672509154,False,False,False
207120,0.0415526935513455,1.8621120829588624,52.93498075126214,False,False,0.5461077433294292,False,False,False
207180,0.0405769802982398,1.6837786585103236,51.97009746647951,False,False,0.14260107452174964,False,False,False
207240,0.0411694393340378,1.908986339364778,52.58518727224278,False,False,-0.12219074399646956,False,False,False
207300,0.0393231182910581,1.777034599351302,54.266542435721774,False,False,-0.08490805729155682,False,False,False
207360,0.0401890594256225,1.807619150636756,52.71393649743631,False,False,0.12078522836361572,False,False,False
207420,0.0392454720605044,1.8308582581778825,52.33692997596484,False,False,0.2273020920854094,False,False,False
207480,0.0398177875635349,1.83921096903024,52.20589661488292,False,False,0.33895477029966514,False,False,False
207540,0.040617769181882,1.814789732666023,53.598424073654506,False,False,0.6703996889872315,False,False,False
207600,0.0400814564904826,1.853858767520144,53.13848398113221,False,False,0.49696384786334136,False,False,False
207660,0.038869887181919,1.828029818497778,53.42055344770554,False,False,0.1964479926580367,False,False,False
207720,0.0389479767155698,1.8950875815617445,52.84315618719658,False,False,0.1630499580200393,False,False,False
207780,0.0388950688548073,1.8282056873141483,53.348302817220464,False,False,0.3940329433337695,False,False,False
207840,0.0403931620719516,1.9060903180736868,52.299362659183686,False,False,0.7486110480886055,False,False,False
207900,0.0416511156285253,1.8486582573728332,52.80704799881873,False,False,0.7410289798563667,False,False,False
207960,0.0410899665952001,1.702489493208514,52.871508920251145,False,False,0.5505174491219123,False,False,False
208020,0.0384832118406831,1.940999544632944,53.42143528310595,False,False,0.20208698684022863,False,False,False
208080,0.0411368607504558,1.7689854181422302,52.89186299164213,False,False,-0.022057695411191958,False,False,False
208140,0.0407491203336117,1.8807593768208937,52.421915255107365,False,False,-0.22516628106036762,False,False,False
208200,0.038763760043577,1.8014468459284496,52.76893769983923,False,False,-0.15245881672962014,False,False,False
208260,0.0397574387066316,1.8572988739105396,51.90092383355249,False,False,-0.3204809340711279,False,False,False
208320,0.0408764179291966,1.7628221388132472,51.58087572255104,False,False,-0.06889373540751365,False,False,False
208380,0.0404403468087478,1.8337902053268376,53.15926042864389,False,False,-0.16296612188349968,False,False,False
208440,0.0389527239580896,1.786327710548702,52.558447454840135,False,False,-0.3625479844196917,False,False,False
208500,0.0404885937246369,1.885266168025854,52.61734040290675,False,False,-0.18427664153608703,False,False,False
208560,0.0382899995231355,1.8236880810405185,53.16575204648375,False,False,0.1334591229918516,False,False,False
208620,0.0398217422593942,1.8505409026302848,53.45101355372631,False,False,0.25496447715811144,False,False,False
208680,0.04091036541552,1.6831398489404543,53.02198199302137,False,False,0.4053989162762974,False,False,False
208740,0.040014715372457,1.7953790752914145,53.72100408512006,False,False,0.3268603597471156,False,False,False
208800,0.0396008499600304,1.822169788293148,53.01054189144335,False,False,0.5917661069608755,False,False,False
208860,0.0407114770030178,1.812075204947744,52.91253371060828,False,False,0.15417538855156465,False,False,False
208920,0.0407798014520692,1.851902489540764,52.88385104447415,False,False,-0.135802917078081,False,False,False
208980,0.0410480317542935,1.7802411707625776,52.12313850655861,False,False,-0.035585476725032095,False,False,False
209040,0.0406994739427571,1.80263450367187,53.24611524484904,False,False,0.029453961081415514,False,False,False
209100,0.0408650998351497,1.8637862452784093,51.54761258642491,False,False,-0.40098633752478463,False,False,False
209160,0.04058632684595,1.6769507938139507,52.47944882219823,False,False,-0.47126588757419086,False,False,False
209220,0.0402124229192931,1.8318249270884703,52.78627008052349,False,False,-0.4264278927396674,False,False,False
209280,0.040071607199811,1.7819702193963485,52.38215339793658,False,False,-0.4962253214505381,False,False,False
209340,0.039810192224722,1.7507348212741043,52.55338625251041,False,False,-0.685814177675482,False,False,False
209400,0.0390301053655522,1.818173388110903,53.701181651564006,False,False,-0.8474902016757113,False,False,False
209460,0.0392357507929441,1.8662823700276676,53.33573546574479,False,False,-0.23608602488583585,False,False,False
209520,0.0397743884144518,1.8561137669001455,52.44303933685416,False,False,-0.229490159955148,False,False,False
209580,0.0401931617276819,1.792703896331042,52.55339957617491,False,False,-0.6408715947224408,False,False,False
209640,0.0411526500784034,1.8472900120430915,52.151910511788735,False,False,-0.6845509697448051,False,False,False
209700,0.0399665622176995,1.846875666516076,53.145139033471295,False,False,-0.35571641656076736,False,False,False
209760,0.0408027810327021,1.795281951393369,52.67000056966656,False,False,-0.36497131080024303,False,False,False
209820,0.0408634525251457,1.7625736501926368,51.81386821382809,False,False,-0.17432394719835997,False,False,False
209880,0.0398148425618489,1.7656973623193943,52.84972289958396,False,False,0.11390710633990864,False,False,False
209940,0.0404757521690961,1.8452440808388797,53.021050199883405,False,False,0.4017580120085569,False,False,False
210000,0.0398051775666201,1.797724072059515,53.2853608990736,False,False,0.4827593721495447,False,False,False
210060,0.0410577087152627,1.7435061601345485,52.76934266960125,False,False,0.5266170046982523,False,False,False
210120,0.0405086746706127,1.7090174068825073,52.621914139900014,False,False,0.44324796896228236,False,False,False
210180,0.0390476129962493,1.8449188984132048,53.80361171594153,False,False,0.7074292358983882,False,False,False
210240,0.040129219721723,1.770473965197732,52.81600210815012,False,False,0.5302234860082677,False,False,False
210300,0.0413184897294591,1.817840938805423,53.17471960030287,False,False,0.18476038588082133,False,False,False
210360,0.0398550151723626,1.8669441729817329,52.54739851721934,False,False,-0.07624266489298748,False,False,False
210420,0.040358172024076,1.7293180782499118,53.16435281912895,False,False,-0.32726718422627243,False,False,False
210480,0.0404367030701913,1.7975625814523064,52.09381315151256,False,False,-0.4210888195020317,False,False,False
210540,0.0391707016806683,1.790782516104181,52.59282352925885,False,False,-0.46926418325715247,False,False,False
210600,0.0404085663593708,1.82050611528391,52.22194983680871,False,False,-0.5311714355143522,False,False,False
210660,0.0388849318783723,1.8669146399147036,52.52582994999057,False,False,-0.2329962283649536,False,False,False
210720,0.0394995007148788,1.72820960200823,53.4557812854444,False,False,-0.04008004172339952,False,False,False
210780,0.0408605783739953,1.8307690892301116,52.52661297508059,False,False,0.12771370706634855,False,False,False
210840,0.0402854050322466,1.85570228384966,53.19413363687305,False,False,0.4588102299446888,False,False,False
210900,0.0397564177538027,1.789935638546334,53.5958678195681,False,False,0.7546435529039854,False,False,False
210960,0.0403571688169961,1.7925778623837714,52.82567622614148,False,False,0.8168338925612915,False,False,False
211020,0.0399519262017959,1.8225962659251855,53.33857808987485,False,False,0.9811439915272615,False,False,False
211080,0.0400100628018814,1.8186201222060483,53.10946717081961,False,False,0.8849917465844044,False,False,False
211140,0.0405254548213761,1.8314470407978247,52.90437231144561,False,False,0.7687113403810599,False,False,False
211200,0.0394181058074726,1.8303091484256655,53.223541295215874,False,False,0.8183945286873211,False,False,False
211260,0.0400322691244437,1.7469734954967548,53.770582199956905,False,False,0.4510648268531128,False,False,False
211320,0.0397501854443146,1.853474390876067,52.53420835311027,False,False,0.5331082798397659,False,False,False
211380,0.0387315173003198,1.863006290758273,52.37547201368008,False,False,0.5789675581469282,False,False,False
211440,0.0392636353950005,1.810048476259276,52.34834484534401,False,False,0.22320301586682945,False,False,False
211500,0.041254565157651,1.719315613446318,53.35674575744353,False,False,0.05501016814868365,False,False,False
211560,0.0403077786516681,1.7938037318759952,53.426445238543,False,False,0.1223874863028982,False,False,False
211620,0.0389411293588788,1.8104979173547908,52.59547261471542,False,False,0.04945923144130404,False,False,False
211680,0.0387677164993212,1.738191587159512,51.79821396106628,False,False,0.09990524556565106,False,False,False
211740,0.0399102688799115,1.7805525445668413,52.53107202022798,False,False,-0.10209222539049279,False,False,False
211800,0.0412489492265411,1.7238940530718387,53.144607133496585,False,False,-0.027250868819137963,False,False,False
211860,0.0398505934921565,1.832793780149268,52.83954812950524,False,False,-0.09383129017651015,False,False,False
211920,0.0410455996427232,1.8089615870047109,52.96531322677791,False,False,-0.11914198595636094,False,False,False
211980,0.0402815446166549,1.7111277091000308,52.615696798666,False,False,-0.3151693365733479,False,False,False
212040,0.0403770003662767,1.818979102525427,53.38664322456224,False,False,0.10651009315309068,False,False,False
212100,0.0389314235925563,1.7969485168409245,53.05342421748825,False,False,0.3099475788955317,False,False,False
212160,0.0407500183373998,1.8278863712687377,53.1772897071964,False,False,0.3794962195613749,False,False,False
212220,0.0397320543701811,1.778857248577207,52.965820466931405,False,False,0.47663669572644096,False,False,False
212280,0.0406904739628887,1.7567201123598768,53.15070136162705,False,False,0.3754386179438143,False,False,False
212340,0.0393486640144111,1.7583743901712785,53.12003277831568,False,False,0.8031462633701665,False,False,False
212400,0.0401416394780079,1.7709388083063862,52.42893927456088,False,False,0.6721810687901382,False,False,False
212460,0.0402816023631501,1.8010165552153763,53.0817377907199,False,False,0.4615665016956001,False,False,False
212520,0.0398767733467393,1.8079897571329389,53.29318998340916,False,False,0.2705921885245033,False,False,False
212580,0.0403236361544689,1.7897011265983624,53.477236284936886,False,False,0.18078506675449546,False,False,False
212640,0.0397868823398459,1.777140744354188,53.10994878038489,False,False,-0.05137685384720214,False,False,False
212700,0.0394807521975669,1.781024223527704,52.42149960128083,False,False,-0.16730808042625256,False,False,False
212760,0.0412843867062351,1.9354171384173744,52.50069585026316,False,False,-0.3827328070500897,False,False,False
212820,0.0408391622930891,1.7583808418190967,52.69101012882727,False,False,-0.7775022612052425,False,False,False
212880,0.0393913082039614,1.7698695115385057,53.00554577792557,False,False,-0.8777313606165649,False,False,False
212940,0.0404547554444756,1.97786812185188,52.85192542760707,False,False,-1.270505498535627,False,False,False
213000,0.039405856916239,1.82273471833287,52.35340709984898,False,False,-1.1516773285465831,False,False,False
213060,0.0390522522850701,1.7254810440412005,52.35264276991048,False,False,-0.7708455179270572,False,False,False
213120,0.0408270475531191,1.8455051090147725,51.87047155401823,False,False,-0.6257303262636924,False,False,False
213180,0.038636720299482,1.750857899983138,51.36222463394113,False,False,-0.5269582555116585,False,False,False
213240,0.0407414847308612,1.8490893214214752,52.85830083880125,False,False,-0.2642043658284763,False,False,False
213300,0.0397978221499415,1.7886080369139832,54.0865365922537,False,False,-0.3193193396520684,False,False,False
213360,0.0398307627175355,1.776251024127572,53.82704082098156,False,False,-0.31791094502379735,False,False,False
213420,0.0403278009756986,1.8868949083166893,52.441765007427925,False,False,-0.13402007845787978,False,False,False
213480,0.0404649590495954,1.8305856730435992,53.00806201658828,False,False,-0.028479435337771974,False,False,False
213540,0.0393389254585368,1.852541429622257,52.20305026727146,False,False,0.22163644783779546,False,False,False
213600,0.040574180487,1.8234856626940767,52.281514911271046,False,False,0.056884460177457186,False,False,False
213660,0.0400906964304201,1.7759999957151726,52.34106303228849,False,False,-0.04369332156821315,False,False,False
213720,0.0389951561657055,1.8330131386939432,52.82927964328633,False,False,-0.20276895121041605,False,False,False
213780,0.0398641004131362,1.865297631204961,52.85302883480482,False,False,-0.17093587456793102,False,False,False
213840,0.0411050232124471,1.807275854349948,53.07283927971781,False,False,-0.5613456262810388,False,False,False
213900,0.0413412758385965,1.8972887006347117,53.28032614357009,False,False,-0.6626702205121404,False,False,False
213960,0.0405738787660869,1.8459263089729032,52.782507141423935,False,False,-0.5337636214368899,False,False,False
214020,0.0390477252094653,1.8114470576876671,52.9712782428564,False,False,-0.39307020499681755,False,False,False
214080,0.0403924855219647,1.813580272674962,52.40850065858354,False,False,-0.4654271638805767,False,False,False
214140,0.0406806887230873,1.807410804964252,52.28538805420363,False,False,-0.8021418175888613,False,False,False
214200,0.0405805663866549,1.7324331055778706,52.21038004771163,False,False,-0.7739227122953025,False,False,False
214260,0.0406279634309503,1.7951361014263354,53.28671977570347,False,False,-0.8342822523957096,False,False,False
214320,0.040290610463398,1.811944070208423,52.7953716054988,False,False,-0.49477819796511824,False,False,False
214380,0.0399420701289355,1.7775314034516074,52.03099505253429,False,False,-0.4968591907620805,False,False,False
214440,0.0395133060032767,1.8182345590100533,52.93724036200825,False,False,-0.28583691596372773,False,False,False
214500,0.0384816515851988,1.801150604479176,52.34660382686058,False,False,0.015589868149348263,False,False,False
214560,0.0402717134133706,1.8417793621193332,53.80343355664368,False,False,0.08956000124798891,False,False,False
214620,0.0401488422749217,1.8358080685775493,52.68606294076735,False,False,0.18251824585965437,False,False,False
214680,0.0404460606742598,1.8090262775295816,53.31845644887388,False,False,0.5606588154925873,False,False,False
214740,0.0389299650453656,1.7261705038696922,53.52441462406039,False,False,1.1867870980223358,False,False,False
214800,0.040516013351452,1.8966990278887832,52.50469853849294,False,False,1.2839949663455599,False,False,False
214860,0.0416436360756966,1.7923378860771584,53.022415977952384,False,False,0.947366070780788,False,False,False
214920,0.0400627601046223,1.7956321315004629,53.26335602427267,False,False,0.575922125518403,False,False,False
214980,0.0399506677446347,1.7815038741702331,53.04662481418722,False,False,0.6394962113468097,False,False,False
215040,0.0402472018848685,1.7736257705724612,53.17163176204064,False,False,0.6102467961679139,False,False,False
215100,0.0416258696197682,1.8833791345920283,52.32849634000972,False,False,0.6248988171598171,False,False,False
215160,0.03918108179064,1.8748463933008483,53.27255880105013,False,False,0.7503025124232181,False,False,False
215220,0.0401625655467151,1.8239972437931944,52.75468824851008,False,False,0.7474459512349654,False,False,False
215280,0.0393602740621618,1.794194991660741,53.17472561164207,False,False,0.4684743063243815,False,False,False
